Time,Voltage,Current,Vibration,Temperature,Health Status
13:10:41,236.5785298,3.02,1.09,46.19,Healthy
13:10:43,236.1760895,2.85,0.88,46.25,Healthy
13:10:46,236.7717011,3.57,0.92,46.25,Healthy
13:10:49,237.6087768,2.86,1.2,46.25,Healthy
13:10:52,238.0353635,2.89,1.18,46.25,Healthy
13:10:54,237.0856045,3.58,0.86,46.25,Healthy
13:10:57,235.121696,2.9,0.96,46.25,Healthy
13:11:00,236.031211,2.89,1.22,46.25,Healthy
13:11:03,236.4658465,3.53,0.97,46.38,Healthy
13:11:06,236.9326772,3.57,1,46.38,Healthy
13:11:08,237.7938994,3.58,1.2,46.44,Healthy
13:11:11,237.2546294,2.86,1.09,46.44,Healthy
13:11:14,236.610725,2.83,0.95,46.5,Healthy
13:11:17,235.000964,3.55,0.88,46.56,Healthy
13:11:19,235.2102329,3.55,1.15,46.56,Healthy
13:11:22,235.4436483,3.58,1.01,46.63,Healthy
13:11:25,235.2504769,3.53,0.81,46.69,Healthy
13:11:28,235.6770636,3.54,0.98,46.69,Healthy
13:11:30,237.600728,2.84,1.24,46.69,Healthy
13:11:33,233.5682767,3.51,1.09,46.75,Healthy
13:11:36,234.2604739,3.51,0.89,46.81,Healthy
13:11:39,234.2846203,3.52,1.12,46.81,Healthy
13:11:41,236.610725,3.57,1.12,46.88,Healthy
13:11:44,236.3934073,3.56,0.85,46.88,Healthy
13:11:47,237.3834103,3.52,0.93,46.88,Healthy
13:11:50,237.6409721,3.46,1.11,46.94,Healthy
13:11:52,237.9387778,3.57,1.21,47,Healthy
13:11:55,236.8038963,3.56,0.97,47,Healthy
13:11:58,236.3773096,2.84,0.96,47,Healthy
13:12:01,236.3451144,2.83,1.06,47.06,Healthy
13:12:03,235.4758435,3.51,1.14,47.13,Healthy
13:12:06,234.4053524,3.49,0.95,47.19,Healthy
13:12:09,235.9185278,3.49,0.77,47.19,Healthy
13:12:12,237.809997,3.56,1.13,47.25,Healthy
13:12:14,235.6126732,3.55,1.11,47.25,Healthy
13:12:17,236.0392598,3.53,0.8,47.25,Healthy
13:12:20,235.660966,3.58,1.11,47.25,Healthy
13:12:23,237.3753615,3.52,1.19,47.31,Healthy
13:12:25,237.4558495,3.53,0.98,47.38,Healthy
13:12:28,235.8541373,3.55,0.88,47.38,Healthy
13:12:31,233.4394958,3.49,1.08,47.38,Healthy
13:12:34,235.1297449,3.5,1.15,47.44,Healthy
13:12:36,235.3068186,3.5,0.83,47.5,Healthy
13:12:39,238.9770737,2.89,1.01,47.5,Healthy
13:12:42,234.9687687,2.77,1.13,47.56,Healthy
13:12:45,237.5926792,3.52,0.88,47.63,Healthy
13:12:47,237.6409721,3.55,0.87,47.69,Healthy
13:12:50,237.270727,3.51,1.06,47.75,Healthy
13:12:53,237.0373117,3.48,1.19,47.75,Healthy
13:12:56,236.5865786,3.5,1,47.75,Healthy
13:12:58,235.0975496,3.5,0.85,47.75,Healthy
13:13:01,235.3390138,3.47,1.05,47.75,Healthy
13:13:04,235.2102329,3.54,1.1,47.69,Healthy
13:13:07,234.8721831,3.51,0.9,47.69,Healthy
13:13:09,234.9043783,3.46,0.8,47.69,Healthy
13:13:12,235.1297449,3.52,1.16,47.69,Healthy
13:13:15,235.5482827,3.41,1.15,47.75,Healthy
13:13:18,236.2082847,3.47,0.93,47.75,Healthy
13:13:21,235.7897469,3.46,0.93,47.75,Healthy
13:13:23,235.3953554,3.53,1.17,47.81,Healthy
13:13:26,232.8599818,3.49,1.18,47.81,Healthy
13:13:29,234.2202299,3.57,0.86,47.81,Healthy
13:13:32,234.2846203,3.54,0.87,47.88,Healthy
13:13:34,234.9687687,3.47,1.21,47.88,Healthy
13:13:37,235.2665745,3.52,1.05,47.88,Healthy
13:13:40,235.4436483,3.57,0.92,47.94,Healthy
13:13:43,232.8197378,2.96,0.84,47.88,Healthy
13:13:45,235.8702349,2.83,1.01,47.94,Healthy
13:13:48,235.7173076,3.52,1.19,48,Healthy
13:13:51,236.1841383,3.52,1.07,48,Healthy
13:13:54,237.7778017,3.5,0.89,48.06,Healthy
13:13:56,237.5121912,3.5,0.97,48.06,Healthy
13:13:59,237.1741414,3.51,1.15,48.06,Healthy
13:14:02,237.5041424,3.55,1.2,48.19,Healthy
13:14:05,236.0956015,3.53,0.99,48.19,Healthy
13:14:07,236.2082847,3.53,0.9,48.25,Healthy
13:14:10,236.4336513,3.51,1.05,48.25,Healthy
13:14:13,236.3129192,3.52,1.18,48.31,Healthy
13:14:16,236.1036503,3.52,1.02,48.31,Healthy
13:14:18,236.6429202,3.53,0.79,48.31,Healthy
13:14:21,236.3129192,3.51,0.93,48.31,Healthy
13:14:24,235.5643803,3.56,1.14,48.38,Healthy
13:14:27,235.5482827,3.46,1.16,48.38,Healthy
13:14:29,235.7897469,3.59,0.89,48.38,Healthy
13:14:32,235.6448684,3.47,0.88,48.38,Healthy
13:14:35,236.1197479,3.56,1.14,48.38,Healthy
13:14:38,237.2868246,3.52,1.23,48.44,Healthy
13:14:40,237.0534093,3.57,0.93,48.38,Healthy
13:14:43,237.7214601,3.47,0.91,48.38,Healthy
13:14:46,236.9890188,3.5,1.02,48.44,Healthy
13:14:49,237.1660926,3.55,1.21,48.44,Healthy
13:14:51,237.0775557,3.46,1.06,48.44,Healthy
13:14:54,237.2546294,3.5,0.96,48.5,Healthy
13:14:57,236.6026762,3.48,1.03,48.5,Healthy
13:15:00,235.6448684,3.5,1.2,48.5,Healthy
13:15:02,235.7575517,3.48,1.03,48.56,Healthy
13:15:05,235.990967,3.54,0.93,48.63,Healthy
13:15:08,236.0875527,3.5,0.95,48.63,Healthy
13:15:11,235.6690148,3.54,1.13,48.69,Healthy
13:15:14,235.4597459,3.52,1.1,48.69,Healthy
13:15:16,235.3953554,2.93,0.89,48.63,Healthy
13:15:19,235.2021841,2.78,0.85,48.75,Healthy
13:15:22,235.4758435,3.59,1.14,48.81,Healthy
13:15:25,236.2082847,3.58,1.04,48.88,Healthy
13:15:27,235.7816981,3.54,0.88,48.88,Healthy
13:15:30,235.2746233,3.53,0.79,48.88,Healthy
13:15:33,235.6690148,3.54,1.15,48.94,Healthy
13:15:36,235.6770636,3.51,1.14,48.94,Healthy
13:15:38,235.8782837,3.53,1.06,48.94,Healthy
13:15:41,237.0131653,3.58,0.89,49,Healthy
13:15:44,237.9387778,3.45,0.96,49,Healthy
13:15:47,236.8843844,3.49,1.14,49,Healthy
13:15:49,236.9729212,3.53,1.2,49.06,Healthy
13:15:52,235.0653544,3.57,1.03,49.06,Healthy
13:15:55,236.9165796,3.5,0.9,49.06,Healthy
13:15:58,237.9870707,3.53,0.9,49.13,Healthy
13:16:00,238.0434123,3.56,1.1,49.13,Healthy
13:16:03,237.8421922,3.51,1.22,49.19,Healthy
13:16:06,238.4458526,3.59,1.09,49.25,Healthy
13:16:09,239.130001,3.49,0.9,49.25,Healthy
13:16:11,239.1943915,3.57,0.93,49.25,Healthy
13:16:14,238.510243,3.57,1.12,49.31,Healthy
13:16:17,242.6312313,3.56,1.16,49.31,Healthy
13:16:20,238.5343894,3.5,0.91,49.25,Healthy
13:16:22,237.9226802,3.49,0.77,49.19,Healthy
13:16:25,237.0212141,3.51,1.03,49.19,Healthy
13:16:28,236.7314571,3.54,1.21,49.19,Healthy
13:16:31,235.9990158,3.49,1.15,49.19,Healthy
13:16:33,238.3170717,3.49,1.02,49.13,Healthy
13:16:36,238.469999,3.49,0.88,49.13,Healthy
13:16:39,237.3270687,3.47,0.89,49.19,Healthy
13:16:42,236.7636523,3.55,0.92,49.19,Healthy
13:16:44,236.24048,3.51,1.16,49.19,Healthy
13:16:47,238.3573157,3.53,1.22,49.19,Healthy
13:16:50,238.9931713,3.51,0.94,49.25,Healthy
13:16:53,236.9890188,3.5,0.81,49.25,Healthy
13:16:55,236.8843844,3.57,0.87,49.25,Healthy
13:16:58,237.5443864,3.59,1.11,49.25,Healthy
13:17:01,237.6892649,3.49,1.18,49.31,Healthy
13:17:04,236.0392598,3.5,1.1,49.38,Healthy
13:17:06,235.9346254,3.56,1.01,49.38,Healthy
13:17:09,237.4478007,3.54,0.87,49.38,Healthy
13:17:12,237.8180458,3.57,0.97,49.44,Healthy
13:17:15,238.2526812,3.59,1.16,49.5,Healthy
13:17:18,235.1458425,2.84,1.16,49.44,Healthy
13:17:20,237.560484,2.84,1.05,49.5,Healthy
13:17:23,237.5443864,2.77,0.95,49.56,Healthy
13:17:26,237.0534093,2.9,0.85,49.56,Healthy
13:17:29,235.0975496,2.77,1.02,49.56,Healthy
13:17:31,237.2063366,2.88,1.2,49.63,Healthy
13:17:34,236.0392598,2.89,1.14,49.63,Healthy
13:17:37,237.2063366,3.58,0.94,49.63,Healthy
13:17:40,237.2626782,2.8,0.85,49.63,Healthy
13:17:42,236.98097,2.9,0.95,49.63,Healthy
13:17:45,238.0112171,3.56,1.15,49.69,Healthy
13:17:48,234.6307189,3.01,1.17,49.63,Healthy
13:17:51,239.0817082,2.89,0.88,49.69,Healthy
13:17:53,236.5785298,3.56,0.79,49.75,Healthy
13:17:56,235.7253564,3.58,0.93,49.81,Healthy
13:17:59,235.5643803,3.54,1.12,49.81,Healthy
13:18:02,239.7336614,2.87,1.19,49.88,Healthy
13:18:04,236.2485288,2.96,1,49.88,Healthy
13:18:07,236.1760895,3.58,0.87,49.94,Healthy
13:18:10,235.6690148,3.54,0.81,50,Healthy
13:18:13,237.4478007,3.56,1.06,50,Healthy
13:18:15,238.3090229,3.49,1.19,50,Healthy
13:18:18,238.1560956,3.6,1.11,50.06,Healthy
13:18:21,238.099754,2.85,0.91,50.06,Healthy
13:18:24,236.8360915,2.91,0.81,50.06,Healthy
13:18:26,237.2224342,3.53,1.09,50.13,Healthy
13:18:29,236.8280427,3.56,1.12,50.19,Healthy
13:18:32,239.1058546,3.29,1.19,50.19,Healthy
13:18:35,237.600728,3.57,0.96,50.25,Healthy
13:18:37,236.9326772,3.54,0.84,50.19,Healthy
13:18:40,237.1338973,3.56,0.83,50.19,Healthy
13:18:43,238.3412181,3.52,1.06,50.25,Healthy
13:18:46,237.4397519,3.57,1.22,50.25,Healthy
13:18:48,235.3873066,2.88,1.12,50.25,Healthy
13:18:51,238.7195119,2.89,0.9,50.25,Healthy
13:18:54,239.1380498,3.55,0.98,50.31,Healthy
13:18:57,239.2668307,3.57,1.13,50.31,Healthy
13:18:59,238.9770737,3.54,1.19,50.31,Healthy
13:19:02,237.9226802,3.57,1.04,50.38,Healthy
13:19:05,237.3834103,3.62,0.92,50.38,Healthy
13:19:08,238.3251205,3.54,0.93,50.44,Healthy
13:19:10,239.2668307,3.63,0.99,50.44,Healthy
13:19:13,239.2748795,3.54,1.21,50.5,Healthy
13:19:16,238.2526812,3.57,1.09,50.5,Healthy
13:19:19,236.8199939,3.49,0.91,50.5,Healthy
13:19:22,237.5443864,3.55,0.85,50.56,Healthy
13:19:24,237.4156055,3.53,0.97,50.56,Healthy
13:19:27,238.6068287,3.53,1.13,50.56,Healthy
13:19:30,237.3431663,2.95,1.23,50.44,Healthy
13:19:33,236.6670666,2.87,1.01,50.56,Healthy
13:19:35,235.6046244,3.49,0.91,50.69,Healthy
13:19:38,236.7958475,3.56,0.93,50.69,Healthy
13:19:41,237.6409721,3.54,0.98,50.75,Healthy
13:19:44,236.2163335,3.57,1.18,50.75,Healthy
13:19:46,240.6673228,3.51,1.11,50.75,Healthy
13:19:49,236.650969,3.6,0.91,50.81,Healthy
13:19:52,236.98097,3.58,0.81,50.88,Healthy
13:19:55,239.9026863,3.6,0.94,50.88,Healthy
13:19:57,238.9448785,3.47,1.11,50.94,Healthy
13:20:00,238.0353635,3.54,1.16,50.94,Healthy
13:20:03,239.2587819,3.57,1.2,50.94,Healthy
13:20:06,238.6551215,3.57,0.92,50.94,Healthy
13:20:08,238.3734133,3.56,0.87,51,Healthy
13:20:11,237.0131653,3.59,0.78,51,Healthy
13:20:14,237.6087768,3.52,1.06,50.94,Healthy
13:20:17,238.2687789,3.53,1.23,50.94,Healthy
13:20:19,238.1078028,3.52,1.05,50.88,Healthy
13:20:22,237.4075567,3.52,0.79,50.81,Healthy
13:20:25,237.1580437,3.57,0.92,50.81,Healthy
13:20:28,237.3270687,3.54,1.12,50.81,Healthy
13:20:30,236.5141393,3.51,1.17,50.81,Healthy
13:20:33,239.4358556,2.87,0.95,50.75,Healthy
13:20:36,234.9607199,2.9,0.88,50.75,Healthy
13:20:39,236.6670666,3.54,1.06,50.88,Healthy
13:20:41,237.2385318,3.52,1.17,50.88,Healthy
13:20:44,237.3592639,3.48,1.07,50.94,Healthy
13:20:47,237.2546294,3.5,0.82,50.94,Healthy
13:20:50,236.5865786,3.53,0.82,50.94,Healthy
13:20:52,236.0392598,3.5,1.02,50.94,Healthy
13:20:55,237.6892649,3.56,1.16,50.94,Healthy
13:20:58,237.2224342,3.54,0.92,50.94,Healthy
13:21:01,237.1580437,3.56,0.74,50.88,Healthy
13:21:03,237.1097509,3.55,0.88,50.88,Healthy
13:21:06,237.8180458,3.59,1.16,50.88,Healthy
13:21:09,238.5182918,3.53,1.22,50.81,Healthy
13:21:12,238.6712191,3.53,0.99,50.88,Healthy
13:21:15,238.9770737,3.53,0.85,50.88,Healthy
13:21:17,239.8382959,3.5,0.99,50.88,Healthy
13:21:20,239.8382959,3.5,1.2,50.94,Healthy
13:21:23,238.9287809,3.5,1.13,50.94,Healthy
13:21:26,238.6631703,3.56,0.9,50.94,Healthy
13:21:28,238.0917051,3.5,0.8,50.88,Healthy
13:21:31,237.7778017,3.55,0.99,50.88,Healthy
13:21:34,236.650969,3.49,1.17,50.88,Healthy
13:21:37,238.220486,3.52,1.19,50.81,Healthy
13:21:39,237.6892649,3.56,1.01,50.88,Healthy
13:21:42,238.0917051,3.42,0.83,50.88,Healthy
13:21:45,238.0917051,3.58,0.99,50.94,Healthy
13:21:48,238.2365836,3.5,1.18,51,Healthy
13:21:50,238.3492669,3.58,1.06,50.94,Healthy
13:21:53,239.3956116,3.61,0.87,50.94,Healthy
13:21:56,238.6229263,3.5,0.98,50.88,Healthy
13:21:59,238.139998,3.59,1.13,50.81,Healthy
13:22:01,238.0031683,3.54,1.16,50.75,Healthy
13:22:04,238.4780478,3.6,0.98,50.69,Healthy
13:22:07,238.550487,2.95,0.85,50.75,Healthy
13:22:10,238.6551215,2.9,1.04,50.56,Healthy
13:22:12,241.3997641,3.6,1.17,50.63,Healthy
13:22:15,238.2929253,3.54,0.89,50.63,Healthy
13:22:18,238.5746335,3.48,0.78,50.63,Healthy
13:22:21,238.5343894,3.5,0.92,50.63,Healthy
13:22:23,238.0756075,3.65,1.13,50.63,Healthy
13:22:26,237.1338973,3.61,0.92,50.69,Healthy
13:22:29,238.5343894,3.52,0.85,50.69,Healthy
13:22:32,237.4719472,3.5,0.88,50.69,Healthy
13:22:34,237.600728,3.56,1.11,50.75,Healthy
13:22:37,237.809997,3.58,1.17,50.75,Healthy
13:22:40,237.6731673,3.5,0.93,50.81,Healthy
13:22:43,237.0051165,3.53,0.87,50.88,Healthy
13:22:45,236.900482,3.58,0.97,50.88,Healthy
13:22:48,237.5121912,3.56,1.15,50.88,Healthy
13:22:51,236.5785298,3.51,1.04,50.94,Healthy
13:22:54,236.4980417,3.52,0.83,50.94,Healthy
13:22:56,236.1760895,3.52,1.05,51,Healthy
13:22:59,235.8702349,3.54,1.17,51,Healthy
13:23:02,237.4236543,3.57,0.94,51,Healthy
13:23:05,238.1078028,3.53,0.9,51.06,Healthy
13:23:08,237.850241,3.55,1,51.13,Healthy
13:23:10,237.7536553,3.5,1.19,51.13,Healthy
13:23:13,237.7617041,3.57,1.04,51.13,Healthy
13:23:16,237.7295089,3.53,0.88,51.13,Healthy
13:23:19,237.1660926,3.59,1,51.13,Healthy
13:23:21,236.5624322,3.5,1.24,51.13,Healthy
13:23:24,237.0212141,3.53,1.07,51.13,Healthy
13:23:27,237.3190199,3.52,0.89,51.19,Healthy
13:23:30,237.0856045,3.57,0.95,51.19,Healthy
13:33:07,237.8824362,3.53,1.2,51.25,Healthy
13:33:07,237.7938994,3.57,1.15,51.25,Healthy
13:33:07,237.2224342,3.51,0.91,51.25,Healthy
13:33:07,237.4880448,3.59,0.79,51.31,Healthy
13:33:07,237.3190199,3.53,1.09,51.31,Healthy
13:33:07,238.8321952,3.58,1.2,51.31,Healthy
13:33:07,238.7839024,3.54,1.06,51.38,Healthy
13:33:07,238.8643904,3.53,0.87,51.38,Healthy
13:33:07,237.9870707,3.56,1.02,51.38,Healthy
13:33:07,237.850241,3.48,1.17,51.38,Healthy
13:33:07,236.7958475,3.59,1.15,51.38,Healthy
13:33:07,236.8038963,3.5,0.88,51.38,Healthy
13:33:07,236.610725,3.48,0.82,51.38,Healthy
13:33:07,237.3190199,2.84,0.9,51.31,Healthy
13:33:07,236.5463346,2.91,1.14,51.31,Healthy
13:33:07,236.2968216,2.86,1.01,51.31,Healthy
13:33:07,237.230483,2.85,0.82,51.31,Healthy
13:33:07,237.4075567,2.88,1.02,51.38,Healthy
13:33:07,237.6570697,2.9,1.15,51.38,Healthy
13:33:07,238.0112171,2.85,1.04,51.44,Healthy
13:33:07,238.4458526,3.31,0.84,51.5,Healthy
13:33:07,237.890485,2.87,0.99,51.5,Healthy
13:33:07,237.4558495,2.87,1.26,51.44,Healthy
13:33:07,237.1419461,3.52,1.1,51.5,Healthy
13:33:07,241.9470828,2.88,0.92,51.44,Healthy
13:33:07,238.6953655,2.93,0.95,51.5,Healthy
13:33:07,237.9226802,3.57,1.14,51.56,Healthy
13:33:07,238.1078028,3.58,1.2,51.56,Healthy
13:33:07,238.0675587,3.54,0.97,51.63,Healthy
13:33:07,237.4236543,2.88,0.78,51.56,Healthy
13:33:07,236.4899929,2.89,0.81,51.56,Healthy
13:33:07,236.9487748,3.57,1.17,51.69,Healthy
13:33:07,236.4899929,3.5,1.07,51.69,Healthy
13:33:07,236.3129192,3.6,0.84,51.75,Healthy
13:33:07,236.0553574,3.54,0.87,51.75,Healthy
13:33:07,237.7214601,3.6,1.22,51.75,Healthy
13:33:07,236.6429202,2.9,1.1,51.69,Healthy
13:33:07,237.6409721,2.89,0.89,51.75,Healthy
13:33:07,237.7214601,3.58,0.96,51.88,Healthy
13:33:07,236.7877987,3.57,1.07,51.88,Healthy
13:33:07,238.2365836,3.52,1.19,51.81,Healthy
13:33:07,237.4156055,3.54,0.91,51.88,Healthy
13:33:07,237.4719472,3.58,0.81,51.88,Healthy
13:33:07,237.479996,3.57,1.08,51.88,Healthy
13:33:07,238.8563416,3.52,1.2,51.94,Healthy
13:33:07,238.2043884,3.54,1.01,51.94,Healthy
13:33:07,237.3029222,2.78,0.77,51.88,Healthy
13:33:07,238.3492669,2.88,0.99,51.94,Healthy
13:33:07,238.4217062,3.53,1.19,52.06,Healthy
13:33:07,238.4458526,3.54,1.1,52.06,Healthy
13:33:07,239.9107351,3.47,0.9,52.06,Healthy
13:33:07,238.220486,3.53,0.9,52.06,Healthy
13:33:07,237.6409721,3.56,1.12,52.06,Healthy
13:33:07,237.8180458,3.59,1.2,52.13,Healthy
13:33:07,237.7858506,3.52,0.99,52.13,Healthy
13:33:07,238.6953655,3.55,0.96,52.13,Healthy
13:33:07,239.0736594,3.53,0.88,52.06,Healthy
13:33:07,239.1460986,3.56,1.05,52.06,Healthy
13:33:07,239.3553676,3.64,1.24,52.13,Healthy
13:33:07,240.1602481,3.49,1.04,52.13,Healthy
13:33:07,242.7358657,3.58,0.89,52.13,Healthy
13:33:07,239.2346355,2.98,0.97,52.19,Healthy
13:33:07,238.6390239,2.87,1.16,52.06,Healthy
13:33:07,237.7778017,3.56,1.01,52.19,Healthy
13:33:07,238.6390239,3.52,0.93,52.19,Healthy
13:33:07,236.5624322,3.56,0.89,52.25,Healthy
13:33:07,237.4397519,3.51,1.14,52.25,Healthy
13:33:07,238.2607301,3.51,1.15,52.25,Healthy
13:33:07,238.9851225,3.52,1.03,52.31,Healthy
13:33:07,238.9770737,3.54,0.89,52.25,Healthy
13:33:07,239.1139034,3.54,1.04,52.31,Healthy
13:33:07,238.510243,3.56,1.19,52.25,Healthy
13:33:07,238.8885369,3.57,1.1,52.25,Healthy
13:33:07,238.510243,3.45,0.87,52.25,Healthy
13:33:07,235.6448684,3.48,0.92,52.31,Healthy
13:33:07,236.6992619,3.47,1.15,52.31,Healthy
13:33:07,236.0392598,3.55,1.15,52.31,Healthy
13:33:07,238.2929253,3.44,0.95,52.38,Healthy
13:33:07,239.1460986,3.58,0.81,52.38,Healthy
13:33:07,237.2224342,3.44,0.95,52.38,Healthy
13:33:07,238.6953655,3.58,1.2,52.38,Healthy
13:33:07,237.9709731,3.56,1.06,52.38,Healthy
13:33:07,238.099754,3.51,0.86,52.38,Healthy
13:33:07,237.2546294,3.47,0.83,52.38,Healthy
13:33:07,237.1982878,3.55,1.01,52.38,Healthy
13:33:07,235.4195018,2.87,1.17,52.31,Healthy
13:33:07,235.9426742,3.52,1.03,52.44,Healthy
13:33:07,239.1139034,3.54,0.89,52.44,Healthy
13:33:07,240.0073208,3.56,0.94,52.44,Healthy
13:33:07,237.1982878,3.47,1.1,52.44,Healthy
13:33:07,237.4156055,3.52,1.18,52.44,Healthy
13:33:07,238.3573157,3.43,1.04,52.44,Healthy
13:33:07,237.8824362,3.52,0.9,52.38,Healthy
13:33:07,238.8643904,3.52,0.92,52.31,Healthy
13:33:07,239.0173177,3.53,0.98,52.31,Healthy
13:33:07,239.3070747,3.51,1.18,52.31,Healthy
13:33:07,238.1078028,3.6,1.08,52.31,Healthy
13:33:07,238.9609761,3.55,0.84,52.31,Healthy
13:33:07,238.3573157,3.61,0.83,52.38,Healthy
13:33:07,237.7375577,3.5,0.95,52.38,Healthy
13:33:07,238.0675587,3.46,1.16,52.38,Healthy
13:33:07,237.3270687,3.49,1.08,52.38,Healthy
13:33:07,238.3814621,3.49,0.97,52.44,Healthy
13:33:07,239.460002,3.66,0.83,52.44,Healthy
13:33:07,238.4458526,3.53,1.01,52.5,Healthy
13:33:07,238.550487,3.57,1.08,52.5,Healthy
13:33:07,237.8260946,3.49,1.13,52.5,Healthy
13:33:07,238.4539014,3.51,1.03,52.5,Healthy
13:33:07,240.0314672,3.54,0.84,52.56,Healthy
13:33:07,240.1682969,3.5,1.01,52.56,Healthy
13:33:07,238.8885369,3.51,1.09,52.56,Healthy
13:33:07,236.5302369,3.52,1.17,52.5,Healthy
13:33:07,237.7536553,3.45,1.07,52.56,Healthy
13:33:07,238.9770737,3.57,0.94,52.5,Healthy
13:33:07,240.1924433,3.53,0.87,52.5,Healthy
13:33:07,238.1239004,3.55,1.01,52.5,Healthy
13:33:07,238.0756075,3.48,1.19,52.44,Healthy
13:33:07,238.8321952,3.49,1.04,52.44,Healthy
13:33:07,238.6390239,3.47,0.86,52.44,Healthy
13:33:07,236.5865786,2.84,0.78,52.44,Healthy
13:33:07,239.9670767,3.56,0.95,52.5,Healthy
13:33:07,237.1177997,3.51,1.18,52.5,Healthy
13:33:07,237.1982878,3.57,1,52.5,Healthy
13:33:07,238.8,3.51,0.94,52.5,Healthy
13:33:07,239.3553676,3.5,0.88,52.44,Healthy
13:33:07,240.039516,3.45,0.99,52.44,Healthy
13:33:07,238.7034143,3.53,1.11,52.38,Healthy
13:33:07,239.3714652,3.46,1.26,52.31,Healthy
13:33:07,239.0817082,3.56,1.01,52.31,Healthy
13:33:07,238.5182918,3.55,0.88,52.25,Healthy
13:33:07,238.8643904,3.54,0.89,52.19,Healthy
13:33:07,240.1843945,3.52,0.95,52.13,Healthy
13:33:07,239.1460986,3.5,1.17,52.13,Healthy
13:33:07,238.3251205,3.47,1.15,52.13,Healthy
13:33:07,239.460002,3.5,1.22,52.06,Healthy
13:33:07,239.4841484,3.51,0.95,52.13,Healthy
13:33:07,239.4278068,3.54,0.77,52.13,Healthy
13:33:07,239.5243925,3.48,0.83,52.19,Healthy
13:33:07,240.6512252,3.54,1.02,52.13,Healthy
13:33:07,239.1782938,3.56,1.17,52.13,Healthy
13:33:07,238.1641444,3.52,1.16,52.13,Healthy
13:33:07,239.4036604,3.53,1.14,52.13,Healthy
13:33:07,239.7336614,3.47,0.9,52.19,Healthy
13:33:07,238.099754,3.6,0.86,52.19,Healthy
13:33:07,239.0414642,3.52,0.98,52.25,Healthy
13:33:07,240.0314672,3.53,1.09,52.25,Healthy
13:33:07,238.1560956,3.57,1.1,52.25,Healthy
13:33:07,238.4378038,3.51,1.23,52.31,Healthy
13:33:07,239.1460986,3.49,1.05,52.31,Healthy
13:33:07,237.5926792,3.5,0.82,52.31,Healthy
13:33:07,238.0031683,3.49,0.89,52.31,Healthy
13:33:07,240.039516,3.48,0.97,52.38,Healthy
13:33:07,240.6834204,3.52,1.16,52.38,Healthy
13:33:07,240.5143955,3.5,1.11,52.44,Healthy
13:33:07,238.8563416,3.56,1.01,52.38,Healthy
13:33:07,238.9207321,3.49,0.92,52.44,Healthy
13:33:07,239.049513,3.51,0.91,52.44,Healthy
13:33:07,238.6712191,3.49,0.84,52.5,Healthy
13:33:07,240.289029,3.52,1.05,52.5,Healthy
13:33:07,239.2990259,3.5,1.18,52.56,Healthy
13:33:07,237.6087768,3.51,1.16,52.56,Healthy
13:33:07,240.1602481,3.49,1.09,52.5,Healthy
13:33:07,238.5424382,2.95,0.87,52.63,Healthy
13:33:07,239.5887829,2.84,0.93,52.56,Healthy
13:33:07,239.419758,2.87,0.98,52.56,Healthy
13:33:07,238.2607301,2.81,1.05,52.56,Healthy
13:33:07,236.1841383,2.88,1.17,52.56,Healthy
13:33:07,239.6853686,2.86,1.19,52.63,Healthy
13:33:07,240.1361017,2.84,0.98,52.63,Healthy
13:33:07,239.7417102,2.86,0.8,52.63,Healthy
13:33:07,238.9207321,2.85,0.91,52.69,Healthy
13:33:07,239.8785399,2.87,1.02,52.63,Healthy
13:33:07,239.7336614,3.53,1.24,52.75,Healthy
13:33:07,245.947339,2.95,1.1,52.63,Healthy
13:33:07,237.850241,2.92,0.86,52.63,Healthy
13:33:07,239.7739054,3.58,0.79,52.75,Healthy
13:33:07,239.9751256,3.56,0.92,52.75,Healthy
13:33:07,241.5285449,3.58,1.08,52.75,Healthy
13:33:07,236.7395059,2.88,1.09,52.75,Healthy
13:33:07,244.3375779,2.93,1.23,52.69,Healthy
13:33:07,240.1843945,3.56,1.1,52.69,Healthy
13:33:07,239.9751256,3.55,1,52.69,Healthy
13:33:07,240.7478108,3.5,0.87,52.69,Healthy
13:33:07,239.130001,3.56,0.77,52.69,Healthy
13:33:07,242.929037,3.55,0.92,52.69,Healthy
13:33:07,240.8604941,2.87,1.21,52.69,Healthy
13:33:07,239.5726853,2.88,1.2,52.75,Healthy
13:33:07,242.1000101,3.57,0.99,52.81,Healthy
13:33:07,238.7839024,3.57,0.81,52.81,Healthy
13:33:07,239.8141494,3.48,0.91,52.81,Healthy
13:33:07,240.6673228,3.48,1.04,52.81,Healthy
13:33:07,239.9751256,3.54,1.16,52.81,Healthy
13:33:07,238.469999,3.48,1.15,52.88,Healthy
13:33:07,240.739762,3.5,1.14,52.94,Healthy
13:33:07,239.7175638,3.53,0.85,52.94,Healthy
13:33:07,238.2929253,2.95,0.88,52.88,Healthy
13:33:07,242.4380599,2.84,0.94,52.94,Healthy
13:33:07,240.7317132,3.54,1.04,53,Healthy
13:33:07,238.8643904,3.49,1.19,53,Healthy
13:33:07,240.5224443,3.57,1.26,53.06,Healthy
13:33:07,239.419758,3.58,1.04,53.06,Healthy
13:33:07,239.6048805,3.59,0.89,53.06,Healthy
13:33:07,238.7839024,3.5,0.9,53.06,Healthy
13:33:07,239.6129293,3.54,0.96,53.06,Healthy
13:33:07,238.3814621,3.48,0.92,53.06,Healthy
13:33:07,237.1338973,3.42,1.16,53.13,Healthy
13:33:07,239.5485389,3.5,1.26,53.13,Healthy
13:33:07,238.7919512,3.49,0.96,53.13,Healthy
13:33:07,237.4719472,3.56,0.89,53.13,Healthy
13:33:08,238.8804881,3.54,0.96,53.19,Healthy
13:33:11,239.3553676,2.98,0.98,53.19,Healthy
13:33:14,239.7980518,2.89,1.19,53.13,Healthy
13:33:17,239.500246,3.52,1.12,53.19,Healthy
13:33:19,239.2748795,3.59,0.84,53.19,Healthy
13:33:22,238.1239004,3.56,0.79,53.25,Healthy
13:33:25,239.1380498,3.55,0.96,53.19,Healthy
13:33:28,240.039516,3.51,1.14,53.25,Healthy
13:33:30,240.2004921,3.53,1.17,53.25,Healthy
13:33:33,239.4680508,3.5,0.96,53.25,Healthy
13:33:36,238.3734133,3.55,0.83,53.25,Healthy
13:33:39,237.3753615,3.59,0.85,53.31,Healthy
13:33:42,239.1139034,3.51,1.05,53.31,Healthy
13:33:44,240.4580539,3.53,1.2,53.31,Healthy
13:33:47,239.2990259,3.57,1.14,53.38,Healthy
13:33:50,238.9609761,3.56,0.94,53.31,Healthy
13:33:53,240.6512252,3.6,0.95,53.38,Healthy
13:33:55,240.8926893,3.58,0.9,53.44,Healthy
13:33:58,240.9248846,3.53,1.11,53.44,Healthy
13:34:01,238.3895109,3.6,1.1,53.44,Healthy
13:34:04,238.0031683,3.6,1.15,53.5,Healthy
13:34:06,240.0073208,3.65,1,53.5,Healthy
13:34:09,239.9348815,3.58,0.86,53.56,Healthy
13:34:12,239.9107351,3.56,1.04,53.5,Healthy
13:34:15,235.3551114,2.97,1.17,53.69,Healthy
13:34:17,237.9548755,2.88,1.12,53.44,Healthy
13:34:20,237.4397519,3.59,1.02,53.5,Healthy
13:34:23,238.2687789,3.57,0.89,53.56,Healthy
13:34:26,239.1943915,3.59,0.95,53.56,Healthy
13:34:28,238.8965857,3.54,1.11,53.56,Healthy
13:34:31,239.8141494,3.56,1.13,53.63,Healthy
13:34:34,239.8463447,3.5,1.19,53.63,Healthy
13:34:37,241.0939095,3.61,0.97,53.63,Healthy
13:34:39,239.8704911,3.6,0.8,53.63,Healthy
13:34:42,240.0073208,3.55,0.83,53.63,Healthy
13:34:45,240.1602481,3.59,0.98,53.63,Healthy
13:34:48,240.7317132,3.55,1.23,53.63,Healthy
13:34:50,240.120004,3.65,1.19,53.63,Healthy
13:34:53,237.9226802,3.58,1.02,53.69,Healthy
13:34:56,240.289029,3.53,0.95,53.69,Healthy
13:34:59,241.3273248,3.6,0.88,53.69,Healthy
13:35:01,239.2990259,3.58,0.82,53.69,Healthy
13:35:04,240.1602481,3.58,1.08,53.69,Healthy
13:35:07,240.8443965,3.63,1.2,53.69,Healthy
13:35:10,240.1843945,3.69,1.14,53.75,Healthy
13:35:13,239.5243925,3.69,1.08,53.75,Healthy
13:35:15,240.0636624,3.7,0.89,53.75,Healthy
13:35:18,240.289029,3.55,0.9,53.75,Healthy
13:35:21,239.5887829,3.55,0.9,53.75,Healthy
13:35:24,240.1682969,3.61,1.12,53.75,Healthy
13:35:26,239.5726853,3.63,1.22,53.81,Healthy
13:35:29,238.5826823,3.68,1.05,53.88,Healthy
13:35:32,239.9348815,3.91,0.83,53.81,Healthy
13:35:35,238.2929253,4.59,0.74,53.88,Healthy
13:35:37,240.0556136,5.03,1.01,53.81,Healthy
13:35:40,240.9007381,4.9,1.2,53.88,Healthy
13:35:43,243.4924534,4.92,1.17,53.81,Healthy
13:35:46,240.3936634,4.45,1,53.81,Healthy
13:35:48,239.1380498,3.73,0.82,53.94,Healthy
13:35:51,238.8965857,3.67,0.82,53.63,Healthy
13:35:54,239.3312211,4.37,1.07,53.75,Healthy
13:35:57,239.419758,4.4,1.13,53.75,Healthy
13:35:59,238.759756,4.4,0.93,53.75,Healthy
13:36:02,241.689521,4.43,0.88,53.75,Healthy
13:36:05,241.0617142,4.41,0.93,53.75,Healthy
13:36:08,241.0536654,4.45,1.2,53.81,Healthy
13:36:10,241.5607402,4.39,1.23,53.75,Healthy
13:36:13,242.0436685,4.43,1.09,53.75,Healthy
13:36:16,240.8363477,4.41,0.88,53.75,Healthy
13:36:19,241.2951296,4.45,0.84,53.75,Healthy
13:36:21,241.5285449,4.4,1.01,53.81,Healthy
13:36:24,241.5607402,4.35,1.13,53.81,Healthy
13:36:27,240.7156156,4.33,1.19,53.75,Healthy
13:36:30,239.9670767,4.37,1.06,53.81,Healthy
13:36:32,241.3997641,4.38,0.99,53.81,Healthy
13:36:35,240.3131754,4.4,0.84,53.88,Healthy
13:36:38,239.6129293,4.38,0.84,53.81,Healthy
13:36:41,241.1985439,4.38,1,53.88,Healthy
13:36:44,241.4641545,4.46,1.16,53.88,Healthy
13:36:46,239.9670767,4.41,1.19,53.88,Healthy
13:36:49,241.2226904,4.42,1.15,53.88,Healthy
13:36:52,240.3856146,4.41,1,53.88,Healthy
13:36:55,240.7478108,4.35,0.96,53.88,Healthy
13:36:57,241.6412282,4.42,0.87,53.88,Healthy
13:37:00,240.1039064,4.38,0.81,53.81,Healthy
13:37:03,240.329273,4.39,0.99,53.81,Healthy
13:37:06,239.7014662,4.36,1.12,53.81,Healthy
13:37:08,239.5887829,4.4,1.22,53.81,Healthy
13:37:11,241.7539115,4.39,1.17,53.81,Healthy
13:37:14,240.329273,4.3,1.07,53.81,Healthy
13:37:17,242.0839125,4.89,1,53.81,Healthy
13:37:19,240.0073208,5.18,0.82,53.81,Healthy
13:37:22,240.1280528,5.09,0.86,53.81,Healthy
13:37:25,240.3856146,4.96,0.96,53.81,Healthy
13:37:28,239.049513,5.07,0.99,53.81,Healthy
13:37:30,242.1804982,5.11,1.17,53.75,Healthy
13:37:33,240.1602481,4.93,1.19,53.69,Healthy
13:37:36,237.2546294,5.02,1.04,53.63,Healthy
13:37:39,241.649277,5.03,0.91,53.63,Healthy
13:37:41,241.1985439,4.95,0.89,53.56,Healthy
13:37:44,240.9329334,5.03,0.95,53.56,Healthy
13:37:47,239.5887829,4.99,1.09,53.56,Healthy
13:37:50,244.1363578,4.21,1.18,53.44,Healthy
13:37:52,238.6068287,4.24,1.07,53.63,Healthy
13:37:55,239.0656106,4.13,0.94,53.5,Healthy
13:37:58,238.6953655,4.19,0.76,53.5,Healthy
13:38:01,239.1058546,4.17,0.91,53.5,Healthy
13:38:03,234.5180357,4.86,1.12,53.63,Healthy
13:38:06,240.7961037,4.17,1.24,53.63,Healthy
13:38:09,240.989275,4.97,1,53.56,Healthy
13:38:12,238.5021942,4.1,0.75,53.44,Healthy
13:38:14,238.4539014,4.14,0.81,53.44,Healthy
13:38:17,239.7175638,4.94,1.04,53.56,Healthy
13:38:20,239.7980518,4.11,1.14,53.5,Healthy
13:38:23,238.7678048,4.14,1.14,53.44,Healthy
13:38:26,239.1058546,4.95,1.12,53.63,Healthy
13:38:28,239.9026863,4.99,0.94,53.56,Healthy
13:38:31,239.130001,4.93,0.83,53.63,Healthy
13:38:34,239.4921972,4.12,1.06,53.5,Healthy
13:38:37,238.8885369,4.13,1.18,53.44,Healthy
13:38:39,238.6712191,4.92,1.15,53.56,Healthy
13:38:42,238.8321952,4.92,1.04,53.63,Healthy
13:38:45,239.8463447,4.91,0.86,53.63,Healthy
13:38:48,237.6087768,4.89,0.81,53.63,Healthy
13:38:50,238.9207321,4.93,1.02,53.63,Healthy
13:38:53,241.8343995,4.02,1.16,53.63,Healthy
13:38:56,239.2426843,4.14,1.18,53.63,Healthy
13:38:59,239.8382959,4.94,1.2,53.69,Healthy
13:39:01,240.9087869,4.81,0.95,53.69,Healthy
13:39:04,239.8946375,4.97,0.77,53.63,Healthy
13:39:07,239.3956116,4.92,0.85,53.5,Healthy
13:39:10,241.6734234,4.84,0.98,53.44,Healthy
13:39:12,240.4500051,4.89,1.19,53.38,Healthy
13:39:15,240.0717112,4.77,1.15,53.31,Healthy
13:39:18,239.9751256,4.87,1.04,53.31,Healthy
13:39:21,240.8443965,4.13,0.9,53.06,Healthy
13:39:23,241.2548856,4.08,0.94,53,Healthy
13:39:26,239.8946375,4.86,0.84,53.19,Healthy
13:39:29,239.5324413,4.83,1.1,53.19,Healthy
13:39:32,241.1019583,4.83,1.2,53.13,Healthy
13:39:34,243.0014763,4.93,1.03,53.13,Healthy
13:39:37,241.3836665,4.83,0.85,53.13,Healthy
13:39:40,239.8785399,4.83,0.82,53.06,Healthy
13:39:43,241.9148876,4.85,0.96,53.06,Healthy
13:39:45,240.1280528,4.87,1.09,53.06,Healthy
13:39:48,240.329273,4.8,1.19,53.06,Healthy
13:39:51,240.289029,4.84,1.18,53.06,Healthy
13:39:54,238.8643904,4.81,1.1,53,Healthy
13:39:56,239.1139034,4.85,0.99,52.94,Healthy
13:39:59,240.1521993,4.84,0.91,53,Healthy
13:40:02,238.6309751,3.96,1.05,52.88,Healthy
13:40:05,238.220486,4,1.2,52.88,Healthy
13:40:08,241.3917153,4.78,1.1,53,Healthy
13:40:10,240.0717112,4.87,0.95,53,Healthy
13:40:13,239.669271,4.79,0.85,53.06,Healthy
13:40:16,240.8122013,4.83,0.91,53.06,Healthy
13:40:19,239.2426843,4.82,0.86,53.06,Healthy
13:40:21,240.289029,4.69,1.13,53.06,Healthy
13:40:24,240.6673228,4.79,1.22,53.13,Healthy
13:40:27,239.049513,4.76,1.14,53.13,Healthy
13:40:30,240.3212242,4.77,1.08,53.19,Healthy
13:40:32,240.0717112,4.04,0.89,53.19,Healthy
13:40:35,239.4278068,5.66,0.99,53.19,Healthy
13:40:38,239.1943915,5.71,1.13,53.19,Healthy
13:40:41,238.6953655,5.93,1.16,53.25,Healthy
13:40:43,238.8321952,6.3,1.19,53.25,Healthy
13:40:46,237.6973137,5.85,1,53.25,Healthy
13:40:49,238.0031683,6.85,0.92,53.25,Healthy
13:40:52,231.7411979,7.12,0.92,53.25,Healthy
13:40:54,238.8965857,7.2,1.06,53.25,Healthy
13:40:57,236.6751154,6.5,1.19,53.25,Healthy
13:41:00,237.3914591,6.5,1.13,53.25,Healthy
13:41:03,239.0414642,6.53,0.99,53.19,Healthy
13:41:05,239.1621962,5.74,0.91,53.13,Healthy
13:41:08,239.2990259,5.71,0.93,53,Healthy
13:41:11,239.5887829,6.57,1.16,53.19,Healthy
13:41:14,238.5021942,6.72,1.17,53.13,Healthy
13:41:16,238.139998,7.08,0.89,53.13,Healthy
13:41:19,238.8643904,7.06,0.92,53.13,Healthy
13:41:22,250.2293033,6.76,1.06,53.06,Healthy
13:41:25,238.4217062,6.64,1.18,53.06,Healthy
13:41:27,237.8421922,6.77,1.02,53,Healthy
13:41:30,236.8360915,6.68,0.8,52.94,Healthy
13:41:33,237.1338973,6.62,0.82,52.88,Healthy
13:41:36,235.9024301,6.67,1.08,52.88,Healthy
13:41:39,236.4980417,6.56,1.19,52.81,Healthy
13:41:41,237.890485,6.09,1.08,52.69,Healthy
13:41:44,237.809997,5.9,0.92,52.69,Healthy
13:41:47,238.0917051,5.94,0.98,52.56,Healthy
13:41:50,239.1621962,5.76,1.17,52.5,Healthy
13:41:52,240.1521993,5.65,1.2,52.44,Healthy
13:41:55,239.1621962,5.64,0.86,52.44,Healthy
13:41:58,239.0334153,5.72,0.84,52.44,Healthy
13:42:01,238.7839024,5.73,1.02,52.44,Healthy
13:42:03,238.0273147,5.65,1.13,52.38,Healthy
13:42:06,237.479996,5.71,1.11,52.38,Healthy
13:42:09,238.8241464,5.7,1.01,52.44,Healthy
13:42:12,239.8302471,5.71,0.9,52.44,Healthy
13:42:14,238.3492669,5.55,0.97,52.44,Healthy
13:42:17,238.0434123,5.64,1.18,52.44,Healthy
13:42:20,237.9387778,5.58,1.14,52.44,Healthy
13:42:23,237.9790219,6.7,0.98,52.44,Healthy
13:42:25,238.6712191,5.01,0.84,52.44,Healthy
13:42:28,239.669271,9.01,0.96,52.5,Healthy
13:42:31,238.6068287,8.35,1.11,52.5,Healthy
13:42:34,239.3070747,7.9,1.09,52.5,Healthy
13:42:36,240.0717112,7.84,0.99,52.56,Healthy
13:42:39,240.6109812,10.16,0.89,52.38,Healthy
13:42:42,241.1985439,7.32,1,52.56,Healthy
13:42:45,239.9268327,6.49,1.19,52.56,Healthy
13:42:47,241.1019583,5.83,1.13,52.56,Healthy
13:42:50,240.0556136,6.04,1.07,52.63,Healthy
13:42:53,240.2648825,6.17,0.86,52.63,Healthy
13:42:56,242.0678149,6.32,0.95,52.63,Healthy
13:42:58,241.0375678,5.75,1,52.56,Healthy
13:43:01,240.4580539,5.73,1.09,52.63,Healthy
13:43:04,239.8302471,5.66,1.1,52.56,Healthy
13:43:07,240.2487849,11.29,1.02,52.63,Healthy
13:43:09,241.2629344,10.68,0.86,52.69,Healthy
13:43:12,240.1521993,10.66,0.9,52.63,Healthy
13:43:15,239.3392699,10.67,0.96,52.69,Healthy
13:43:18,239.049513,10.55,1.22,52.75,Healthy
13:43:21,239.2909771,10.48,1.24,52.75,Healthy
13:43:23,239.0334153,10.41,0.99,52.81,Healthy
13:43:26,240.7961037,10.51,0.91,52.81,Healthy
13:43:29,241.1180559,10.56,1.03,52.88,Healthy
13:43:32,240.1843945,10.49,1.18,52.88,Healthy
13:43:34,239.500246,10.55,1.14,52.94,Healthy
13:43:37,239.749759,10.54,0.98,52.94,Healthy
13:43:40,240.8122013,10.56,0.92,53,Healthy
13:43:43,242.1483029,10.6,0.94,53,Healthy
13:43:45,241.7136675,7.56,1.14,53,Healthy
13:43:48,241.1341535,7.49,1.21,53,Healthy
13:43:51,241.5446426,8.03,1.1,53,Healthy
13:43:54,240.7961037,7.54,1.01,52.94,Healthy
13:43:56,240.8363477,7.68,0.82,52.88,Healthy
13:43:59,239.4680508,7.61,0.84,52.88,Healthy
13:44:02,239.3070747,7.69,0.95,52.88,Healthy
13:44:05,239.6773198,7.22,1.17,52.88,Healthy
13:44:07,239.8946375,7.2,1.07,52.88,Healthy
13:44:10,240.5063467,7.17,0.98,52.81,Healthy
13:44:13,241.2226904,7.15,0.9,52.81,Healthy
13:44:16,241.5848866,7.12,1.03,52.81,Healthy
13:44:18,242.2448886,7,1.2,52.88,Healthy
13:44:21,241.3917153,7.11,1.08,52.81,Healthy
13:44:24,240.5063467,6.98,0.92,52.81,Healthy
13:44:27,239.8785399,7.11,0.77,52.75,Healthy
13:44:29,240.409761,7.05,0.98,52.81,Healthy
13:44:32,242.1080589,7.21,1.11,52.69,Healthy
13:44:35,242.1402541,5.5,1.22,52.69,Healthy
13:44:38,241.3434224,5.45,1.05,52.63,Healthy
13:44:40,245.6817284,5.23,0.86,52.44,Healthy
13:44:43,239.3392699,6.77,0.98,52.5,Healthy
13:44:46,240.6029324,6.15,1.16,52.38,Healthy
13:44:49,242.9692811,5.66,1.17,52.56,Healthy
13:44:51,239.419758,6.39,0.99,52.44,Healthy
13:44:54,240.0556136,5.14,0.76,52.56,Healthy
13:44:57,239.0978058,5,0.81,52.31,Healthy
13:45:00,241.7056187,6.16,1.09,52.5,Healthy
13:45:03,240.6431764,5.65,1.15,52.38,Healthy
13:45:05,239.5726853,6.02,0.87,52.5,Healthy
13:45:08,239.9912232,5.3,0.81,52.56,Healthy
13:45:11,239.5726853,4.47,0.95,52.44,Healthy
13:45:14,240.3775658,4.52,1.22,52.5,Healthy
13:45:16,238.9448785,6.13,1.21,52.63,Healthy
13:45:19,239.9670767,6.37,0.96,52.63,Healthy
13:45:22,241.2951296,6.02,0.91,52.69,Healthy
13:45:25,240.5787859,5.22,1.08,52.56,Healthy
13:45:27,240.7639085,5.79,1.27,52.75,Healthy
13:45:30,242.7922074,5.73,1.11,52.81,Healthy
13:45:33,240.7156156,5.78,0.83,52.75,Healthy
13:45:36,239.5565877,5.75,0.76,52.69,Healthy
13:45:38,239.4358556,6.32,0.89,52.69,Healthy
13:45:41,239.6209781,6.31,1.19,52.69,Healthy
13:45:44,240.5224443,5.56,1.23,52.5,Healthy
13:45:47,240.2970778,5.46,0.97,52.5,Healthy
13:45:49,240.7800061,4.36,0.84,52.56,Healthy
13:45:52,241.3997641,2.17,0.98,52.44,Healthy
13:45:55,240.6351276,2.63,1.17,52.44,Healthy
13:45:58,240.4419563,6.75,1.17,52.38,Healthy
13:46:00,240.9570798,5.83,0.87,52.31,Healthy
13:46:03,240.4258586,2.26,0.86,52.25,Healthy
13:46:06,239.500246,2.31,0.9,52.25,Healthy
13:46:09,240.1924433,2.24,1.13,52.25,Healthy
13:46:11,242.6956217,3.4,1.08,52.13,Healthy
13:46:14,237.8743874,2.2,0.85,52.19,Healthy
13:46:17,240.1039064,2.24,0.79,52.19,Healthy
13:46:20,242.1322053,2.22,0.94,52.19,Healthy
13:46:22,240.5465907,2.23,1.25,52.25,Healthy
13:46:25,240.7317132,2.27,1.14,52.25,Healthy
13:46:28,241.0858607,2.19,0.93,52.25,Healthy
13:46:31,241.8343995,2.24,0.91,52.25,Healthy
13:46:33,241.8424483,2.19,1.04,52.19,Healthy
13:46:36,240.739762,2.2,1.19,52.13,Healthy
13:46:39,237.479996,2.2,1.01,52.06,Healthy
13:46:42,240.2809801,2.2,0.9,52,Healthy
13:46:45,241.3836665,2.27,0.96,52,Healthy
13:46:47,238.139998,2.22,1.18,51.94,Healthy
13:46:50,239.5565877,2.22,1.18,51.88,Healthy
13:46:53,239.4278068,2.52,0.94,52.06,Healthy
13:46:56,239.049513,2.53,0.95,51.88,Healthy
13:46:58,238.5987799,2.16,1.11,51.94,Healthy
13:47:01,238.7275608,2.2,1.25,51.94,Healthy
13:47:04,238.7517072,2.23,1.03,52,Healthy
13:47:07,239.2909771,2.25,0.88,52,Healthy
13:47:09,238.1963396,2.19,1.13,52,Healthy
13:47:12,237.6248744,2.25,1.21,52,Healthy
13:47:15,238.0917051,2.28,0.94,52,Healthy
13:47:18,238.6712191,2.26,0.92,52,Healthy
13:47:20,239.3553676,2.22,0.99,52,Healthy
13:47:23,237.5765816,2.25,1.2,51.94,Healthy
13:47:26,238.1078028,2.26,1.07,51.94,Healthy
13:47:29,237.0373117,2.22,0.84,51.94,Healthy
13:47:31,237.1177997,2.22,0.94,51.94,Healthy
13:47:34,234.791695,2.26,1.16,51.94,Healthy
13:47:37,236.6348714,2.18,1.06,52,Healthy
13:47:40,235.3068186,2.25,0.88,52,Healthy
13:47:42,235.0090128,2.23,0.88,52.06,Healthy
13:47:45,236.5865786,2.24,1.11,52.06,Healthy
13:47:48,236.8924332,2.24,1.05,52.06,Healthy
13:47:51,236.4899929,2.23,0.79,52.13,Healthy
13:47:53,237.0051165,2.21,0.96,52.19,Healthy
13:47:56,234.3490108,2.59,1.23,52.19,Healthy
13:47:59,243.5970879,2.6,1.11,52.25,Healthy
13:48:02,239.0414642,2.26,0.85,52.31,Healthy
13:48:04,237.3431663,2.21,0.98,52.38,Healthy
13:48:07,238.469999,2.24,1.15,52.38,Healthy
13:48:10,239.0334153,2.23,0.9,52.44,Healthy
13:48:13,239.6209781,2.25,0.9,52.44,Healthy
13:48:15,238.1641444,2.23,1.22,52.5,Healthy
13:48:18,237.9548755,2.24,0.76,52.56,Healthy
13:48:21,238.3090229,2.26,0.89,52.56,Healthy
13:48:24,238.139998,2.23,1.21,52.63,Healthy
13:48:26,239.1460986,2.26,1.03,52.63,Healthy
13:48:29,238.3573157,2.21,0.94,52.63,Healthy
13:48:32,238.3170717,2.23,1.06,52.69,Healthy
13:48:35,237.600728,2.22,1.16,52.69,Healthy
13:48:38,237.5443864,2.25,0.9,52.75,Healthy
13:48:40,236.5141393,2.27,0.76,52.75,Healthy
13:48:43,238.6068287,2.23,1.01,52.81,Healthy
13:48:46,238.5021942,2.28,1.19,52.81,Healthy
13:48:49,239.0173177,2.22,0.92,52.88,Healthy
13:48:51,239.1782938,2.25,0.93,52.94,Healthy
13:48:54,238.0756075,2.25,1.11,52.88,Healthy
13:48:57,238.6631703,2.24,1.19,52.94,Healthy
13:49:00,235.2826721,2.2,1,52.94,Healthy
13:49:02,236.7073107,2.22,0.89,52.94,Healthy
13:49:05,236.0875527,2.26,1.02,52.94,Healthy
13:49:08,236.280724,2.24,1.09,52.88,Healthy
13:49:11,236.9890188,2.23,0.8,52.88,Healthy
13:49:13,237.0775557,2.24,1,52.88,Healthy
13:49:16,238.0917051,2.21,1.27,52.88,Healthy
13:49:19,234.8802319,2.21,0.98,52.88,Healthy
13:49:22,234.4938892,2.22,0.83,52.88,Healthy
13:49:24,235.990967,2.21,1.18,52.88,Healthy
13:49:27,236.280724,2.18,1.12,52.88,Healthy
13:49:30,236.3129192,2.22,0.73,52.88,Healthy
13:49:33,237.479996,2.58,1.17,52.81,Healthy
13:49:35,236.3773096,2.2,1.17,52.88,Healthy
13:49:38,235.8541373,2.24,0.87,52.81,Healthy
13:49:41,235.1860865,2.26,1.09,52.81,Healthy
13:49:44,236.6670666,2.2,1.17,52.69,Healthy
13:49:46,236.900482,2.22,0.93,52.69,Healthy
13:49:49,236.0956015,2.22,0.83,52.69,Healthy
13:49:52,236.1197479,2.23,1.19,52.75,Healthy
13:49:55,237.0856045,2.28,0.93,52.69,Healthy
13:49:57,238.5826823,2.17,0.9,52.75,Healthy
13:50:00,236.8360915,2.24,1.08,52.75,Healthy
13:50:03,236.9729212,2.22,1.06,52.81,Healthy
13:50:06,237.6409721,2.2,0.89,52.88,Healthy
13:50:09,238.8241464,2.22,1.01,52.88,Healthy
13:50:11,237.0373117,2.23,1.15,52.88,Healthy
13:50:14,237.270727,2.23,0.91,52.81,Healthy
13:50:17,237.1580437,2.24,0.85,52.81,Healthy
13:50:20,238.8321952,2.21,1.14,52.81,Healthy
13:50:22,238.8804881,2.23,1.14,52.88,Healthy
13:50:25,238.9851225,2.23,0.94,52.88,Healthy
13:50:28,237.1097509,2.24,0.96,52.88,Healthy
13:50:31,236.3048704,2.23,1.15,52.88,Healthy
13:50:33,236.4980417,2.24,1.08,52.81,Healthy
13:50:36,234.8560855,2.22,0.8,52.81,Healthy
13:50:39,236.0231622,2.22,1.02,52.81,Healthy
13:50:42,238.0031683,2.21,1.22,52.81,Healthy
13:50:44,237.1741414,2.22,1.03,52.81,Healthy
13:50:47,236.3934073,2.22,0.82,52.75,Healthy
13:50:50,237.2385318,2.25,1.17,52.81,Healthy
13:50:53,237.9548755,2.23,1.06,52.81,Healthy
13:50:55,237.9468267,2.24,0.88,52.81,Healthy
13:50:58,237.600728,2.24,1.04,52.88,Healthy
13:51:01,236.5221881,2.22,1.13,52.88,Healthy
13:51:04,237.5121912,2.23,0.89,52.88,Healthy
13:51:06,237.8824362,2.18,0.96,52.94,Healthy
13:51:09,237.1660926,2.2,1.18,52.94,Healthy
13:51:12,237.850241,2.27,0.93,52.94,Healthy
13:51:15,238.7275608,2.25,0.91,52.94,Healthy
13:51:17,237.0453605,2.21,1.14,53,Healthy
13:51:20,236.98097,2.24,1.12,53,Healthy
13:51:23,236.98097,2.27,0.8,53.06,Healthy
13:51:26,238.0273147,2.24,0.99,53,Healthy
13:51:28,238.8241464,2.19,1.24,53,Healthy
13:51:31,237.1177997,2.64,0.92,52.94,Healthy
13:51:34,237.3592639,2.6,0.91,52.94,Healthy
13:51:37,237.1017021,2.54,1.2,53,Healthy
13:51:39,238.0353635,2.55,0.98,53,Healthy
13:51:42,237.5685328,2.59,0.91,53.06,Healthy
13:51:45,237.9468267,2.59,1.13,53.06,Healthy
13:51:48,237.2224342,2.53,1.14,53.19,Healthy
13:51:51,239.8785399,2.23,0.77,53.19,Healthy
13:51:53,238.0756075,2.56,1.14,53.13,Healthy
13:51:56,238.3170717,2.56,1.19,53.19,Healthy
13:51:59,239.5726853,2.21,0.98,53.25,Healthy
13:52:02,238.0595099,2.54,0.94,53.25,Healthy
13:52:04,236.6670666,2.56,1.06,53.25,Healthy
13:52:07,237.9709731,2.25,1.1,53.31,Healthy
13:52:10,237.1017021,2.23,0.86,53.38,Healthy
13:52:13,237.8582898,2.24,0.99,53.31,Healthy
13:52:15,238.8965857,2.57,1.16,53.31,Healthy
13:52:18,238.1641444,2.5,1.11,53.31,Healthy
13:52:21,237.3914591,2.23,0.82,53.44,Healthy
13:52:24,236.6751154,2.22,0.92,53.44,Healthy
13:52:26,236.6751154,2.21,1.16,53.5,Healthy
13:52:29,235.041208,2.21,1.05,53.5,Healthy
13:52:32,236.2082847,2.18,0.86,53.56,Healthy
13:52:35,235.6046244,2.55,0.86,53.5,Healthy
13:52:37,235.8702349,2.57,1.19,53.5,Healthy
13:52:40,236.7717011,2.22,1.02,53.5,Healthy
13:52:43,237.0051165,2.17,0.86,53.5,Healthy
13:52:46,236.6751154,2.2,1.06,53.44,Healthy
13:52:48,235.6448684,2.21,1.27,53.44,Healthy
13:52:51,235.7334052,2.24,0.89,53.44,Healthy
13:52:54,234.9124271,2.22,0.79,53.44,Healthy
13:52:57,236.0392598,2.23,1.19,53.44,Healthy
13:52:59,236.650969,2.18,1.1,53.44,Healthy
13:53:02,236.2485288,2.53,0.84,53.44,Healthy
13:53:05,234.7031582,2.52,1.02,53.44,Healthy
13:53:08,235.3873066,2.15,1.1,53.5,Healthy
13:53:10,234.1397418,2.17,0.75,53.5,Healthy
13:53:13,235.2987698,2.17,1.17,53.5,Healthy
13:53:16,235.0331592,2.17,1.1,53.56,Healthy
13:53:19,236.280724,2.18,0.9,53.56,Healthy
13:53:21,235.9185278,2.23,1.03,53.63,Healthy
13:53:24,235.4838923,2.17,1.23,53.56,Healthy
13:53:27,235.1780377,2.21,1.05,53.63,Healthy
13:53:30,235.7495028,2.22,0.81,53.63,Healthy
13:53:33,235.4758435,2.23,0.94,53.69,Healthy
13:53:35,235.1538913,2.17,1.21,53.69,Healthy
13:53:38,237.9387778,2.2,0.94,53.69,Healthy
13:53:41,237.1419461,2.19,0.92,53.63,Healthy
13:53:44,233.6890087,2.57,1.16,53.69,Healthy
13:53:46,238.1078028,2.56,1.09,53.56,Healthy
13:53:49,236.3370656,2.24,0.8,53.63,Healthy
13:53:52,237.0534093,2.22,1.04,53.63,Healthy
13:53:55,238.5424382,2.2,1.22,53.63,Healthy
13:53:57,237.9387778,2.21,1.04,53.63,Healthy
13:54:00,237.7617041,2.21,0.86,53.63,Healthy
13:54:03,236.8682868,2.28,1.19,53.69,Healthy
13:54:06,238.2687789,2.22,1.05,53.69,Healthy
13:54:08,236.8682868,2.15,0.9,53.69,Healthy
13:54:11,236.3773096,2.19,0.94,53.75,Healthy
13:54:14,237.52024,2.21,1.18,53.75,Healthy
13:54:17,237.9387778,2.22,0.85,53.75,Healthy
13:54:19,238.8563416,2.25,0.96,53.75,Healthy
13:54:22,236.3934073,2.22,1.16,53.75,Healthy
13:54:25,236.7153595,2.23,1.07,53.75,Healthy
13:54:28,236.7958475,2.18,0.78,53.81,Healthy
13:54:30,238.6953655,2.26,1.1,53.81,Healthy
13:54:33,239.9026863,2.24,1.23,53.75,Healthy
13:54:36,235.5241363,2.24,0.92,53.81,Healthy
13:54:39,237.52024,2.23,0.79,53.81,Healthy
13:54:41,237.3753615,2.23,1.06,53.75,Healthy
13:54:44,237.1177997,2.23,1.17,53.81,Healthy
13:54:47,238.9770737,2.27,0.81,53.88,Healthy
13:54:50,238.6068287,2.58,1.02,53.75,Healthy
13:54:52,237.5121912,2.23,1.16,53.81,Healthy
13:54:55,237.6651185,2.23,1.05,53.81,Healthy
13:54:58,237.0453605,2.21,0.82,53.88,Healthy
13:55:01,237.4156055,2.19,1.07,53.81,Healthy
13:55:03,238.1721932,2.23,1.22,53.81,Healthy
13:55:06,238.3090229,2.24,1.04,53.81,Healthy
13:55:09,238.4539014,2.24,0.78,53.88,Healthy
13:55:12,238.6229263,2.22,1.01,53.81,Healthy
13:55:15,237.5121912,2.22,1.2,53.81,Healthy
13:55:17,237.3029222,2.16,0.94,53.81,Healthy
13:55:20,237.2868246,2.22,0.89,53.75,Healthy
13:55:23,237.7778017,2.23,1.17,53.75,Healthy
13:55:26,237.7778017,2.25,1.16,53.75,Healthy
13:55:28,235.3068186,2.25,0.81,53.75,Healthy
13:55:31,238.0031683,2.24,1.19,53.69,Healthy
13:55:34,237.3029222,2.22,1.07,53.63,Healthy
13:55:37,237.2224342,2.18,0.78,53.5,Healthy
13:55:39,238.0917051,2.2,1.08,53.44,Healthy
13:55:42,236.7877987,2.22,1.24,53.31,Healthy
13:55:45,237.0453605,2.21,0.93,53.19,Healthy
13:55:48,236.361212,2.19,0.85,53.06,Healthy
13:55:50,237.9226802,2.22,1.18,53,Healthy
13:55:53,236.7395059,2.18,0.96,52.88,Healthy
13:55:56,237.1741414,2.26,0.87,52.81,Healthy
13:55:59,238.3814621,2.23,1.17,52.75,Healthy
13:56:01,239.049513,2.18,1.16,52.69,Healthy
13:56:04,237.0775557,2.24,0.75,52.63,Healthy
13:56:07,237.8824362,2.22,1.08,52.5,Healthy
13:56:10,237.2948734,2.24,1.17,52.44,Healthy
13:56:12,236.9246284,2.24,0.9,52.38,Healthy
13:56:15,236.0634062,2.23,0.94,52.38,Healthy
13:56:18,237.9226802,2.17,1.25,52.38,Healthy
13:56:21,235.6046244,2.26,0.88,52.38,Healthy
13:56:23,239.4841484,2.53,1.06,52.31,Healthy
13:56:26,236.1438943,2.2,1.27,52.44,Healthy
13:56:29,235.4919411,2.21,0.79,52.38,Healthy
13:56:32,237.6570697,2.21,1.02,52.44,Healthy
13:56:34,237.1741414,2.21,1.2,52.44,Healthy
13:56:37,236.6187738,2.21,0.92,52.44,Healthy
13:56:40,236.1841383,2.23,0.75,52.38,Healthy
13:56:43,238.220486,2.25,1.15,52.31,Healthy
13:56:45,236.9165796,2.17,1.1,52.31,Healthy
13:56:48,237.2224342,2.22,0.83,52.25,Healthy
13:56:51,238.1721932,2.22,1.15,52.25,Healthy
13:56:54,236.0231622,2.22,1.2,52.31,Healthy
13:56:57,233.4153494,2.24,0.84,52.25,Healthy
13:56:59,236.6348714,2.23,1.14,52.25,Healthy
13:57:02,237.3190199,2.18,1.18,52.31,Healthy
13:57:05,236.6831642,2.14,0.89,52.25,Healthy
13:57:08,236.8360915,2.21,1.05,52.31,Healthy
13:57:10,237.2063366,2.26,1.18,52.25,Healthy
13:57:13,236.5785298,2.2,0.89,52.25,Healthy
13:57:16,237.4880448,2.23,1.01,52.31,Healthy
13:57:19,235.7575517,2.21,1.16,52.31,Healthy
13:57:21,236.9487748,2.22,0.79,52.38,Healthy
13:57:24,236.2243824,2.21,0.98,52.44,Healthy
13:57:27,236.4577977,2.23,1.12,52.5,Healthy
13:57:30,236.0392598,2.21,0.78,52.5,Healthy
13:57:32,237.5443864,2.2,1.15,52.5,Healthy
13:57:35,238.3090229,2.21,1.11,52.56,Healthy
13:57:38,239.9026863,2.29,0.88,52.63,Healthy
13:57:41,235.8138933,2.23,1.15,52.63,Healthy
13:57:43,238.0112171,2.27,0.94,52.63,Healthy
13:57:46,235.9346254,2.21,0.87,52.69,Healthy
13:57:49,237.5363376,2.24,1.2,52.63,Healthy
13:57:52,236.2082847,2.22,0.83,52.69,Healthy
13:57:54,237.9146314,2.19,1,52.69,Healthy
13:57:57,236.8843844,2.23,1.08,52.69,Healthy
13:58:00,236.6992619,2.21,0.94,52.69,Healthy
13:58:03,236.0231622,2.22,1.07,52.75,Healthy
13:58:05,237.3753615,2.23,1.12,52.75,Healthy
13:58:08,237.4156055,2.28,0.92,52.69,Healthy
13:58:11,237.4156055,2.23,1.18,52.75,Healthy
13:58:14,238.0675587,2.24,0.84,52.75,Healthy
13:58:16,236.6187738,2.22,0.92,52.81,Healthy
13:58:19,238.1641444,2.22,1.2,52.88,Healthy
13:58:22,236.3048704,2.48,0.8,52.94,Healthy
13:58:25,238.4378038,2.58,1.06,52.88,Healthy
13:58:27,239.7417102,2.58,1.04,52.88,Healthy
13:58:30,238.1963396,2.54,1.08,52.94,Healthy
13:58:33,238.3734133,2.59,1.06,52.94,Healthy
13:58:36,236.8360915,2.57,0.82,52.94,Healthy
13:58:39,235.1297449,2.57,1.27,52.88,Healthy
13:58:41,237.2546294,2.58,0.87,52.81,Healthy
13:58:44,239.1380498,2.58,1.12,52.81,Healthy
13:58:47,239.1380498,2.6,1.1,52.75,Healthy
13:58:50,239.0978058,2.25,0.92,52.81,Healthy
13:58:52,241.7539115,2.59,1.12,52.88,Healthy
13:58:55,237.9709731,2.61,0.96,52.81,Healthy
13:58:58,238.9609761,2.21,1.02,52.88,Healthy
13:59:01,238.5343894,2.26,1.15,52.88,Healthy
13:59:03,239.500246,2.23,0.88,52.88,Healthy
13:59:06,236.0634062,2.57,0.96,52.88,Healthy
13:59:09,238.6712191,2.58,1.11,52.88,Healthy
13:59:12,236.6429202,2.22,0.83,53,Healthy
13:59:14,238.2687789,2.26,1.09,53.06,Healthy
13:59:17,238.7517072,2.35,1.16,53.06,Healthy
13:59:20,238.3895109,2.21,0.77,53.06,Healthy
13:59:23,237.3029222,2.2,1.07,53.13,Healthy
13:59:25,238.4136574,2.54,1.29,53.13,Healthy
13:59:28,238.1078028,2.59,0.86,53.06,Healthy
13:59:31,248.0963699,2.28,1.04,53.13,Healthy
13:59:34,238.1963396,2.22,1.14,53.13,Healthy
13:59:36,238.8241464,2.22,0.81,53.13,Healthy
13:59:39,236.9890188,2.26,0.9,53.13,Healthy
13:59:42,237.4075567,2.23,1.16,53.13,Healthy
13:59:45,238.8643904,2.22,0.91,53.13,Healthy
13:59:47,239.5163437,2.21,0.9,53.13,Healthy
13:59:50,238.4378038,2.22,1.17,53.19,Healthy
13:59:53,239.2748795,2.5,1.06,53.06,Healthy
13:59:56,238.1078028,2.6,0.83,53.13,Healthy
13:59:58,239.5324413,2.24,1.28,53.13,Healthy
14:00:01,239.0173177,2.27,1.03,53.19,Healthy
14:00:04,238.5424382,2.21,0.93,53.19,Healthy
14:00:07,238.4780478,2.23,1.16,53.19,Healthy
14:00:09,238.5424382,2.26,0.93,53.13,Healthy
14:00:12,236.860238,2.17,0.9,53.19,Healthy
14:00:15,237.7858506,2.22,1.2,53.19,Healthy
14:00:18,238.6953655,2.26,1.04,53.25,Healthy
14:00:21,237.2224342,2.23,0.82,53.19,Healthy
14:00:23,238.8563416,2.23,1.17,53.25,Healthy
14:00:26,237.2948734,2.32,0.93,53.25,Healthy
14:00:29,237.809997,2.26,0.94,53.25,Healthy
14:00:32,238.4056085,2.21,1.19,53.19,Healthy
14:00:34,239.2587819,2.24,0.85,53.19,Healthy
14:00:37,240.7639085,2.57,0.95,53.06,Healthy
14:00:40,236.9729212,2.53,1.18,53.13,Healthy
14:00:43,238.3090229,2.21,0.97,53.19,Healthy
14:00:45,238.6712191,2.23,0.93,53.13,Healthy
14:00:48,238.3814621,2.23,1.16,53.13,Healthy
14:00:51,241.1663487,2.24,1.07,53.13,Healthy
14:00:54,238.1078028,2.22,0.77,53.06,Healthy
14:00:56,239.049513,2.22,1.21,53.06,Healthy
14:00:59,237.9709731,2.18,0.93,53.06,Healthy
14:01:02,238.510243,2.25,0.91,53.06,Healthy
14:01:05,238.0031683,2.27,1.21,53.06,Healthy
14:01:07,238.550487,2.26,0.91,53.13,Healthy
14:01:10,236.8199939,2.19,0.97,53.13,Healthy
14:01:13,238.139998,2.24,1.2,53.13,Healthy
14:01:16,237.7214601,2.2,0.89,53.13,Healthy
14:01:18,237.7778017,2.21,0.97,53.19,Healthy
14:01:21,236.98097,2.24,1.16,53.19,Healthy
14:01:24,237.6329233,2.21,0.79,53.19,Healthy
14:01:27,237.7053625,2.24,0.97,53.25,Healthy
14:01:29,237.8824362,2.22,1.14,53.25,Healthy
14:01:32,238.8885369,2.23,0.9,53.25,Healthy
14:01:35,237.5121912,2.24,0.91,53.25,Healthy
14:01:38,238.5826823,2.25,1.19,53.25,Healthy
14:01:40,237.3834103,2.61,0.83,53.19,Healthy
14:01:43,237.9790219,2.25,1.11,53.25,Healthy
14:01:46,237.3914591,2.21,1.19,53.25,Healthy
14:01:49,236.8199939,2.23,0.93,53.31,Healthy
14:01:51,237.9387778,2.25,0.98,53.31,Healthy
14:01:54,237.8421922,2.23,1.19,53.31,Healthy
14:01:57,238.139998,2.24,1.04,53.31,Healthy
14:02:00,237.2868246,2.24,0.81,53.31,Healthy
14:02:03,236.0231622,2.23,1.15,53.31,Healthy
14:02:05,237.2063366,2.2,1.11,53.31,Healthy
14:02:08,237.0775557,2.21,0.89,53.38,Healthy
14:02:11,236.8280427,2.22,0.99,53.44,Healthy
14:02:14,236.5463346,2.21,1.15,53.38,Healthy
14:02:16,236.0070646,2.24,0.98,53.44,Healthy
14:02:19,238.139998,2.25,0.82,53.44,Healthy
14:02:22,237.9146314,2.25,1.17,53.5,Healthy
14:02:25,235.0331592,2.21,1.15,53.5,Healthy
14:02:27,235.8460885,2.17,0.93,53.5,Healthy
14:02:30,237.0775557,2.25,0.96,53.5,Healthy
14:02:33,237.3914591,2.25,1.22,53.56,Healthy
14:02:36,236.7073107,2.21,1.07,53.56,Healthy
14:02:38,236.3048704,2.25,0.76,53.63,Healthy
14:02:41,236.5624322,2.29,1.17,53.63,Healthy
14:02:44,237.2224342,2.25,1.1,53.63,Healthy
14:02:47,237.7214601,2.23,0.94,53.69,Healthy
14:02:49,237.4397519,2.25,1.02,53.69,Healthy
14:02:52,236.4014561,2.18,1.16,53.75,Healthy
14:02:55,236.5302369,2.2,1.05,53.75,Healthy
14:02:58,237.5041424,2.26,0.77,53.75,Healthy
14:03:00,238.2285348,2.25,1.1,53.81,Healthy
14:03:03,238.1963396,2.21,1.22,53.81,Healthy
14:03:06,237.5041424,2.22,0.99,53.81,Healthy
14:03:09,237.1338973,2.25,0.81,53.81,Healthy
14:03:11,237.3914591,2.24,1.19,53.81,Healthy
14:03:14,236.5543834,2.59,1.05,53.69,Healthy
14:03:17,237.3190199,2.55,0.82,53.81,Healthy
14:03:20,238.9126833,2.28,1.23,53.88,Healthy
14:03:22,236.4497489,2.2,0.82,53.88,Healthy
14:03:25,237.9548755,2.28,0.96,53.88,Healthy
14:03:28,236.6831642,2.24,1.14,53.88,Healthy
14:03:31,236.7636523,2.21,0.85,53.88,Healthy
14:03:33,237.8743874,2.2,0.97,53.88,Healthy
14:03:36,236.9326772,2.24,1.16,53.88,Healthy
14:03:39,238.4217062,2.18,0.97,53.75,Healthy
14:03:42,236.9246284,2.26,0.81,53.69,Healthy
14:03:45,238.9851225,2.26,1.2,53.63,Healthy
14:03:47,238.2285348,2.27,1.04,53.56,Healthy
14:03:50,237.5121912,2.28,0.81,53.5,Healthy
14:03:53,237.7938994,2.25,1.21,53.5,Healthy
14:03:56,238.0595099,2.21,1.04,53.5,Healthy
14:03:58,237.9387778,2.26,0.89,53.5,Healthy
14:04:01,238.6309751,2.19,1.23,53.44,Healthy
14:04:04,238.1721932,2.28,1.06,53.5,Healthy
14:04:07,238.6229263,2.21,0.9,53.44,Healthy
14:04:09,237.4397519,2.23,1.14,53.44,Healthy
14:04:12,238.0031683,2.24,1.03,53.5,Healthy
14:04:15,237.9709731,2.22,0.85,53.44,Healthy
14:04:18,235.2343793,2.25,1.19,53.5,Healthy
14:04:20,237.2385318,2.25,0.99,53.5,Healthy
14:04:23,237.479996,2.22,1.04,53.5,Healthy
14:04:26,237.560484,2.26,1.26,53.56,Healthy
14:04:29,237.8743874,2.2,0.88,53.56,Healthy
14:04:31,236.2968216,2.24,0.92,53.56,Healthy
15:43:03,5.07879605,0.32,0.99,36.19,Healthy
15:43:05,237.0534093,4.94,1.37,36.19,Warning
15:43:06,238.9448785,1.98,0.84,36.19,Healthy
15:43:07,241.4480569,2.06,1.46,36.19,Warning
15:43:08,238.4458526,2.07,1.85,36.19,Warning
15:43:10,240.0878088,2.05,1.9,36.19,Warning
15:43:11,238.3492669,2.01,1.1,36.19,Healthy
15:43:12,238.8965857,2.07,1.35,36.19,Warning
15:43:13,238.5182918,2.06,1.12,36.19,Healthy
15:43:15,239.5485389,2.03,1.5,36.19,Warning
15:43:16,238.0595099,2.1,1.91,36.25,Warning
15:43:17,238.5182918,2.07,0.78,36.19,Healthy
15:43:18,238.469999,2.04,0.9,36.19,Healthy
15:43:20,239.4358556,2.04,0.77,36.13,Healthy
15:43:21,238.3734133,2.04,0.79,36.19,Healthy
15:43:22,238.6712191,2.06,1.82,36.19,Warning
15:43:23,238.2365836,2.07,1.27,36.19,Healthy
15:43:25,238.6390239,2.09,1.33,36.13,Warning
15:43:26,238.9770737,2.06,1.89,36.19,Warning
15:43:27,238.5424382,2.09,1.03,36.13,Healthy
15:43:28,239.1380498,2.04,1.4,36.19,Warning
15:43:30,238.9851225,2.08,1.37,36.13,Warning
15:43:31,238.6631703,2.05,2.02,36.19,Warning
15:43:32,239.0656106,2.2,1.13,36.13,Healthy
15:43:33,238.9207321,2.25,1.09,36.19,Healthy
15:43:35,239.1943915,2.24,0.77,36.19,Healthy
15:43:36,238.9529273,2.22,1.26,36.19,Healthy
15:43:37,239.1139034,2.05,1.64,36.19,Warning
15:43:38,239.2265867,2.12,1.36,36.19,Warning
15:43:40,239.2587819,2.13,1.31,36.19,Warning
15:43:41,238.7839024,2.06,1.44,36.25,Warning
15:43:42,238.139998,2.07,1.42,36.25,Warning
15:43:43,239.4680508,2.09,1.3,36.25,Warning
15:43:45,239.1380498,2.08,1.64,36.25,Warning
15:43:46,239.0414642,2.08,1.56,36.25,Warning
15:43:47,238.510243,2.16,0.84,36.25,Healthy
15:43:48,238.9851225,2.07,0.77,36.25,Healthy
15:43:50,239.0414642,2.09,1.45,36.31,Warning
15:43:51,239.049513,2.06,1.43,36.25,Warning
15:43:52,239.4841484,2.09,1.45,36.31,Warning
15:43:53,239.3956116,2.09,1.48,36.31,Warning
15:43:55,239.5565877,2.12,2.07,36.31,Warning
15:43:56,239.6129293,2.08,1.34,36.38,Warning
15:43:57,239.3392699,2.06,1.4,36.31,Warning
15:43:58,241.6734234,2.06,1.89,36.31,Warning
15:44:00,239.9348815,2.11,1.18,36.38,Healthy
15:44:01,239.9026863,2.12,0.95,36.38,Healthy
15:44:02,239.4036604,2.1,1.07,36.38,Healthy
15:44:03,238.7919512,2.09,0.79,36.38,Healthy
15:44:05,239.2748795,2.13,1.31,36.38,Warning
15:44:06,239.1943915,2.08,1.36,36.44,Warning
15:44:07,239.6451245,2.13,1.92,36.44,Warning
15:44:08,239.2587819,2.13,0.78,36.38,Healthy
15:44:10,239.8704911,2.04,0.64,36.38,Healthy
15:44:11,239.419758,2.14,0.63,36.44,Healthy
15:44:12,239.3956116,2.16,1.89,36.44,Warning
15:44:14,239.6129293,2.12,1.77,36.44,Warning
15:44:15,239.5485389,2.09,1.06,36.44,Healthy
15:44:16,239.5565877,2.11,1.19,36.44,Healthy
15:44:17,241.0053726,2.09,0.8,36.44,Healthy
15:44:19,239.3231723,2.14,0.66,36.44,Healthy
15:44:20,239.4519532,2.13,1.26,36.5,Healthy
15:44:21,239.3392699,2.13,1.37,36.44,Warning
15:44:22,239.0817082,2.14,1.37,36.5,Warning
15:44:24,7.533681621,0.29,1.06,36.44,Healthy
15:44:25,4.54757491,0.3,0.91,36.5,Healthy
15:44:26,0,0.3,1.11,36.5,Healthy
15:44:27,6.012457447,0.31,0.99,36.5,Healthy
15:44:29,5.07879605,0.26,1,36.5,Healthy
15:44:30,0,0.27,1,36.5,Healthy
15:44:31,0,0.28,0.99,36.56,Healthy
15:44:32,0,0.31,0.99,36.5,Healthy
15:44:34,8.499538239,0.29,0.98,36.56,Healthy
15:44:35,19.67127979,1.01,0.99,36.5,Healthy
15:44:36,5.561724359,0.95,0.98,36.5,Healthy
15:44:37,5.07879605,0.96,0.99,36.5,Healthy
15:44:39,6.817337962,0.95,1,36.5,Healthy
15:44:40,4.54757491,0.27,0.99,36.5,Healthy
15:44:41,4.54757491,0.34,0.99,36.5,Healthy
15:44:42,4.54757491,0.3,1.01,36.56,Healthy
15:52:07,239.3956116,2.07,1.13,36.44,Healthy
15:52:08,238.6953655,2.04,1.03,36.44,Healthy
15:52:10,238.3734133,2.06,0.42,36.44,Healthy
15:52:11,238.6390239,2.05,1.35,36.44,Warning
15:52:12,239.3392699,2.06,0.98,36.44,Healthy
15:52:13,239.709515,2.08,1.22,36.44,Healthy
15:52:15,240.7478108,2.09,0.98,36.44,Healthy
15:52:16,240.2004921,2.11,1.47,36.44,Warning
15:52:17,241.2548856,2.12,1.31,36.44,Warning
15:52:18,239.0736594,2.09,0.3,36.44,Healthy
15:52:20,239.7658566,2.09,1.64,36.44,Warning
15:52:21,239.049513,2.1,1.71,36.44,Warning
15:52:22,239.3875628,2.11,1.54,36.38,Warning
15:52:23,239.9912232,2.1,1.2,36.44,Healthy
15:52:25,240.7317132,2.09,1.31,36.44,Warning
15:52:26,239.999272,2.06,1.06,36.44,Healthy
15:52:27,238.8482928,2.09,1.12,36.44,Healthy
15:52:28,239.3956116,2.1,1.37,36.44,Warning
15:52:30,236.5302369,2.07,1.68,36.44,Warning
15:52:31,240.739762,2.13,1.21,36.44,Healthy
15:52:32,240.9007381,2.11,0.9,36.38,Healthy
15:52:33,240.4822003,2.08,1.02,36.44,Healthy
15:52:35,239.8785399,2.1,1.15,36.44,Healthy
15:52:36,241.0214702,2.11,1.33,36.44,Warning
15:52:37,240.7478108,2.1,1.6,36.5,Warning
15:52:38,240.8122013,2.09,1.48,36.5,Warning
15:52:40,240.289029,2.13,1.17,36.5,Healthy
15:52:41,239.5485389,2.11,1.08,36.5,Healthy
15:52:42,240.0314672,2.15,1.82,36.5,Warning
15:52:43,240.1280528,2.12,1.78,36.5,Warning
15:52:45,239.6048805,2.14,1.34,36.5,Warning
15:52:46,240.6351276,2.11,1.55,36.5,Warning
15:52:47,239.1943915,2.15,0.76,36.5,Healthy
15:52:48,240.5787859,2.09,1.01,36.56,Healthy
15:52:50,239.5324413,2.1,0.94,36.56,Healthy
15:52:51,239.4278068,2.13,1.29,36.56,Healthy
15:52:52,238.220486,2.14,1.54,36.56,Warning
15:52:53,237.8582898,2.15,1.8,36.56,Warning
15:52:55,239.4841484,2.12,1.25,36.56,Healthy
15:52:56,239.4278068,2.12,1.05,36.56,Healthy
15:52:57,237.560484,2.21,1.42,36.56,Warning
15:52:58,238.8804881,2.24,1.42,36.56,Warning
15:53:00,238.4378038,2.23,1.96,36.63,Warning
15:53:01,238.7275608,2.19,1.18,36.56,Healthy
15:53:02,237.8421922,2.23,1.22,36.63,Healthy
15:53:03,236.0875527,2.24,1.06,36.56,Healthy
15:53:05,237.9226802,2.17,1.33,36.63,Warning
15:53:06,239.1058546,2.25,1.11,36.56,Healthy
15:53:07,238.3412181,2.29,1.25,36.56,Healthy
15:53:08,238.759756,2.24,1.03,36.56,Healthy
15:53:10,239.2426843,2.22,1.28,36.56,Healthy
15:53:11,239.7819542,2.26,1.06,36.63,Healthy
15:53:12,241.2548856,2.21,0.76,36.63,Healthy
15:53:13,238.6873167,2.2,1.54,36.69,Warning
15:53:15,238.9448785,2.24,1.58,36.69,Warning
15:53:16,239.5243925,2.22,1.15,36.69,Healthy
15:53:17,239.2346355,2.27,0.66,36.69,Healthy
15:53:18,239.2426843,2.11,0.76,36.69,Healthy
15:53:20,239.3875628,2.21,1.41,36.81,Warning
15:53:21,238.9448785,2.21,1.54,36.69,Warning
15:53:22,239.1058546,2.19,0.93,36.63,Healthy
15:53:23,238.9126833,2.21,1.3,36.75,Warning
15:53:25,239.1380498,2.1,1.15,36.81,Healthy
15:53:26,240.4258586,2.1,1.13,36.75,Healthy
15:53:27,239.500246,2.12,1.33,36.75,Warning
15:53:28,240.6834204,2.25,1.49,36.81,Warning
15:53:30,239.419758,2.25,1.5,36.75,Warning
15:53:31,239.0736594,2.24,1.09,36.75,Healthy
15:53:32,239.4358556,2.22,1.09,36.81,Healthy
15:53:33,239.7336614,2.14,1.14,36.81,Healthy
15:53:35,239.6773198,2.2,1.06,36.88,Healthy
15:53:36,240.1843945,2.16,1.01,36.81,Healthy
15:53:37,239.8946375,2.18,1.64,36.88,Warning
15:53:38,239.2990259,2.15,1.29,36.81,Healthy
15:53:40,239.9912232,2.16,1.3,36.88,Warning
15:53:41,240.2648825,2.13,1.12,36.88,Healthy
15:53:42,240.5787859,2.27,0.91,36.81,Healthy
15:53:43,240.2487849,2.22,1.15,36.88,Healthy
15:53:45,239.2990259,2.25,1.83,36.81,Warning
15:53:46,239.8704911,2.18,0.97,36.88,Healthy
15:53:47,239.7175638,2.15,1.13,36.94,Healthy
15:53:48,240.1280528,2.17,1.6,36.94,Warning
15:53:50,239.3392699,2.15,1.47,36.94,Warning
15:53:51,240.5787859,2.15,1.64,36.94,Warning
15:53:52,240.2568337,2.18,1.37,36.94,Warning
15:53:53,240.1843945,2.2,1.61,36.94,Warning
15:53:55,241.279032,2.22,1.43,36.94,Warning
15:53:56,239.6048805,2.19,1.02,36.88,Healthy
15:53:57,240.6834204,2.16,0.81,36.94,Healthy
15:53:58,239.460002,2.17,0.88,37,Healthy
15:54:00,240.4500051,2.18,1.35,37,Warning
15:54:01,240.5063467,2.21,1.39,36.94,Warning
15:54:02,239.5324413,2.24,1.25,37,Healthy
15:54:03,242.599036,2.3,1.15,37,Healthy
15:54:05,238.6309751,2.28,1.52,37,Warning
15:54:06,239.1943915,2.15,1.22,37,Healthy
15:54:07,238.1721932,2.17,1.09,37.06,Healthy
15:54:08,239.6853686,2.16,1.33,37.06,Warning
15:54:10,239.6773198,2.18,1.38,37.06,Warning
15:54:11,239.9912232,2.17,0.82,37.13,Healthy
15:54:12,237.8582898,2.11,0.63,37.13,Healthy
15:54:13,238.2929253,2.15,1.7,37.13,Warning
15:54:15,239.3070747,2.25,1.37,37.19,Warning
15:54:16,238.3734133,2.2,1.23,37.13,Healthy
15:54:17,237.8180458,2.12,0.88,37.19,Healthy
15:54:18,237.5443864,2.1,0.83,37.19,Healthy
15:54:20,238.2285348,2.15,1.63,37.19,Warning
15:54:21,239.6209781,2.19,1.57,37.25,Warning
15:54:22,238.6229263,2.17,1.38,37.25,Warning
15:54:23,237.8180458,2.18,0.75,37.25,Healthy
15:54:25,237.890485,2.12,1.16,37.25,Healthy
15:54:26,239.999272,2.15,1.02,37.31,Healthy
15:54:27,239.0978058,2.15,1.31,37.31,Warning
15:54:28,239.1460986,2.3,1.14,37.38,Healthy
15:54:30,237.9468267,2.27,0.95,37.31,Healthy
15:54:31,239.2990259,2.29,0.98,37.31,Healthy
15:54:32,239.4358556,2.23,1.62,37.38,Warning
15:54:33,239.2104891,2.16,1.41,37.38,Warning
15:54:35,239.3553676,2.15,1.2,37.44,Healthy
15:54:36,238.2043884,2.11,0.99,37.44,Healthy
15:54:37,238.4539014,2.12,1.11,37.44,Healthy
15:54:38,238.2526812,2.12,1.74,37.44,Warning
15:54:40,238.4780478,2.16,1.57,37.44,Warning
15:54:41,237.6731673,2.16,1.3,37.5,Warning
15:54:42,238.0031683,2.15,0.48,37.5,Healthy
15:54:43,239.3070747,2.16,0.86,37.5,Healthy
15:54:45,238.1882908,2.17,1.04,37.5,Healthy
15:54:46,238.3090229,2.16,1.61,37.56,Warning
15:54:47,238.1560956,2.16,1.22,37.56,Healthy
15:54:48,238.4056085,2.18,1.24,37.63,Healthy
15:54:50,237.7536553,2.13,1.43,37.63,Warning
15:54:51,238.8321952,2.18,1.25,37.63,Healthy
15:54:52,238.3814621,2.16,1.05,37.63,Healthy
15:54:53,237.5443864,2.12,1.55,37.63,Warning
15:54:55,236.7153595,2.19,1.25,37.69,Healthy
15:54:56,237.6087768,2.17,1.11,37.75,Healthy
15:54:57,237.4880448,2.12,1.1,37.75,Healthy
15:54:58,238.7839024,2.18,1.46,37.75,Warning
15:55:00,238.1641444,2.17,1.17,37.75,Healthy
15:55:01,238.2848765,2.13,1.15,37.81,Healthy
15:55:02,238.6390239,2.15,1.33,37.81,Warning
15:55:04,238.6631703,2.17,1.01,37.81,Healthy
15:55:05,238.0675587,2.17,1.71,37.88,Warning
15:55:06,238.099754,2.13,0.9,37.88,Healthy
15:55:07,238.2526812,2.15,1.44,37.88,Warning
15:55:09,238.4780478,2.18,1.06,37.88,Healthy
15:55:10,238.1882908,2.1,0.52,37.88,Healthy
15:55:11,238.7195119,2.27,1.73,37.88,Warning
15:55:12,236.5302369,2.27,1.16,37.94,Healthy
15:55:14,239.0092689,2.3,1.75,38,Warning
15:55:15,238.9287809,2.21,1.8,38,Warning
15:55:16,238.4780478,2.14,0.97,38,Healthy
15:55:17,238.0917051,2.14,0.72,38,Healthy
15:55:19,238.0353635,2.15,1.13,38,Healthy
15:55:20,238.4458526,2.19,1.16,38,Healthy
15:55:21,238.8563416,2.12,1.43,38.06,Warning
15:55:22,239.0414642,2.17,1.57,38.06,Warning
15:55:24,239.0736594,2.21,1.21,38.13,Healthy
15:55:25,239.3312211,2.17,0.89,38.06,Healthy
15:55:26,238.7034143,2.23,0.83,38.13,Healthy
15:55:27,238.0031683,2.16,1.12,38.13,Healthy
15:55:29,238.4860966,2.15,1.4,38.19,Warning
15:55:30,238.550487,2.14,1.74,38.19,Warning
15:55:31,238.7195119,2.15,0.92,38.19,Healthy
15:55:32,238.1963396,2.13,0.73,38.19,Healthy
15:55:34,238.3573157,2.17,1.21,38.25,Healthy
15:55:35,238.8804881,2.17,1.45,38.25,Warning
15:55:36,238.759756,2.15,1.58,38.25,Warning
15:55:37,237.7858506,2.18,1.43,38.31,Warning
15:55:39,238.9207321,2.22,1.14,38.31,Healthy
15:55:40,238.6229263,2.22,0.67,38.31,Healthy
15:55:41,238.8885369,2.21,1.05,38.31,Healthy
15:55:42,238.9207321,2.18,1.5,38.38,Warning
15:55:44,239.1782938,2.16,1.65,38.38,Warning
15:55:45,239.8141494,2.18,1.49,38.38,Warning
15:55:46,239.0978058,2.16,1.01,38.44,Healthy
15:55:47,239.9912232,2.2,0.87,38.44,Healthy
15:55:49,240.739762,2.17,1.62,38.44,Warning
15:55:50,239.3553676,2.14,1.49,38.5,Warning
15:55:51,239.130001,2.17,1.71,38.5,Warning
15:55:52,239.170245,2.23,0.99,38.56,Healthy
15:55:54,239.3231723,2.17,0.81,38.56,Healthy
15:55:55,239.9670767,2.19,1.08,38.56,Healthy
15:55:56,239.7819542,2.17,1.19,38.56,Healthy
15:55:57,240.7639085,2.22,1,38.56,Healthy
15:55:59,240.3212242,2.2,1.39,38.63,Warning
15:56:00,240.2165897,2.16,1.21,38.63,Healthy
15:56:01,240.5868347,2.19,0.84,38.63,Healthy
15:56:02,240.4258586,2.21,1.07,38.69,Healthy
15:56:04,240.2246385,2.18,1.51,38.69,Warning
15:56:05,240.039516,2.18,1.32,38.69,Warning
15:56:06,239.709515,2.19,1.35,38.69,Warning
15:56:07,239.5807341,2.2,1.48,38.75,Warning
15:56:09,239.6773198,2.15,0.79,38.75,Healthy
15:56:10,240.120004,2.19,0.8,38.75,Healthy
15:56:11,239.8946375,2.25,1.35,38.81,Warning
15:56:12,239.1782938,2.18,1.47,38.81,Warning
15:56:14,238.8885369,2.3,1.66,38.88,Warning
15:56:15,239.3231723,2.29,1.17,38.88,Healthy
15:56:16,240.989275,2.33,0.98,38.81,Healthy
15:56:17,241.0697631,2.29,1.46,38.81,Warning
15:56:19,240.2165897,2.19,1.09,38.94,Healthy
15:56:20,239.4278068,2.2,1.41,38.94,Warning
15:56:21,239.7980518,2.16,1.3,38.94,Warning
15:56:22,239.6451245,2.14,1.17,38.94,Healthy
15:56:24,239.8785399,2.17,0.67,39,Healthy
15:56:25,239.4358556,2.19,1.17,38.94,Healthy
15:56:26,240.1521993,2.2,1.58,39,Warning
16:00:27,239.8785399,2.18,1.49,39,Warning
16:00:28,240.2246385,2.17,1.33,39,Warning
16:00:28,239.0978058,2.18,0.87,39.06,Healthy
16:00:28,239.4519532,2.22,0.58,39.06,Healthy
16:00:28,239.2748795,2.21,1.05,39.06,Healthy
16:00:28,239.669271,2.2,1.36,39.06,Warning
16:00:28,239.2668307,2.22,1.41,39.06,Warning
16:00:28,239.2668307,2.2,1,39.13,Healthy
16:00:28,239.3070747,2.21,0.61,39.13,Healthy
16:00:28,239.9912232,2.2,1.07,39.13,Healthy
16:00:28,239.0092689,2.19,1.24,39.19,Healthy
16:00:28,240.2165897,2.2,1.1,39.13,Healthy
16:00:28,239.500246,2.17,1.46,39.13,Warning
16:00:28,239.6853686,2.19,0.81,39.13,Healthy
16:00:28,239.4680508,2.2,0.74,39.19,Healthy
16:00:28,239.1460986,2.14,1.03,39.19,Healthy
16:00:28,239.8785399,2.2,1.46,39.19,Warning
16:00:28,239.5565877,2.16,0.98,39.19,Healthy
16:00:28,238.7919512,2.19,1.71,39.19,Warning
16:00:28,238.2929253,2.19,1.01,39.19,Healthy
16:00:28,239.4680508,2.18,0.75,39.19,Healthy
16:00:28,238.6712191,2.17,0.82,39.25,Healthy
16:00:28,239.1058546,2.2,1.1,39.25,Healthy
16:00:28,240.4822003,2.16,1.46,39.25,Warning
16:00:28,240.289029,2.26,1.45,39.31,Warning
16:00:28,240.1843945,2.19,1.52,39.31,Warning
16:00:28,239.8785399,2.21,0.97,39.38,Healthy
16:00:28,240.5868347,2.18,1.21,39.38,Healthy
16:00:28,238.8885369,2.23,1.17,39.44,Healthy
16:00:28,239.3634164,2.21,1.81,39.44,Warning
16:00:28,239.6370757,2.23,1.57,39.44,Warning
16:00:28,240.9007381,2.25,1.24,39.44,Healthy
16:00:28,240.1039064,2.2,1.28,39.5,Healthy
16:00:28,239.9026863,2.19,1.1,39.5,Healthy
16:00:28,238.5343894,2.18,1.66,39.5,Warning
16:00:28,238.6068287,2.2,1.38,39.5,Warning
16:00:28,238.6712191,2.16,1.25,39.5,Healthy
16:00:28,239.2265867,2.19,1.42,39.56,Warning
16:00:28,238.8885369,2.18,1.32,39.56,Warning
16:00:28,239.1782938,2.23,1.06,39.63,Healthy
16:00:28,239.1782938,2.17,0.97,39.63,Healthy
16:00:28,238.3895109,2.14,1.66,39.63,Warning
16:00:28,238.2043884,2.15,0.84,39.63,Healthy
16:00:28,239.2024403,2.16,1.69,39.69,Warning
16:00:28,237.5121912,2.21,1.29,39.69,Healthy
16:00:28,238.7275608,2.2,0.8,39.75,Healthy
16:00:28,238.3734133,2.19,0.96,39.75,Healthy
16:00:28,238.8160976,2.19,0.96,39.75,Healthy
16:00:28,238.7275608,2.16,1.08,39.75,Healthy
16:00:28,238.5343894,2.21,1.19,39.75,Healthy
16:00:28,237.8824362,2.18,1.35,39.75,Warning
16:00:28,238.6873167,2.2,1.4,39.81,Warning
16:00:28,237.3512151,2.19,0.77,39.75,Healthy
16:00:28,238.7356096,2.16,1.3,39.75,Warning
16:00:28,239.1460986,2.17,1.04,39.81,Healthy
16:00:28,238.9770737,2.18,1.12,39.81,Healthy
16:00:28,238.1078028,2.21,1.57,39.81,Warning
16:00:28,238.8241464,2.2,1.03,39.88,Healthy
16:00:28,238.6873167,2.14,0.86,39.88,Healthy
16:00:28,238.3412181,2.2,0.71,39.88,Healthy
16:00:28,238.4378038,2.19,1.32,39.94,Warning
16:00:28,238.8321952,2.22,1.14,39.94,Healthy
16:00:28,239.3392699,2.21,1.75,40,Warning
16:00:28,239.5324413,2.19,1.5,40,Warning
16:00:28,240.1924433,2.27,1.37,40.06,Warning
16:00:28,238.8885369,2.32,0.69,39.94,Healthy
16:00:28,239.2426843,2.27,0.6,40,Healthy
16:00:28,239.3392699,2.29,1.22,40,Healthy
16:00:28,239.6773198,2.17,1.13,40.06,Healthy
16:00:28,239.8302471,2.23,1.28,40.06,Healthy
16:00:28,239.5243925,2.21,1.28,40.13,Healthy
16:00:28,239.8704911,2.22,0.96,40.13,Healthy
16:00:28,239.2909771,2.17,0.98,40.13,Healthy
16:00:28,239.2587819,2.2,1.03,40.13,Healthy
16:00:28,239.6853686,2.21,1.27,40.13,Healthy
16:00:28,239.749759,2.19,1.25,40.19,Healthy
16:00:28,239.9268327,2.24,1.45,40.19,Warning
16:00:28,239.2265867,2.19,1.46,40.25,Warning
16:00:28,239.9590279,2.19,0.82,40.25,Healthy
16:00:28,239.7175638,2.13,0.57,40.25,Healthy
16:00:28,239.9751256,2.18,1.03,40.31,Healthy
16:00:28,240.039516,2.24,1.25,40.31,Healthy
16:00:28,238.8321952,2.16,1.12,40.31,Healthy
16:00:28,238.8804881,2.2,1.26,40.31,Healthy
16:00:28,239.5163437,2.19,1.37,40.38,Warning
16:00:28,239.6773198,2.22,1.23,40.38,Healthy
16:00:28,240.739762,2.17,0.88,40.44,Healthy
16:00:28,240.6431764,2.2,1.05,40.38,Healthy
16:00:28,239.6370757,2.2,1.6,40.44,Warning
16:00:28,239.5163437,2.15,1.29,40.44,Healthy
16:00:28,239.2265867,2.21,1.44,40.44,Warning
16:00:28,240.4741515,2.19,1.77,40.44,Warning
16:00:28,240.329273,2.18,1.18,40.44,Healthy
16:00:28,241.6573258,2.22,1,40.44,Healthy
16:00:28,240.0717112,2.16,1.2,40.5,Healthy
16:00:28,239.5324413,2.21,1.14,40.5,Healthy
16:00:28,239.7014662,2.21,1.27,40.5,Healthy
16:00:28,240.8122013,2.21,1.54,40.56,Warning
16:00:28,240.8282989,2.21,1.61,40.5,Warning
16:00:28,240.1039064,2.22,1.52,40.56,Warning
16:00:28,241.1582999,2.2,1.22,40.63,Healthy
16:00:28,239.8785399,2.2,1.16,40.63,Healthy
16:00:28,240.3212242,2.21,1.32,40.63,Warning
16:00:28,240.3534194,2.19,1.33,40.63,Warning
16:00:28,239.5887829,2.22,1.06,40.63,Healthy
16:00:28,240.5143955,2.25,1.73,40.69,Warning
16:00:28,240.1843945,2.2,1.47,40.69,Warning
16:00:28,239.5565877,2.18,1.29,40.69,Healthy
16:00:28,240.0314672,2.21,0.95,40.63,Healthy
16:00:28,239.6853686,2.19,0.86,40.69,Healthy
16:00:28,237.0453605,2.21,1.23,40.69,Healthy
16:00:28,239.2104891,2.25,1.65,40.63,Warning
16:00:28,240.1602481,2.16,1.6,40.63,Warning
16:00:28,239.9590279,2.2,1.6,40.63,Warning
16:00:28,239.3875628,2.23,1.35,40.69,Warning
16:00:28,239.4519532,2.22,1.07,40.69,Healthy
16:00:28,239.8704911,2.18,1.28,40.69,Healthy
16:00:28,239.7336614,2.14,0.92,40.69,Healthy
16:00:28,239.3553676,2.14,1.39,40.75,Warning
16:00:28,239.0173177,2.14,1.32,40.75,Warning
16:00:28,239.3956116,2.17,1.63,40.81,Warning
16:00:28,239.5243925,2.23,1.41,40.81,Warning
16:00:28,239.669271,2.25,0.94,40.88,Healthy
16:00:28,239.9429303,2.21,1.02,40.88,Healthy
16:00:28,240.1602481,2.24,1.13,40.88,Healthy
16:00:28,240.4741515,2.2,1.02,40.88,Healthy
16:00:28,239.3070747,2.23,1.2,40.88,Healthy
16:00:28,239.1943915,2.21,1.3,40.88,Warning
16:00:28,240.6109812,2.24,1.67,40.88,Warning
16:00:28,238.8965857,2.24,1.37,40.94,Warning
16:00:28,240.7800061,2.26,1.49,40.94,Warning
16:00:28,239.3714652,2.18,0.73,41,Healthy
16:00:28,238.6229263,2.21,0.65,41,Healthy
16:00:28,238.9207321,2.2,1.11,41.06,Healthy
16:00:28,239.5887829,2.19,1.02,41.06,Healthy
16:00:28,239.1139034,2.22,1.39,41.06,Warning
16:00:28,239.8382959,2.2,1.5,41.06,Warning
16:00:28,238.6953655,2.2,1.2,41.06,Healthy
16:00:28,239.6048805,2.21,1.2,41.06,Healthy
16:00:28,239.6209781,2.2,0.67,41.06,Healthy
16:00:28,238.3492669,2.22,0.88,41.06,Healthy
16:00:28,239.8061006,2.22,1.33,41.13,Warning
16:00:28,239.2748795,2.2,1.2,41.13,Healthy
16:00:28,239.0092689,2.14,1.43,41.06,Warning
16:00:28,240.0958576,2.22,1.17,41.13,Healthy
16:00:28,239.2909771,2.23,1.64,41.13,Warning
16:00:28,238.3090229,2.2,1.41,41.19,Warning
16:00:28,239.0817082,2.24,1.06,41.19,Healthy
16:00:28,239.1139034,2.23,1.16,41.19,Healthy
16:00:28,239.0978058,2.23,0.93,41.19,Healthy
16:00:28,239.4921972,2.21,1.71,41.25,Warning
16:00:28,240.2487849,2.22,1.25,41.25,Healthy
16:00:28,238.9770737,2.21,1.14,41.25,Healthy
16:00:28,238.6551215,2.21,1.4,41.25,Warning
16:00:28,239.500246,2.22,1.5,41.25,Warning
16:00:28,239.2346355,2.21,1.4,41.31,Warning
16:00:28,238.9126833,2.18,1.25,41.31,Healthy
16:00:28,239.8704911,2.21,1.04,41.38,Healthy
16:00:28,239.999272,2.27,1.01,41.38,Healthy
16:00:28,239.7014662,2.22,0.76,41.38,Healthy
16:00:28,240.9329334,2.39,1.17,41.56,Healthy
16:00:28,239.1139034,2.33,1.5,41.38,Warning
16:00:28,239.3553676,2.3,1.4,41.44,Warning
16:00:28,240.3453706,2.3,1.23,41.38,Healthy
16:00:28,238.8160976,2.32,1.09,41.5,Healthy
16:00:28,239.4841484,2.34,1.02,41.44,Healthy
16:00:28,238.8563416,2.29,0.69,41.5,Healthy
16:00:28,239.2426843,2.31,1.3,41.56,Warning
16:00:28,242.0678149,2.31,0.98,41.63,Healthy
16:00:28,239.3634164,2.34,1.33,41.56,Warning
16:00:28,238.9448785,2.31,1.36,41.56,Warning
16:00:28,239.6451245,2.34,1.01,41.69,Healthy
16:00:28,239.8624423,2.29,1.33,41.69,Warning
16:00:28,239.0978058,2.34,1.24,41.69,Healthy
16:00:28,241.1341535,2.35,1.31,41.69,Warning
16:00:28,238.3573157,2.28,1.62,41.69,Warning
16:00:28,245.9392902,2.2,1.39,41.75,Warning
16:00:28,239.4519532,2.19,0.87,41.75,Healthy
16:00:28,239.419758,2.32,1.05,41.75,Healthy
16:00:28,242.7600121,2.3,0.88,41.75,Healthy
16:00:28,239.5163437,2.32,1.65,41.75,Warning
16:00:28,239.2426843,2.37,1.39,41.81,Warning
16:00:28,240.5546395,2.19,1.2,41.81,Healthy
16:00:28,239.7175638,2.2,1.24,41.88,Healthy
16:00:28,239.170245,2.22,1.41,41.88,Warning
16:00:28,241.0214702,2.35,1.26,41.94,Healthy
16:00:28,239.7175638,2.38,1.39,41.88,Warning
16:00:28,239.500246,2.31,1.33,41.94,Warning
16:00:28,239.7819542,2.31,1.1,41.94,Healthy
16:00:28,239.1782938,2.23,1.19,41.94,Healthy
16:00:28,238.8160976,2.19,0.91,41.94,Healthy
16:00:28,238.4056085,2.2,0.91,41.94,Healthy
16:00:28,239.2104891,2.16,0.97,41.94,Healthy
16:00:29,239.4841484,2.19,1.5,42,Warning
16:00:30,239.2748795,2.18,1.65,42,Warning
16:00:31,236.650969,2.29,1.6,42.13,Warning
16:02:01,238.6873167,2.33,1.28,42,Healthy
16:02:01,239.7014662,2.31,1.43,42,Warning
16:02:01,238.6551215,2.3,0.86,42,Healthy
16:02:01,239.3553676,2.19,0.82,42.13,Healthy
16:02:01,240.0636624,2.21,1.34,42.13,Warning
16:02:01,239.6853686,2.17,2,42.13,Warning
16:02:01,238.469999,2.25,1.4,42.06,Warning
16:02:01,239.4358556,2.15,1.18,42.06,Healthy
16:02:01,240.0878088,2.26,1.63,42.06,Warning
16:02:01,238.6551215,2.17,1.26,42.06,Healthy
16:02:01,239.3070747,2.2,1.15,42.06,Healthy
16:02:01,238.9448785,2.19,1.32,42.06,Warning
16:02:01,239.8946375,2.2,1.3,42.06,Warning
16:02:01,238.759756,2.16,0.42,42.13,Healthy
16:02:01,239.3553676,2.37,1.38,42.19,Warning
16:02:01,239.0656106,2.3,1.47,42.06,Warning
16:02:01,236.6831642,2.29,1.14,42.06,Healthy
16:02:01,238.6068287,2.34,1.23,42.13,Healthy
16:02:01,238.4378038,2.2,1.3,42.25,Warning
16:02:01,238.2687789,2.19,1.48,42.25,Warning
16:02:01,239.6853686,2.23,1.63,42.31,Warning
16:02:01,238.7275608,2.22,1.32,42.31,Warning
16:02:01,239.2265867,2.2,1.31,42.38,Warning
16:02:01,238.9126833,2.25,0.87,42.38,Healthy
16:02:01,239.3070747,2.21,0.6,42.38,Healthy
16:02:01,239.2265867,2.22,0.84,42.38,Healthy
16:02:01,239.3231723,2.2,1.18,42.44,Healthy
16:02:01,238.7839024,2.25,1.63,42.44,Warning
16:02:01,240.0314672,2.21,1.28,42.44,Healthy
16:02:01,239.7739054,2.24,1.87,42.5,Warning
16:02:01,240.1924433,2.21,1.52,42.56,Warning
16:02:01,240.4580539,2.23,1.12,42.56,Healthy
16:02:01,239.1460986,2.2,1.33,42.63,Warning
16:02:01,239.9026863,2.2,1.1,42.63,Healthy
16:02:01,238.8643904,2.23,0.75,42.69,Healthy
16:02:01,239.0978058,2.19,1.06,42.69,Healthy
16:02:01,239.170245,2.25,1.22,42.75,Healthy
16:02:01,239.7336614,2.36,1.19,42.69,Healthy
16:02:01,238.7919512,2.33,1.47,42.69,Warning
16:02:01,239.2909771,2.33,1.1,42.75,Healthy
16:02:01,239.2346355,2.32,1.72,42.81,Warning
16:02:01,239.3875628,2.25,1.4,42.75,Warning
16:02:01,238.139998,2.22,1.58,42.81,Warning
16:02:01,239.9590279,2.21,1.46,42.81,Warning
16:02:01,238.6712191,2.21,0.79,42.81,Healthy
16:02:01,240.3131754,2.22,1.13,42.81,Healthy
16:02:01,238.3170717,2.22,0.62,42.88,Healthy
16:02:01,239.8785399,2.2,1.15,42.88,Healthy
16:02:01,238.6631703,2.2,0.91,42.88,Healthy
16:02:01,239.8785399,2.23,1.04,42.88,Healthy
16:02:01,238.5343894,2.21,1.87,42.88,Warning
16:02:01,240.2487849,2.22,0.9,42.94,Healthy
16:02:01,239.0656106,2.23,1.82,42.94,Warning
16:02:01,239.6129293,2.18,0.97,43,Healthy
16:02:01,238.9207321,2.23,1.27,43,Healthy
16:02:01,240.1039064,2.21,1.38,43.06,Warning
16:02:01,238.9770737,2.23,1.33,43.06,Warning
16:02:01,239.5726853,2.19,1.16,43.06,Healthy
16:02:01,239.8704911,2.21,1.35,43.13,Warning
16:02:01,239.5243925,2.18,1.21,43.13,Healthy
16:02:01,240.4419563,2.26,1.31,43.13,Warning
16:02:01,238.3573157,2.27,0.9,43.13,Healthy
16:02:01,239.7980518,2.22,1.08,43.13,Healthy
16:02:01,237.9226802,2.21,1.12,43.19,Healthy
16:02:01,238.7919512,2.23,0.75,43.19,Healthy
16:02:01,238.2929253,2.22,0.95,43.19,Healthy
16:02:01,239.6451245,2.29,0.96,43.19,Healthy
16:02:01,238.3412181,2.21,1.05,43.25,Healthy
16:02:01,238.8563416,2.23,1.39,43.25,Warning
16:02:01,238.3251205,2.19,1.67,43.25,Warning
16:02:01,239.9590279,2.34,1.45,43.31,Warning
16:02:02,238.1641444,2.34,1.19,43.38,Healthy
16:02:03,238.5021942,2.36,1.45,43.31,Warning
16:02:04,237.9790219,2.27,1.08,43.31,Healthy
16:02:05,238.469999,2.22,1.08,43.31,Healthy
16:02:07,237.2948734,2.18,0.82,43.31,Healthy
16:02:08,238.5424382,2.2,1.38,43.38,Warning
16:02:09,237.6651185,2.18,0.39,43.38,Healthy
16:02:10,238.4217062,2.25,0.78,43.38,Healthy
16:02:12,237.4397519,2.23,0.92,43.38,Healthy
16:02:13,239.0092689,2.21,1.67,43.38,Warning
16:02:14,238.3734133,2.16,1.45,43.38,Warning
16:02:15,238.8321952,2.21,1.37,43.44,Warning
16:02:17,238.2526812,2.2,1.58,43.5,Warning
16:02:18,238.6631703,2.23,1.27,43.5,Healthy
16:02:19,238.6712191,2.22,1.11,43.5,Healthy
16:02:20,238.4780478,2.22,1.37,43.5,Warning
16:02:22,238.1721932,2.21,1.1,43.5,Healthy
16:02:23,239.3070747,2.19,1.4,43.56,Warning
16:02:24,237.7858506,2.26,1.04,43.56,Healthy
16:02:25,240.5707371,2.23,0.79,43.56,Healthy
16:02:27,239.1460986,2.24,0.85,43.56,Healthy
16:02:28,239.5163437,2.23,0.55,43.63,Healthy
16:02:29,239.3392699,2.24,0.83,43.63,Healthy
16:02:30,239.3231723,2.19,1.8,43.63,Warning
16:02:32,238.8643904,2.22,2.01,43.63,Warning
16:02:33,239.0978058,2.21,1.48,43.69,Warning
16:02:34,238.8965857,2.21,1.46,43.69,Warning
16:02:35,238.8482928,2.23,1.21,43.75,Healthy
16:02:37,239.4680508,2.18,1.14,43.75,Healthy
16:02:38,239.5324413,2.28,1.46,43.75,Warning
16:02:39,238.5746335,2.22,1.36,43.81,Warning
16:02:40,239.709515,2.22,1.38,43.81,Warning
16:02:42,238.4780478,2.28,1.34,43.81,Warning
16:02:43,239.8704911,2.2,1.46,43.81,Warning
16:02:44,237.9548755,2.25,1.22,43.88,Healthy
16:02:45,239.1782938,2.23,1.25,43.81,Healthy
16:02:47,238.9609761,2.23,1.08,43.88,Healthy
16:02:48,238.9851225,2.17,1.18,43.88,Healthy
16:02:49,238.5987799,2.25,1.36,43.88,Warning
16:02:50,239.5243925,2.19,1.57,43.94,Warning
16:02:52,238.5665847,2.2,1.09,43.94,Healthy
16:02:53,239.9751256,2.24,1.51,43.94,Warning
16:02:54,238.2929253,2.25,1.55,44,Warning
16:02:55,239.3714652,2.24,1.26,44,Healthy
16:02:57,238.2929253,2.23,1.61,44,Warning
16:02:58,239.3553676,2.24,1.74,44,Warning
16:02:59,238.5182918,2.18,1.29,43.94,Healthy
16:03:00,239.7658566,2.23,1.28,44,Healthy
16:03:02,238.8,2.23,1.32,44,Warning
16:03:03,238.8965857,2.18,0.88,44,Healthy
16:03:04,237.6087768,2.31,0.88,44.06,Healthy
16:03:05,240.8926893,2.33,1.29,44,Healthy
16:03:07,238.3814621,2.3,1.49,44.06,Warning
16:03:08,238.3895109,2.28,1.07,44,Healthy
16:03:09,237.9790219,2.17,1.06,44,Healthy
16:03:10,238.5182918,2.26,1.36,44.06,Warning
16:03:12,237.9065826,2.2,1.21,44.06,Healthy
16:03:13,238.469999,2.21,1.08,44.06,Healthy
16:03:14,238.6953655,2.2,1.54,44.06,Warning
16:03:15,238.0031683,2.24,1.35,44.06,Warning
16:03:17,237.9790219,2.2,1.36,44.06,Warning
16:03:18,237.4236543,2.19,0.91,44.13,Healthy
16:03:19,238.3492669,2.17,0.92,44.13,Healthy
16:03:20,238.0917051,2.24,0.96,44.13,Healthy
16:03:22,237.9226802,2.25,1.14,44.13,Healthy
16:03:23,239.0414642,2.2,0.84,44.19,Healthy
16:03:24,237.7053625,2.25,1.33,44.19,Warning
16:03:25,239.7739054,2.23,0.96,44.19,Healthy
16:03:27,237.809997,2.2,1.74,44.19,Warning
16:03:28,238.6873167,2.23,1.55,44.19,Warning
16:03:29,237.479996,2.24,1.44,44.25,Warning
16:03:30,239.5163437,2.16,1.41,44.19,Warning
16:03:32,238.139998,2.21,1.64,44.25,Warning
16:03:33,239.3231723,2.24,1.24,44.25,Healthy
16:03:34,238.0031683,2.25,0.92,44.25,Healthy
16:03:35,238.9287809,2.2,1.14,44.25,Healthy
16:03:37,237.2385318,2.17,0.91,44.25,Healthy
16:03:38,237.0856045,2.23,1.14,44.31,Healthy
16:03:39,238.099754,2.2,1.51,44.31,Warning
16:03:40,236.24048,2.21,0.65,44.25,Healthy
16:03:42,236.8843844,2.16,1.28,44.25,Healthy
16:03:43,237.3834103,2.22,1.27,44.25,Healthy
16:03:44,238.220486,2.15,1.44,44.25,Warning
16:03:45,238.1560956,2.23,1.16,44.25,Healthy
16:03:47,238.0031683,2.24,1.16,44.25,Healthy
16:03:48,237.6329233,2.19,1.23,44.25,Healthy
16:03:49,237.1017021,2.21,1.35,44.25,Warning
16:03:50,237.6892649,2.17,1.31,44.25,Warning
16:03:52,239.2346355,2.23,1.42,44.25,Warning
16:03:53,238.9770737,2.23,0.92,44.31,Healthy
16:03:54,238.5021942,2.23,1.67,44.31,Warning
16:03:56,237.0856045,2.19,1.03,44.31,Healthy
16:03:57,237.4236543,2.19,1.17,44.31,Healthy
16:03:58,238.7034143,2.21,1.69,44.25,Warning
16:03:59,237.1982878,2.27,0.92,44.31,Healthy
16:04:01,239.3312211,2.24,0.98,44.31,Healthy
16:04:02,238.3090229,2.27,1.06,44.31,Healthy
16:04:03,237.270727,2.2,1.59,44.31,Warning
16:04:04,237.1097509,2.22,1.14,44.38,Healthy
16:04:06,237.1741414,2.21,1.37,44.38,Warning
16:04:07,238.2848765,2.18,1.42,44.38,Warning
16:04:08,238.8241464,2.22,1.13,44.38,Healthy
16:04:09,237.2948734,2.25,1.3,44.44,Warning
16:04:11,238.5343894,2.2,1.22,44.44,Healthy
16:04:12,238.0434123,2.2,1.42,44.5,Warning
16:04:13,237.890485,2.24,1.02,44.5,Healthy
16:04:14,238.5424382,2.19,1.53,44.56,Warning
16:04:16,237.9790219,2.18,1.06,44.56,Healthy
16:04:17,237.7858506,2.19,1.02,44.63,Healthy
16:04:18,237.850241,2.15,1.16,44.63,Healthy
16:04:19,236.2968216,2.23,0.9,44.69,Healthy
16:04:21,238.6712191,2.2,0.9,44.69,Healthy
16:04:22,237.2868246,2.2,0.65,44.69,Healthy
16:04:23,237.230483,2.2,1.82,44.69,Warning
16:04:24,237.9709731,2.22,1.28,44.75,Healthy
16:04:26,237.5363376,2.22,1.41,44.75,Warning
16:04:27,237.4156055,2.2,1.32,44.81,Warning
16:04:28,238.1560956,2.24,1.16,44.81,Healthy
16:04:29,238.4056085,2.22,1.19,44.88,Healthy
16:04:31,236.9568236,2.2,1.73,44.88,Warning
16:04:32,237.8743874,2.19,1.05,44.94,Healthy
16:04:33,237.7053625,2.21,1.34,44.94,Warning
16:04:34,236.6831642,2.22,1.41,44.94,Warning
16:04:36,237.6248744,2.22,1.28,45,Healthy
16:04:37,237.7053625,2.2,1.67,45,Warning
16:04:38,239.6451245,2.32,1.59,45.06,Warning
16:04:39,237.4236543,2.35,1.22,45.06,Healthy
16:04:41,238.1882908,2.29,1.15,45.06,Healthy
16:04:42,236.7636523,2.33,1.39,45.06,Warning
16:04:43,237.6087768,2.22,1.15,45.06,Healthy
16:04:44,236.7395059,2.23,1.37,45,Warning
16:04:46,236.9568236,2.25,0.96,45.06,Healthy
16:04:47,237.7778017,2.17,0.94,45,Healthy
16:04:48,237.9870707,2.2,1.49,45.06,Warning
16:04:49,236.6026762,2.23,0.91,45.06,Healthy
16:04:51,238.4378038,2.21,0.69,45.06,Healthy
16:04:52,238.6712191,2.22,1.38,45.06,Warning
16:04:53,234.6629142,2.26,0.65,45.06,Healthy
16:04:54,238.0112171,2.18,1.07,45.06,Healthy
16:04:56,237.4397519,2.22,0.89,45.13,Healthy
16:04:57,236.860238,2.21,0.83,45.13,Healthy
16:04:58,236.7958475,2.21,1.03,45.13,Healthy
16:04:59,237.8421922,2.24,0.8,45.19,Healthy
16:05:01,236.9729212,2.22,1.74,45.19,Warning
16:05:02,237.6973137,2.27,1.39,45.19,Warning
16:05:03,236.8280427,2.22,1.58,45.19,Warning
16:05:04,237.3029222,2.23,1.32,45.19,Warning
16:05:06,237.7375577,2.2,1.52,45.19,Warning
16:05:07,236.7395059,2.23,1.44,45.13,Warning
16:05:08,237.3753615,2.19,1.29,45.19,Healthy
16:05:09,237.2385318,2.16,1.61,45.19,Warning
16:05:11,236.8280427,2.22,0.95,45.19,Healthy
16:05:12,238.3090229,2.23,1.34,45.13,Warning
16:05:13,236.1760895,2.2,1.21,45.19,Healthy
16:05:14,238.1963396,2.2,1.23,45.19,Healthy
16:05:16,237.7617041,2.2,1.33,45.25,Warning
16:05:17,237.8421922,2.18,0.8,45.19,Healthy
16:05:18,238.5987799,2.23,1.03,45.25,Healthy
16:05:19,238.099754,2.2,0.94,45.25,Healthy
16:05:21,237.7295089,2.19,1.32,45.25,Warning
16:05:22,238.0112171,2.21,0.79,45.25,Healthy
16:05:23,237.4397519,2.22,1.34,45.25,Warning
16:05:24,237.9790219,2.22,1.72,45.31,Warning
16:05:26,238.3734133,2.2,1.25,45.31,Healthy
16:05:27,237.5121912,2.24,1.19,45.31,Healthy
16:11:35,236.8682868,2.15,1.68,45.31,Warning
16:11:35,237.6329233,2.19,1.3,45.31,Warning
16:11:35,237.6329233,2.2,1.37,45.38,Warning
16:11:35,237.7858506,2.22,1.32,45.38,Warning
16:11:35,238.5746335,2.24,1.63,45.38,Warning
16:11:35,237.9468267,2.19,1.51,45.38,Warning
16:11:35,238.6551215,2.24,1.46,45.38,Warning
16:11:35,238.2043884,2.19,1.17,45.38,Healthy
16:11:35,238.0917051,2.2,1.41,45.38,Warning
16:11:35,239.2104891,2.21,1.08,45.44,Healthy
16:11:35,238.9207321,2.18,1.25,45.44,Healthy
16:11:35,238.6229263,2.22,0.94,45.44,Healthy
16:11:35,238.3895109,2.23,0.69,45.5,Healthy
16:11:35,239.3070747,2.16,1.11,45.44,Healthy
16:11:35,238.3895109,2.21,0.91,45.5,Healthy
16:11:35,239.3231723,2.21,1.27,45.5,Healthy
16:11:35,238.550487,2.28,0.93,45.5,Healthy
16:11:35,238.9770737,2.24,1.59,45.5,Warning
16:11:35,239.170245,2.25,1.28,45.44,Healthy
16:11:35,238.1963396,2.2,1.47,45.5,Warning
16:11:35,239.5243925,2.24,1.35,45.44,Warning
16:11:35,237.6973137,2.26,1.44,45.5,Warning
16:11:35,238.7919512,2.22,1.53,45.44,Warning
16:11:35,237.4719472,2.25,1.32,45.44,Warning
16:11:35,239.1380498,2.24,1.24,45.44,Healthy
16:11:35,238.3492669,2.24,1.41,45.44,Warning
16:11:35,238.2929253,2.25,0.84,45.44,Healthy
16:11:35,240.0636624,2.22,1.07,45.44,Healthy
16:11:35,239.049513,2.19,1.06,45.44,Healthy
16:11:35,238.9448785,2.19,0.83,45.44,Healthy
16:11:35,239.2668307,2.2,1.25,45.44,Healthy
16:11:35,237.9065826,2.28,0.6,45.44,Healthy
16:11:35,239.3070747,2.2,0.92,45.44,Healthy
16:11:35,238.3734133,2.24,0.87,45.5,Healthy
16:11:35,239.419758,2.21,1.61,45.5,Warning
16:11:35,239.3392699,2.17,0.82,45.5,Healthy
16:11:35,238.469999,2.22,1.27,45.5,Healthy
16:11:35,239.3634164,2.22,1.31,45.44,Warning
16:11:35,238.9287809,2.21,1.15,45.44,Healthy
16:11:35,238.8160976,2.21,1.73,45.44,Warning
16:11:35,238.3090229,2.26,1.24,45.44,Healthy
16:11:35,238.6309751,2.24,1.45,45.5,Warning
16:11:35,238.759756,2.25,1.07,45.56,Healthy
16:11:35,238.4539014,2.26,1.86,45.56,Warning
16:11:35,237.6892649,2.27,0.76,45.63,Healthy
16:11:35,238.4056085,2.22,1.02,45.69,Healthy
16:11:35,237.9146314,2.24,1.22,45.69,Healthy
16:11:35,236.7958475,2.2,0.69,45.69,Healthy
16:11:35,238.550487,2.22,1.03,45.69,Healthy
16:11:35,236.9568236,2.2,0.52,45.69,Healthy
16:11:35,238.0031683,2.19,1.08,45.69,Healthy
16:11:35,236.9890188,2.17,1.77,45.69,Warning
16:11:35,238.0273147,2.19,0.9,45.69,Healthy
16:11:35,237.8743874,2.2,1.38,45.69,Warning
16:11:35,237.9065826,2.22,1.45,45.69,Warning
16:11:36,237.6409721,2.26,1.28,45.69,Healthy
16:11:36,239.0173177,2.29,1.47,45.75,Warning
16:11:36,237.7617041,2.3,0.76,45.69,Healthy
16:11:36,238.8885369,2.33,0.82,45.75,Healthy
16:11:36,237.0775557,2.36,1.14,45.81,Healthy
16:11:36,237.0453605,2.25,2.13,45.75,Warning
16:11:36,238.6631703,2.34,1.07,45.81,Healthy
16:11:36,236.5865786,2.29,1.13,45.81,Healthy
16:11:36,236.1519431,2.33,1.53,45.81,Warning
16:11:36,236.6992619,2.21,1.43,45.81,Warning
16:11:36,236.24048,2.31,1.29,45.81,Healthy
16:11:36,236.1841383,2.28,1.56,45.94,Warning
16:11:36,237.0856045,2.33,1.09,45.88,Healthy
16:11:36,235.5241363,2.3,0.81,45.88,Healthy
16:11:36,236.0392598,2.31,1.49,46,Warning
16:11:36,234.6790118,2.3,0.83,45.94,Healthy
16:11:36,235.4597459,2.34,1.26,46,Healthy
16:11:36,235.1136472,2.3,1.12,45.94,Healthy
16:11:36,236.1921871,2.18,1.69,45.94,Warning
16:11:36,234.6468165,2.26,1.29,46,Healthy
16:11:36,237.3592639,2.29,1.24,46.13,Healthy
16:11:36,236.7877987,2.32,1.24,46.13,Healthy
16:11:36,235.2021841,2.29,1.14,46.13,Healthy
16:11:36,236.7636523,2.23,1.06,46.06,Healthy
16:11:36,236.5543834,2.22,1.07,46.13,Healthy
16:11:36,236.3451144,2.16,0.67,46.13,Healthy
16:11:36,237.1741414,2.28,1.1,46.13,Healthy
16:11:36,236.0553574,2.33,0.92,46.13,Healthy
16:11:36,237.2063366,2.34,1.4,46.13,Warning
16:11:36,236.7314571,2.25,1.34,46.19,Warning
16:11:36,237.1338973,2.2,1.27,46.13,Healthy
16:11:36,236.9246284,2.19,1.67,46.13,Warning
16:11:36,237.4880448,2.18,0.97,46.13,Healthy
16:11:36,236.4336513,2.22,1.39,46.06,Warning
16:11:36,237.0775557,2.16,1.15,46.06,Healthy
16:11:36,237.190239,2.22,1.37,46.06,Warning
16:11:36,237.5443864,2.35,0.82,46.13,Healthy
16:11:36,235.7816981,2.27,1.78,46.19,Warning
16:11:36,235.4195018,2.3,0.79,46.13,Healthy
16:11:36,237.5041424,2.34,1.11,46.13,Healthy
16:11:36,235.4275506,2.17,1.42,46.06,Warning
16:11:36,236.1841383,2.16,1.85,46.06,Warning
16:11:36,235.7575517,2.21,1.35,46.06,Warning
16:11:36,236.0070646,2.21,0.94,46.06,Healthy
16:11:36,236.0070646,2.22,1.73,46.06,Warning
16:11:36,236.1921871,2.17,1.28,46.06,Healthy
16:11:36,235.7334052,2.18,1.16,46.06,Healthy
16:11:36,235.371209,2.17,1.62,46.13,Warning
16:11:36,236.6670666,2.2,1.15,46.06,Healthy
16:11:36,236.5624322,2.19,1.46,46.13,Warning
16:11:36,235.4758435,2.16,0.93,46.13,Healthy
16:11:36,236.6429202,2.21,1.49,46.19,Warning
16:11:36,237.3029222,2.3,0.77,46.19,Healthy
16:11:36,236.8682868,2.33,1.13,46.25,Healthy
16:11:36,235.7253564,2.35,1.11,46.25,Healthy
16:11:36,237.2626782,2.32,1.73,46.25,Warning
16:11:36,237.5685328,2.2,1.29,46.19,Healthy
16:11:36,238.1239004,2.21,1.8,46.25,Warning
16:11:36,238.4056085,2.19,1.19,46.25,Healthy
16:11:36,236.1599919,2.2,1.13,46.25,Healthy
16:11:36,237.0534093,2.21,1.55,46.25,Warning
16:11:36,237.2948734,2.17,1.12,46.25,Healthy
16:11:36,237.0051165,2.18,1.46,46.25,Warning
16:11:36,236.5865786,2.19,1.51,46.31,Warning
16:11:36,237.4880448,2.19,1.39,46.31,Warning
16:11:36,236.2565776,2.21,1.35,46.31,Warning
16:11:36,235.990967,2.21,1.76,46.31,Warning
16:11:36,235.7334052,2.24,1.21,46.31,Healthy
16:11:36,237.0453605,2.18,1.46,46.31,Warning
16:11:36,235.6770636,2.21,1.15,46.31,Healthy
16:11:36,237.0695069,2.17,1.18,46.31,Healthy
16:11:36,236.3370656,2.24,0.98,46.38,Healthy
16:11:36,236.8360915,2.19,1.59,46.38,Warning
16:11:36,236.4014561,2.22,1.21,46.38,Healthy
16:11:36,236.1921871,2.23,1.35,46.44,Warning
16:11:36,237.3029222,2.32,1.37,46.56,Warning
16:11:36,236.3934073,2.33,1.37,46.56,Warning
16:11:36,236.361212,2.3,1.15,46.5,Healthy
16:11:36,237.0695069,2.31,1.28,46.56,Healthy
16:11:36,235.9024301,2.21,1.05,46.5,Healthy
16:11:36,236.8521892,2.2,1.08,46.5,Healthy
16:11:36,236.610725,2.19,0.67,46.5,Healthy
16:11:36,237.8180458,2.2,0.8,46.56,Healthy
16:11:36,237.2546294,2.19,1.19,46.5,Healthy
16:11:36,236.6187738,2.22,1.28,46.56,Healthy
16:11:36,236.8199939,2.23,1.33,46.63,Warning
16:11:36,236.5221881,2.18,1.32,46.63,Warning
16:11:36,237.1580437,2.26,1.51,46.63,Warning
16:11:36,236.98097,2.16,1.17,46.63,Healthy
16:11:36,237.4478007,2.23,1.55,46.63,Warning
16:11:36,236.5141393,2.19,1.54,46.56,Warning
16:11:36,237.1097509,2.22,1.66,46.63,Warning
16:11:36,236.6187738,2.24,0.63,46.63,Healthy
16:11:36,236.8924332,2.19,1.05,46.63,Healthy
16:11:36,235.0251104,2.17,1.32,46.63,Warning
16:11:36,235.9426742,2.23,1.37,46.63,Warning
16:11:36,236.7153595,2.2,0.97,46.69,Healthy
16:11:36,241.2146415,2.22,1.77,46.63,Warning
16:11:36,236.4497489,2.19,1.3,46.63,Warning
16:11:36,235.041208,2.2,1.44,46.63,Warning
16:11:36,235.8460885,2.2,1.79,46.69,Warning
16:11:36,235.7897469,2.2,0.68,46.56,Healthy
16:11:36,236.5463346,2.2,1.08,46.56,Healthy
16:11:36,235.8380397,2.16,1.69,46.56,Warning
16:11:36,237.4719472,2.19,1.51,46.56,Warning
16:11:36,235.8863325,2.2,1.44,46.56,Warning
16:11:36,236.9165796,2.22,1.29,46.5,Healthy
16:11:36,236.1519431,2.18,1.58,46.5,Warning
16:11:36,236.8199939,2.19,1.43,46.5,Warning
16:11:36,236.3370656,2.22,1.38,46.56,Warning
16:11:36,236.900482,2.28,1.23,46.56,Healthy
16:11:36,236.4658465,2.27,1.09,46.56,Healthy
16:11:36,236.8521892,2.29,0.79,46.56,Healthy
16:11:36,236.610725,2.18,0.71,46.63,Healthy
16:11:36,236.8843844,2.22,1.27,46.63,Healthy
16:11:36,236.4899929,2.2,1.06,46.63,Healthy
16:11:36,237.270727,2.17,1.62,46.63,Warning
16:11:36,236.6670666,2.21,1.23,46.69,Healthy
16:11:36,236.650969,2.19,1.5,46.69,Warning
16:11:36,237.8180458,2.19,1.3,46.69,Warning
16:11:36,236.8521892,2.22,1.05,46.69,Healthy
16:11:36,237.9146314,2.23,1.22,46.69,Healthy
16:11:36,236.8843844,2.25,0.48,46.69,Healthy
16:11:36,238.220486,2.19,1.18,46.75,Healthy
16:11:36,236.7636523,2.18,1.49,46.81,Warning
16:11:36,237.4880448,2.22,1.38,46.81,Warning
16:11:36,237.230483,2.22,1.04,46.81,Healthy
16:11:36,236.6429202,2.23,1.61,46.88,Warning
16:11:36,236.6187738,2.17,1.14,46.81,Healthy
16:11:36,236.7475547,2.21,1.21,46.88,Healthy
16:11:36,236.4014561,2.27,1.16,46.88,Healthy
16:11:36,236.5302369,2.24,1.19,46.88,Healthy
16:11:36,236.900482,2.21,1.45,46.88,Warning
16:11:36,235.5724291,2.2,0.78,46.88,Healthy
16:11:36,237.0856045,2.25,1.62,46.94,Warning
16:11:36,236.7877987,2.2,1.14,46.94,Healthy
16:11:36,236.2082847,2.21,1.17,47,Healthy
16:11:36,236.6992619,2.22,1.36,47,Warning
16:11:36,236.4095049,2.23,1.3,47,Warning
16:11:36,236.3370656,2.21,1.14,47,Healthy
16:11:36,236.7073107,2.23,1.35,47,Warning
16:11:36,237.4075567,2.19,1.25,47,Healthy
16:11:36,237.6570697,2.16,1.12,47.06,Healthy
16:11:36,238.3734133,2.22,1.09,47.06,Healthy
16:11:36,236.8924332,2.19,1.66,47.06,Warning
16:11:36,236.6992619,2.21,1.69,47.06,Warning
16:11:36,237.1982878,2.23,1.41,47.06,Warning
16:11:36,236.2163335,2.16,1.95,47.06,Warning
16:11:36,236.8280427,2.21,1.04,47.13,Healthy
16:11:36,235.5643803,2.25,1.13,47.06,Healthy
16:11:36,236.4577977,2.23,1.46,47.13,Warning
16:11:36,236.6670666,2.16,1.03,47.19,Healthy
16:11:36,237.3431663,2.24,1.81,47.19,Warning
16:11:36,237.4397519,2.18,0.77,47.19,Healthy
16:11:36,237.809997,2.23,1.51,47.19,Warning
16:11:36,237.8743874,2.25,1.8,47.25,Warning
16:11:36,238.4217062,2.22,1.7,47.25,Warning
16:11:36,237.1338973,2.25,0.99,47.19,Healthy
16:11:36,238.5746335,2.18,1.33,47.19,Warning
16:11:36,238.099754,2.33,1.47,47.25,Warning
16:11:36,238.1641444,2.29,1.46,47.25,Warning
16:11:36,238.4056085,2.31,1.22,47.25,Healthy
16:11:36,239.3231723,2.29,1.14,47.25,Healthy
16:11:36,238.5182918,2.21,1.37,47.25,Warning
16:11:36,237.4156055,2.24,1.02,47.25,Healthy
16:11:36,237.6731673,2.21,0.79,47.31,Healthy
16:11:36,237.9226802,2.26,1.33,47.31,Warning
16:11:36,239.0817082,2.22,1.64,47.31,Warning
16:11:36,237.5121912,2.23,1.36,47.38,Warning
16:11:36,237.6651185,2.21,1.27,47.38,Healthy
16:11:36,238.1078028,2.22,1.34,47.38,Warning
16:11:36,236.4014561,2.22,1.41,47.44,Warning
16:11:36,237.1982878,2.22,1.33,47.38,Warning
16:11:36,237.6248744,2.2,0.97,47.44,Healthy
16:11:36,238.5021942,2.17,1.27,47.44,Healthy
16:11:36,233.4797398,2.2,0.65,47.38,Healthy
16:11:36,237.4236543,2.21,1.27,47.38,Healthy
16:11:36,237.6651185,2.19,2.21,47.38,Warning
16:11:36,237.6892649,2.22,1.2,47.31,Healthy
16:11:36,237.5041424,2.22,1.04,47.31,Healthy
16:11:36,237.2385318,2.16,1.34,47.31,Warning
16:11:36,238.6309751,2.25,1.17,47.31,Healthy
16:11:36,237.7375577,2.22,0.97,47.31,Healthy
16:11:36,237.7214601,2.26,1.16,47.31,Healthy
16:11:36,237.6570697,2.24,0.93,47.31,Healthy
16:11:36,237.6651185,2.23,1.2,47.31,Healthy
16:11:36,238.099754,2.16,0.91,47.38,Healthy
16:11:36,237.6731673,2.22,1.15,47.31,Healthy
16:11:36,237.600728,2.19,1.34,47.38,Warning
16:11:36,238.1319492,2.21,1.36,47.38,Warning
16:11:36,238.1078028,2.21,1.04,47.38,Healthy
16:11:36,238.9931713,2.3,1.46,47.38,Warning
16:11:36,239.7658566,2.23,1.28,47.38,Healthy
16:11:36,237.230483,2.21,1.31,47.38,Warning
16:11:36,238.2365836,2.22,1.55,47.38,Warning
16:11:36,236.8682868,2.25,0.91,47.31,Healthy
16:11:36,237.6087768,2.26,1.07,47.38,Healthy
16:11:36,237.9870707,2.17,0.61,47.38,Healthy
16:11:36,236.2485288,2.24,0.9,47.38,Healthy
16:11:36,237.850241,2.26,1.33,47.44,Warning
16:11:36,238.3573157,2.26,1.74,47.44,Warning
16:11:36,237.1097509,2.23,1.08,47.44,Healthy
16:11:36,238.5021942,2.25,1.16,47.38,Healthy
16:11:36,237.8824362,2.2,1.37,47.38,Warning
16:11:36,237.600728,2.21,0.78,47.44,Healthy
16:11:36,238.1078028,2.17,1.3,47.44,Warning
16:11:36,237.6973137,2.2,1.3,47.44,Warning
16:11:36,237.9387778,2.14,1.21,47.44,Healthy
16:11:36,237.7778017,2.25,1.06,47.44,Healthy
16:11:36,237.8180458,2.22,1.34,47.44,Warning
16:11:36,238.3895109,2.22,1.3,47.44,Warning
16:11:36,238.6631703,2.22,1.03,47.44,Healthy
16:11:36,237.4156055,2.23,1.09,47.38,Healthy
16:11:36,238.2365836,2.23,0.89,47.38,Healthy
16:11:36,238.8563416,2.22,0.67,47.38,Healthy
16:11:36,238.0595099,2.22,1.26,47.31,Healthy
16:11:36,238.5665847,2.2,1.44,47.31,Warning
16:11:36,238.3734133,2.23,1.17,47.31,Healthy
16:11:36,237.7214601,2.23,1.66,47.31,Warning
16:11:36,239.8946375,2.19,1.43,47.31,Warning
16:11:36,238.1963396,2.23,1.25,47.31,Healthy
16:11:36,237.9709731,2.36,1.11,47.31,Healthy
16:11:36,238.139998,2.21,1.13,47.31,Healthy
16:11:36,238.510243,2.25,1.62,47.31,Warning
16:11:36,237.8260946,2.17,1.54,47.31,Warning
16:11:36,238.1078028,2.29,1.48,47.31,Warning
16:11:36,238.5182918,2.2,1.79,47.31,Warning
16:11:36,237.850241,2.23,1.32,47.31,Warning
16:11:36,238.4458526,2.27,0.93,47.31,Healthy
16:11:36,237.9870707,2.22,1.24,47.38,Healthy
16:11:36,238.5424382,2.25,1.33,47.38,Warning
16:11:36,238.7678048,2.21,0.71,47.38,Healthy
16:11:36,238.2043884,2.25,0.45,47.38,Healthy
16:11:36,238.8482928,2.24,0.8,47.31,Healthy
16:11:36,234.9043783,2.32,1.31,47.38,Warning
16:11:36,238.6390239,2.31,1.76,47.44,Warning
16:11:36,239.4680508,2.35,1.24,47.5,Healthy
16:11:36,239.2909771,2.31,1.21,47.44,Healthy
16:11:36,238.8321952,2.26,1.18,47.44,Healthy
16:11:37,238.8241464,2.24,1.68,47.44,Warning
16:11:38,7.187582999,0.35,0.94,47.5,Healthy
16:11:39,7.871731437,0.35,1.17,47.44,Healthy
16:11:40,5.07879605,0.36,0.93,47.5,Healthy
16:11:42,6.012457447,0.31,0.99,47.5,Healthy
16:11:43,5.07879605,0.33,0.97,47.5,Healthy
16:11:44,6.42294651,0.35,0.99,47.56,Healthy
16:25:02,245.2309953,2.2,1.29,46.5,Healthy
16:25:03,242.5748896,2.24,0.78,46.5,Healthy
16:25:05,242.8565978,2.22,1.47,46.56,Warning
16:25:06,243.0658667,2.23,1.17,46.56,Healthy
16:25:07,243.8063568,2.25,1.2,46.5,Healthy
16:25:08,242.6795241,2.17,1.08,46.5,Healthy
16:25:10,242.5426944,2.23,1.56,46.5,Warning
16:25:11,243.2026964,2.23,1.52,46.5,Warning
16:25:12,242.9773299,2.22,1.03,46.5,Healthy
16:25:13,235.950723,2.73,0.76,46.56,Healthy
16:25:15,243.1946476,2.28,0.94,46.56,Healthy
16:25:16,243.3958677,2.26,1.96,46.63,Warning
16:25:17,241.5929354,2.3,1.01,46.56,Healthy
16:25:18,242.8405002,2.23,2.22,46.56,Warning
16:25:20,243.2107452,2.25,0.94,46.56,Healthy
16:25:21,243.4924534,2.22,0.87,46.56,Healthy
16:25:22,242.0758637,2.25,1.24,46.5,Healthy
16:25:23,243.2348916,2.26,0.65,46.56,Healthy
16:25:25,243.0417203,2.24,1.35,46.5,Warning
16:25:26,243.1222084,2.28,1.05,46.5,Healthy
16:25:27,242.4300111,2.27,1.16,46.5,Healthy
16:25:28,242.2126934,2.21,1.73,46.5,Warning
16:25:30,242.929037,2.24,1.28,46.5,Healthy
16:25:31,242.9773299,2.25,0.9,46.5,Healthy
16:25:55,243.2590381,2.24,1.18,46.56,Healthy
16:25:56,242.6312313,2.27,1.42,46.63,Warning
16:25:57,242.929037,2.27,1.65,46.56,Warning
16:25:59,243.5970879,2.21,1.28,46.56,Healthy
16:26:00,244.0156257,2.26,1.14,46.63,Healthy
16:26:01,242.3978159,2.24,0.81,46.56,Healthy
16:26:02,242.6473289,2.25,2.1,46.56,Warning
16:26:04,241.7700091,2.25,0.9,46.56,Healthy
16:26:05,242.8646466,2.26,1.84,46.56,Warning
16:26:06,242.1965958,2.24,1.79,46.56,Warning
16:26:07,241.9148876,2.25,1.59,46.56,Warning
16:26:09,242.5346456,2.24,1.16,46.56,Healthy
16:26:10,241.3434224,2.26,1.08,46.56,Healthy
16:26:11,242.4300111,2.25,0.8,46.56,Healthy
16:26:12,242.5748896,2.24,0.63,46.56,Healthy
16:26:14,241.8183019,2.21,1.17,46.56,Healthy
16:26:15,242.309279,2.28,1.22,46.56,Healthy
16:26:16,242.269035,2.25,1.18,46.56,Healthy
16:26:17,243.5246486,2.25,1.4,46.56,Warning
16:26:19,242.6392801,2.23,1.4,46.56,Warning
16:26:20,242.228791,2.23,1.45,46.63,Warning
16:26:21,243.9592841,2.31,1.2,46.69,Healthy
16:26:22,242.1161077,2.27,1.08,46.69,Healthy
16:26:24,250.0602784,2.23,0.51,46.69,Healthy
16:26:25,241.979278,2.28,1.18,46.69,Healthy
16:26:26,241.5607402,2.24,1.1,46.69,Healthy
16:26:27,242.8726954,2.28,1.4,46.69,Warning
16:26:29,243.9029425,2.26,1.45,46.69,Warning
16:26:30,242.0839125,2.21,1.1,46.69,Healthy
16:26:31,242.6795241,2.26,1.18,46.69,Healthy
16:26:32,242.0517173,2.25,0.71,46.63,Healthy
16:26:34,242.0356197,2.24,1.15,46.63,Healthy
16:26:35,241.5607402,2.25,1.21,46.69,Healthy
16:26:36,241.5446426,2.22,0.96,46.63,Healthy
16:26:37,243.4039165,2.31,1.58,46.63,Warning
16:26:39,6.42294651,0.34,1.18,46.63,Healthy
16:26:40,5.07879605,0,1.02,46.63,Healthy
16:26:41,4.54757491,0.34,1.03,46.63,Healthy
16:26:42,5.07879605,0.35,1.01,46.63,Healthy
16:26:44,5.07879605,0.33,0.99,46.63,Healthy
16:26:45,5.07879605,0.33,0.99,46.63,Healthy
16:26:46,6.42294651,0.3,1,46.63,Healthy
16:26:47,5.561724359,0.39,0.98,46.63,Healthy
16:26:49,5.07879605,0.34,0.99,46.63,Healthy
16:26:50,5.07879605,0.36,0.99,46.63,Healthy
16:26:51,5.07879605,0.35,0.99,46.63,Healthy
16:26:52,6.817337962,0.35,0.99,46.56,Healthy
16:26:54,5.07879605,0.34,0.99,46.56,Healthy
16:26:55,5.07879605,0.37,0.99,46.5,Healthy
16:26:56,5.07879605,0.36,0.99,46.56,Healthy
16:26:57,7.533681621,0.36,0.98,46.5,Healthy
16:26:59,5.07879605,0.32,1,46.5,Healthy
16:27:00,5.07879605,0.37,0.99,46.5,Healthy
16:27:01,5.07879605,0.39,0.99,46.5,Healthy
16:27:02,5.07879605,0.34,0.99,46.5,Healthy
16:27:04,5.07879605,0.36,1,46.44,Healthy
16:27:05,5.07879605,0.36,1,46.44,Healthy
16:27:06,0,0.37,0.99,46.44,Healthy
16:27:07,5.561724359,0.37,1,46.44,Healthy
16:27:09,5.07879605,0.38,1,46.44,Healthy
16:27:10,7.187582999,0.32,0.99,46.44,Healthy
16:27:11,0,0.37,1.01,46.44,Healthy
16:27:12,5.07879605,0.35,0.99,46.44,Healthy
16:27:14,16.99907648,0.63,0.99,46.44,Healthy
16:27:15,4.54757491,0.69,1,46.5,Healthy
16:27:16,6.817337962,0.67,0.98,46.44,Healthy
16:27:17,5.07879605,0.67,0.99,46.44,Healthy
16:27:19,22.94714348,0.62,0.99,46.44,Healthy
16:27:20,6.012457447,0.65,0.99,46.44,Healthy
16:27:21,4.54757491,0.66,0.99,46.38,Healthy
16:27:22,4.54757491,0.7,0.99,46.31,Healthy
16:27:24,7.871731437,0.69,0.99,46.25,Healthy
16:27:25,4.54757491,0.63,0.99,46.25,Healthy
16:27:26,4.54757491,0.67,0.99,46.25,Healthy
16:27:27,6.012457447,0.69,0.99,46.19,Healthy
16:27:29,6.817337962,0.59,1,46.19,Healthy
16:27:30,4.54757491,0.69,0.99,46.19,Healthy
16:27:31,4.54757491,0.7,0.99,46.13,Healthy
16:27:33,6.817337962,0.6,0.99,46.13,Healthy
16:27:34,0,0.36,1,46.13,Healthy
16:27:35,4.54757491,0.6,1,46.13,Healthy
16:27:36,0,0.66,1,46.19,Healthy
16:27:38,6.817337962,0.64,0.99,46.13,Healthy
16:27:39,5.561724359,0.66,0.99,46.13,Healthy
16:27:40,15.23638815,0.42,0.99,46,Healthy
16:27:41,4.54757491,0.39,0.99,46,Healthy
16:27:43,5.561724359,0.39,0.99,46.06,Healthy
16:27:44,4.54757491,0.4,1,46,Healthy
16:27:45,4.54757491,0.68,0.99,46.06,Healthy
16:27:46,4.54757491,0.61,0.99,46,Healthy
16:27:48,4.54757491,0.61,0.99,45.94,Healthy
16:27:49,5.07879605,0.6,0.99,45.94,Healthy
16:27:50,5.07879605,0.4,0.99,45.94,Healthy
16:27:51,5.561724359,0.36,1,45.94,Healthy
16:27:53,4.54757491,0.35,1,45.94,Healthy
16:27:54,4.54757491,0.36,1,45.88,Healthy
16:27:55,7.533681621,0.38,0.99,45.88,Healthy
16:27:56,4.54757491,0.4,0.99,45.94,Healthy
16:27:58,8.499538239,0.68,0.99,45.94,Healthy
16:27:59,5.07879605,0.65,0.99,46,Healthy
16:28:00,4.54757491,0.66,1,46,Healthy
16:28:01,4.54757491,0.66,0.99,45.94,Healthy
16:28:03,4.54757491,0.4,0.99,45.94,Healthy
16:28:04,5.07879605,0.38,0.99,45.94,Healthy
16:28:05,4.54757491,0.34,0.98,45.94,Healthy
16:28:06,5.561724359,0.36,0.99,45.94,Healthy
15:22:24,4.54757491,1.64,0.99,39.44,Healthy
15:22:25,7.533681621,1.72,0.99,39.44,Healthy
15:22:26,5.561724359,1.79,0.98,39.44,Healthy
15:22:27,7.187582999,1.87,0.99,39.44,Healthy
15:22:28,7.533681621,1.95,0.99,39.44,Healthy
15:22:28,4.54757491,4.43,2.81,39.38,Faulty
15:22:29,237.2224342,2.88,2.83,39.44,Faulty
15:22:30,239.6531733,2.16,2.41,39.38,Faulty
15:22:31,237.1580437,2.18,0.63,39.44,Healthy
15:22:32,236.8280427,2.15,2.32,39.38,Faulty
15:22:33,235.9748694,2.11,1.75,39.38,Warning
15:22:34,236.5785298,2.12,3,39.44,Faulty
15:22:34,236.5865786,2.1,2.5,39.44,Faulty
15:22:35,237.3592639,2.14,0.88,39.38,Healthy
15:22:36,238.1078028,2.09,1.8,39.44,Warning
15:22:37,237.6248744,2.16,2.41,39.44,Faulty
15:22:38,237.6651185,2.12,0.38,39.44,Healthy
15:22:39,237.7295089,2.09,2.23,39.38,Warning
15:22:39,237.3270687,2.2,2.3,39.44,Faulty
15:22:40,237.6409721,2.21,1.93,39.44,Warning
15:22:41,34.07864101,0.49,1.21,39.44,Healthy
15:22:42,6.817337962,0.46,0.75,39.44,Healthy
15:22:43,4.54757491,0.48,1.39,39.44,Warning
15:22:44,4.54757491,0.49,0.89,39.44,Healthy
15:22:44,4.54757491,0.5,0.98,39.44,Healthy
15:22:45,4.54757491,0.54,0.98,39.38,Healthy
15:22:46,4.54757491,0.54,0.99,39.44,Healthy
15:22:47,5.07879605,0.53,0.98,39.44,Healthy
15:22:48,6.012457447,0.47,0.98,39.44,Healthy
15:22:49,4.54757491,0.5,1,39.44,Healthy
15:22:49,5.07879605,0.5,0.99,39.38,Healthy
15:22:50,5.07879605,0.55,1,39.38,Healthy
15:22:51,5.561724359,0.54,0.99,39.38,Healthy
15:22:52,4.54757491,0.48,1,39.38,Healthy
16:28:58,4.54757491,0.37,1,45.88,Healthy
16:28:59,5.07879605,0.36,1,45.88,Healthy
16:29:00,242.269035,2.22,2.97,45.88,Faulty
16:29:01,241.0536654,2.29,2.32,45.88,Faulty
16:29:03,242.1804982,2.29,2.22,45.94,Warning
16:29:04,4.54757491,0.39,1.08,45.94,Healthy
16:29:05,4.54757491,0.38,0.88,45.94,Healthy
16:29:06,4.54757491,0.33,0.96,45.94,Healthy
16:33:42,4.54757491,0.35,1,44.25,Healthy
16:33:43,5.561724359,0.35,0.99,44.25,Healthy
16:33:44,4.54757491,0.34,1,44.19,Healthy
16:33:45,236.2243824,5.82,1.05,44.25,Healthy
16:33:45,243.7902592,3.13,2.04,44.19,Warning
16:33:46,244.1766018,3.13,1.25,44.19,Healthy
16:33:47,243.508551,3.16,3.17,44.19,Faulty
16:33:48,244.1605042,3.11,2.87,44.19,Faulty
16:33:49,243.7097711,3.11,2.01,44.19,Warning
16:33:49,243.3073309,3.14,1.97,44.19,Warning
16:33:50,243.3556237,3.15,1.7,44.25,Warning
16:33:51,243.6453807,3.12,2.93,44.19,Faulty
16:33:52,244.2812363,3.16,0.78,44.25,Healthy
16:33:53,243.7741616,3.2,2.75,44.25,Faulty
16:33:53,243.4039165,3.12,2.48,44.25,Faulty
16:33:54,243.7419664,3.13,2.84,44.25,Faulty
16:33:55,243.0739155,3.15,3.24,44.25,Faulty
16:33:56,244.1041626,3.11,2.22,44.25,Warning
16:33:57,242.599036,3.13,0.74,44.31,Healthy
16:33:57,253.7788264,3.2,2.97,44.25,Faulty
16:33:58,243.4441606,3.13,2.26,44.31,Warning
16:33:59,242.8244026,3.13,2.89,44.31,Faulty
16:34:00,243.428063,3.11,2.21,44.31,Warning
16:34:01,243.428063,3.16,2.99,44.31,Faulty
16:34:01,243.1061108,3.13,2.06,44.25,Warning
16:34:02,243.5568438,3.13,2.49,44.31,Faulty
16:34:03,243.9914793,3.19,0.54,44.31,Healthy
16:34:04,243.468307,3.18,2.06,44.31,Warning
16:34:05,243.0658667,3.14,1.26,44.31,Healthy
16:34:05,242.3736695,3.7,1.8,44.31,Warning
16:34:06,242.7680609,3.77,2.99,44.31,Faulty
16:34:07,243.5648926,3.76,1.57,44.25,Warning
16:34:08,243.9673329,3.74,2.05,44.25,Warning
16:34:09,243.0336715,3.7,2.83,44.38,Faulty
16:34:09,242.9370858,3.7,2.89,44.38,Faulty
16:34:10,243.7017223,3.11,1.15,44.38,Healthy
16:34:11,247.9434427,3.69,2.26,44.31,Warning
16:34:12,243.0014763,3.73,2.77,44.38,Faulty
16:34:13,238.1078028,3.78,2.01,44.25,Warning
16:34:13,241.1019583,3.7,2.68,44.31,Faulty
16:34:14,5.07879605,2.94,1.6,44.31,Warning
16:34:15,5.07879605,2.91,1.38,44.31,Warning
16:34:16,18.31908052,2.81,0.83,44.38,Healthy
16:34:45,4.54757491,2.17,0.99,44.06,Healthy
16:34:45,6.817337962,4,1.15,44,Healthy
16:34:46,243.1302572,3.1,0.84,44,Healthy
16:34:47,242.9370858,3.15,2.58,44,Faulty
16:34:48,242.9692811,3.12,2.2,44,Warning
16:34:49,242.8405002,3.13,1.46,44,Warning
16:34:49,247.1224645,3.7,1.76,44,Warning
16:34:50,242.9692811,3.72,1.84,44.06,Warning
16:34:51,242.1965958,3.7,2.56,43.94,Faulty
16:34:52,244.418066,3.72,1.25,43.94,Healthy
16:34:53,243.0014763,3.72,1.75,44.06,Warning
16:34:53,242.4300111,3.68,0.85,44.06,Healthy
16:34:54,242.8968418,3.12,3.46,43.94,Faulty
16:34:55,243.5407462,3.15,3.04,43.94,Faulty
16:34:56,243.6292831,3.17,2.35,43.94,Faulty
16:34:57,243.8466008,3.13,3.08,43.94,Faulty
16:34:57,243.6131855,3.13,3.46,44,Faulty
16:34:58,241.8746436,3.15,0.85,44,Healthy
16:34:59,243.4361118,3.11,0.89,44,Healthy
16:35:00,243.138306,3.18,1.46,44,Warning
16:35:01,242.7761097,3.16,1.14,44,Healthy
16:35:02,243.468307,3.15,1.52,44,Warning
16:35:02,243.4441606,3.19,0.85,44,Healthy
16:35:03,242.8968418,3.18,2.2,44,Warning
16:35:04,241.9551316,3.16,3.46,44,Faulty
16:35:05,243.2026964,3.16,2.07,43.94,Warning
16:35:06,243.3717213,3.16,0.95,44,Healthy
16:35:06,244.0075769,3.16,2.61,44,Faulty
16:35:07,244.8124574,3.2,3.46,44,Faulty
16:35:08,243.2992821,3.19,2.92,44,Faulty
16:35:09,243.1222084,3.67,0.67,44.06,Healthy
16:35:10,244.2409923,3.78,2.67,43.88,Faulty
16:35:10,244.2168459,3.73,1.1,43.94,Healthy
16:35:11,244.2490411,3.72,3.46,43.94,Faulty
16:35:12,243.9753817,3.74,1.21,44,Healthy
16:35:13,244.4744076,3.7,2.68,44.06,Faulty
16:35:14,244.0397722,3.18,0.77,43.94,Healthy
16:35:14,244.3456267,3.12,2.26,43.94,Warning
16:35:15,244.6112373,3.2,2.07,44,Warning
16:35:16,243.8707472,3.14,1.71,43.94,Warning
16:35:17,242.9934275,3.13,2.31,43.94,Faulty
16:35:18,244.1041626,3.13,2.23,44,Warning
16:35:18,244.2812363,3.15,1.84,43.94,Warning
16:35:19,244.8205063,3.17,1.58,43.94,Warning
16:35:20,248.7724696,3.16,1.28,44,Healthy
16:35:21,244.2731875,3.18,2.32,44,Faulty
16:35:22,244.3536756,3.17,2.14,43.94,Warning
16:35:22,244.1122114,3.15,1.05,44,Healthy
16:35:23,244.0075769,3.18,0.68,44,Healthy
16:35:24,243.5890391,3.22,1.92,44,Warning
16:35:25,244.4019684,3.14,3.4,43.94,Faulty
16:35:26,244.1122114,3.17,1.52,44,Warning
16:35:26,243.5890391,3.18,2.06,44,Warning
16:35:27,243.3073309,3.14,2.11,44,Warning
16:35:28,243.6373319,3.21,1.31,44,Warning
16:35:29,243.9753817,3.2,2.18,44,Warning
16:35:30,244.2812363,3.19,2.98,44,Faulty
16:35:31,244.6836766,3.21,1.9,44,Warning
16:35:32,244.6836766,3.14,1.43,44,Warning
16:35:32,245.0619704,3.15,3.46,44,Faulty
16:35:33,244.0075769,3.18,1.6,44,Warning
16:35:35,243.9109913,3.18,2.88,44,Faulty
16:35:35,243.878796,3.19,2.03,44,Warning
16:35:37,244.498554,3.75,2.23,44.06,Warning
16:35:40,244.0800162,3.75,1.17,25,Healthy
16:35:40,244.2490411,3.75,2,44.13,Warning
16:35:42,243.9351377,3.16,2.85,25,Faulty
16:35:46,244.0156257,3.21,3.1,44.06,Faulty
16:35:56,9.087101015,2.34,1.38,44.06,Warning
16:35:56,4.54757491,2.22,1.53,44.06,Warning
