Time,Voltage,Current,Vibration,Temperature,Health Status,Confidence
04:52:02,1341.290283203125,1.1716820001602173,0.9897947311401367,31.625,Healthy,92.54
04:52:04,1337.564453125,1.076635479927063,0.9875470399856567,31.6875,Healthy,92.54
04:52:06,1345.01611328125,1.1412538290023804,0.9913720488548279,31.625,Healthy,92.54
04:52:07,1331.975830078125,1.0308369398117065,0.9926016330718994,31.625,Healthy,92.54
04:52:09,1341.290283203125,1.1798444986343384,0.9922366142272949,31.625,Healthy,92.54
04:52:11,1345.01611328125,1.0880359411239624,0.9967160224914551,31.6875,Healthy,92.54
04:52:12,1341.290283203125,1.0526833534240723,0.9956468343734741,31.6875,Healthy,92.54
04:52:14,1339.4273681640625,1.0415980815887451,0.990796685218811,31.6875,Healthy,92.54
04:52:16,1343.1533203125,1.168479323387146,0.9948945045471191,31.6875,Healthy,92.54
04:52:18,1339.4273681640625,1.040808081626892,0.9778352379798889,31.625,Healthy,92.54
04:52:19,1341.290283203125,1.1899495124816895,0.9953205585479736,31.625,Healthy,92.54
04:52:21,1341.290283203125,1.0725528001785278,0.995437502861023,31.6875,Healthy,92.54
04:52:23,1341.290283203125,1.0765506029129028,0.9867348074913025,31.625,Healthy,92.54
04:52:24,1341.290283203125,1.017809271812439,0.9953402876853943,31.625,Healthy,92.54
04:52:26,1331.975830078125,1.0708470344543457,0.9920993447303772,31.625,Healthy,92.54
04:52:28,1343.1533203125,0.9904102683067322,0.9853273034095764,31.6875,Healthy,92.54
04:52:30,1348.741943359375,1.0830682516098022,0.9896643161773682,31.625,Healthy,92.54
04:52:31,1343.1533203125,1.1760424375534058,0.9882540702819824,31.625,Healthy,92.54
04:52:33,1341.290283203125,1.0631375312805176,0.9881535172462463,31.625,Healthy,92.54
04:52:35,1345.01611328125,0.9957484602928162,0.9850270748138428,31.625,Healthy,92.54
04:52:36,1337.564453125,1.0371131896972656,0.9857555031776428,31.625,Healthy,92.54
04:52:38,1339.4273681640625,1.0718708038330078,0.995527446269989,31.625,Healthy,92.54
04:52:40,1337.564453125,1.0197830200195312,0.9908713698387146,31.625,Healthy,92.54
04:52:42,1339.4273681640625,1.0170007944107056,0.9906120300292969,31.625,Healthy,92.54
04:52:43,1324.524169921875,1.0680266618728638,0.9910482168197632,31.625,Healthy,92.54
04:52:45,1343.1533203125,1.0170906782150269,0.9956974387168884,31.625,Healthy,92.54
04:52:47,1339.4273681640625,1.123008131980896,0.9829968810081482,31.625,Healthy,92.54
04:52:48,1337.564453125,1.0599517822265625,0.9821987748146057,31.625,Healthy,92.54
04:52:50,1345.01611328125,1.0790098905563354,0.9945392608642578,31.625,Healthy,92.54
04:52:52,1341.290283203125,1.0454519987106323,0.9847130179405212,31.625,Healthy,92.54
04:52:53,1339.4273681640625,1.0529438257217407,0.993600070476532,31.6875,Healthy,92.54
04:52:55,1345.01611328125,1.036231517791748,0.9888975024223328,31.625,Healthy,92.54
04:52:57,1339.4273681640625,1.0815482139587402,0.9907524585723877,31.625,Healthy,92.54
04:52:59,1346.8790283203125,1.2075624465942383,0.9831088781356812,31.6875,Healthy,92.54
04:53:00,1345.01611328125,1.1010627746582031,0.9899737238883972,31.6875,Healthy,92.54
04:53:02,1337.564453125,1.0278178453445435,0.9880894422531128,31.6875,Healthy,92.54
04:53:04,1348.741943359375,1.035260796546936,0.9914187788963318,31.625,Healthy,92.54
04:53:05,1348.741943359375,1.0936497449874878,0.985886812210083,31.625,Healthy,92.54
04:53:07,1345.01611328125,1.04859459400177,0.9909891486167908,31.625,Healthy,92.54
04:53:09,1345.01611328125,1.0773143768310547,0.9931716322898865,31.625,Healthy,92.54
04:53:11,1335.7015380859375,1.078247308731079,0.9885942935943604,31.6875,Healthy,92.54
04:53:12,1339.4273681640625,1.0674275159835815,0.9808282852172852,31.625,Healthy,92.54
04:53:14,1339.4273681640625,1.0693950653076172,0.9965296387672424,31.6875,Healthy,92.54
04:53:16,1339.4273681640625,1.0961540937423706,0.991801917552948,31.6875,Healthy,92.54
04:53:17,1346.8790283203125,1.0652846097946167,0.9954472184181213,31.6875,Healthy,92.54
04:53:19,1339.4273681640625,1.0544184446334839,0.9897757768630981,31.625,Healthy,92.54
04:53:21,1341.290283203125,1.0167311429977417,0.9856771230697632,31.625,Healthy,92.54
04:53:23,1343.1533203125,1.0600379705429077,0.9798317551612854,31.6875,Healthy,92.54
04:53:24,1345.01611328125,1.0565834045410156,0.9867015480995178,31.6875,Healthy,92.54
04:53:26,1346.8790283203125,1.0615026950836182,0.9890857934951782,31.6875,Healthy,92.54
04:53:28,1345.01611328125,1.130632758140564,0.9844869375228882,31.6875,Healthy,92.54
04:53:29,1346.8790283203125,1.085597038269043,0.9822350740432739,31.625,Healthy,92.54
04:53:31,1337.564453125,1.0595204830169678,0.9873115420341492,31.625,Healthy,92.54
04:53:33,1341.290283203125,1.0543317794799805,0.9944794774055481,31.625,Healthy,92.54
04:53:35,1345.01611328125,1.0713590383529663,0.9910525679588318,31.6875,Healthy,92.54
04:53:36,1341.290283203125,1.095653772354126,0.9843520522117615,31.625,Healthy,92.54
04:53:38,1346.8790283203125,1.0700786113739014,0.9866043925285339,31.625,Healthy,92.54
04:53:40,1339.4273681640625,1.0850075483322144,0.9887177348136902,31.625,Healthy,92.54
04:53:41,1339.4273681640625,1.0813791751861572,0.9872223734855652,31.6875,Healthy,92.54
04:53:43,1337.564453125,1.078247308731079,0.9928237795829773,31.625,Healthy,92.54
04:53:45,1343.1533203125,1.1360361576080322,0.9819411635398865,31.6875,Healthy,92.54
04:53:47,1345.01611328125,1.0858495235443115,0.9945394992828369,31.6875,Healthy,92.54
04:53:48,1345.01611328125,1.0756162405014038,0.9868970513343811,31.6875,Healthy,92.54
04:53:50,1346.8790283203125,1.1252846717834473,0.9962713718414307,31.6875,Healthy,92.54
04:53:52,1346.8790283203125,1.0040667057037354,0.9955853223800659,31.625,Healthy,92.54
04:53:53,1345.01611328125,1.0301274061203003,0.9914674758911133,31.625,Healthy,92.54
04:53:55,1343.1533203125,1.0294172763824463,0.9852760434150696,31.6875,Healthy,92.54
04:53:57,1343.1533203125,1.0234512090682983,0.9905742406845093,31.625,Healthy,92.54
04:53:59,1326.3870849609375,1.0205893516540527,0.9893673658370972,31.6875,Healthy,92.54
04:54:00,1341.290283203125,1.0517278909683228,0.990206241607666,31.625,Healthy,92.54
04:54:02,1343.1533203125,1.0567563772201538,0.9949245452880859,31.625,Healthy,92.54
04:54:04,1343.1533203125,1.0967376232147217,0.9919039607048035,31.625,Healthy,92.54
04:54:05,1341.290283203125,1.148916482925415,0.9901579022407532,31.625,Healthy,92.54
04:54:07,1339.4273681640625,1.0605552196502686,0.9855203032493591,31.6875,Healthy,92.54
04:54:09,1341.290283203125,1.058052897453308,0.9858367443084717,31.625,Healthy,92.54
04:54:11,1341.290283203125,1.0624494552612305,0.9863585233688354,31.6875,Healthy,92.54
04:54:12,1343.1533203125,1.1556588411331177,0.9945268630981445,31.6875,Healthy,92.54
04:54:14,1341.290283203125,1.022289514541626,0.9936476945877075,31.6875,Healthy,92.54
04:54:16,1343.1533203125,1.0740855932235718,0.9924134016036987,31.625,Healthy,92.54
04:54:17,1328.25,1.6266124248504639,0.9904764294624329,31.625,Healthy,92.54
04:54:19,1345.01611328125,1.0238975286483765,0.9920235276222229,31.625,Healthy,92.54
04:54:21,1343.1533203125,1.0775688886642456,0.9903692007064819,31.6875,Healthy,92.54
04:54:23,1341.290283203125,1.0628795623779297,0.99001145362854,31.6875,Healthy,92.54
04:54:24,1346.8790283203125,1.0406323671340942,0.9888351559638977,31.625,Healthy,92.54
04:54:26,1346.8790283203125,1.0435267686843872,0.9915174245834351,31.625,Healthy,92.54
04:54:28,1326.3870849609375,1.0954868793487549,0.9931411147117615,31.625,Healthy,92.54
04:54:29,1339.4273681640625,1.1039643287658691,0.9969727993011475,31.6875,Healthy,92.54
04:54:31,1348.741943359375,1.0678554773330688,0.9868819117546082,31.625,Healthy,92.54
04:54:33,1341.290283203125,1.0886237621307373,0.9960251450538635,31.6875,Healthy,92.54
04:54:35,1341.290283203125,1.0981534719467163,0.9898779988288879,31.625,Healthy,92.54
04:54:36,1345.01611328125,1.0558910369873047,0.9876927137374878,31.625,Healthy,92.54
04:54:38,1345.01611328125,1.0499012470245361,0.9952991604804993,31.625,Healthy,92.54
04:54:40,1335.7015380859375,1.1135269403457642,0.9923548102378845,31.6875,Healthy,92.54
04:54:41,1361.7823486328125,1.1024730205535889,0.9831104278564453,31.6875,Healthy,92.54
04:54:43,1352.4677734375,1.0147514343261719,0.9930576086044312,31.6875,Healthy,92.54
04:54:45,1354.33056640625,1.0365842580795288,0.9861348867416382,31.6875,Healthy,92.54
04:54:47,1348.741943359375,1.0615888833999634,0.9906831383705139,31.625,Healthy,92.54
04:54:48,1350.604736328125,1.0491174459457397,0.9846720695495605,31.625,Healthy,92.54
04:54:50,1352.4677734375,1.0349959135055542,0.9886633157730103,31.6875,Healthy,92.54
04:54:52,1348.741943359375,1.0336703062057495,0.986451268196106,31.6875,Healthy,92.54
04:54:53,1356.1934814453125,1.0728083848953247,0.9881160259246826,31.625,Healthy,92.54
04:54:55,1352.4677734375,1.0868592262268066,0.9915345311164856,31.6875,Healthy,92.54
04:54:57,1345.01611328125,1.0257705450057983,0.9858976602554321,31.625,Healthy,92.54
04:54:59,1350.604736328125,1.0418612957000732,0.9848610162734985,31.625,Healthy,92.54
04:55:00,1268.6370849609375,1.1655815839767456,0.9854020476341248,31.6875,Healthy,92.54
04:55:02,1346.8790283203125,1.0129483938217163,0.9851701855659485,31.625,Healthy,92.54
04:55:04,1345.01611328125,1.0379940271377563,0.9879175424575806,31.6875,Healthy,92.54
04:55:05,1348.741943359375,1.084586262702942,0.9943195581436157,31.6875,Healthy,92.54
04:55:07,1348.741943359375,1.0010582208633423,0.9937461614608765,31.6875,Healthy,92.54
04:55:09,1348.741943359375,1.0471117496490479,0.9962072372436523,31.6875,Healthy,92.54
04:55:11,1350.604736328125,1.012406826019287,0.9910272359848022,31.6875,Healthy,92.54
04:55:12,1350.604736328125,1.023093819618225,0.9837589263916016,31.6875,Healthy,92.54
04:55:14,1350.604736328125,1.0409836769104004,0.9869807362556458,31.6875,Healthy,92.54
04:55:16,1348.741943359375,1.0074292421340942,0.990772008895874,31.6875,Healthy,92.54
04:55:17,1352.4677734375,1.020768404006958,0.9895394444465637,31.6875,Healthy,92.54
04:55:19,1352.4677734375,1.0543317794799805,0.9903644323348999,31.6875,Healthy,92.54
04:55:21,1350.604736328125,1.0618470907211304,0.9916625618934631,31.6875,Healthy,92.54
04:55:23,1337.564453125,1.5195879936218262,0.9915082454681396,31.6875,Healthy,92.54
04:55:24,1350.604736328125,1.0041577816009521,0.9963968992233276,31.6875,Healthy,92.54
04:55:26,1354.33056640625,1.0828994512557983,0.9865093231201172,31.6875,Healthy,92.54
04:55:28,1350.604736328125,1.046675205230713,0.993930459022522,31.6875,Healthy,92.54
04:55:29,1358.056396484375,1.0007842779159546,0.9901129007339478,31.75,Healthy,92.54
04:55:31,1350.604736328125,1.138527512550354,0.9873065948486328,31.6875,Healthy,92.54
04:55:33,1348.741943359375,1.046325922012329,0.9859994053840637,31.6875,Healthy,92.54
04:55:35,1356.1934814453125,1.0610721111297607,0.9859130382537842,31.6875,Healthy,92.54
04:55:36,1345.01611328125,1.06717050075531,0.9889828562736511,31.625,Healthy,92.54
04:55:38,1352.4677734375,1.0311028957366943,0.9864107966423035,31.6875,Healthy,92.54
04:55:40,1356.1934814453125,1.0492045879364014,0.988231360912323,31.6875,Healthy,92.54
04:55:41,1352.4677734375,1.0263049602508545,0.9948737621307373,31.6875,Healthy,92.54
04:55:43,1356.1934814453125,1.0184377431869507,0.985599935054779,31.6875,Healthy,92.54
04:55:45,1352.4677734375,1.0500754117965698,0.9899365305900574,31.6875,Healthy,92.54
04:55:47,1346.8790283203125,1.0458016395568848,0.9878543019294739,31.6875,Healthy,92.54
04:55:48,1354.33056640625,1.0136699676513672,0.9911649227142334,31.6875,Healthy,92.54
04:55:50,1350.604736328125,1.027462124824524,0.9894766807556152,31.6875,Healthy,92.54
04:55:52,1335.7015380859375,1.7279695272445679,0.9952396750450134,31.6875,Healthy,92.54
04:55:53,1354.33056640625,1.1090855598449707,0.984447717666626,31.625,Healthy,92.54
04:55:55,1358.056396484375,0.9964825510978699,0.9789909720420837,31.6875,Healthy,92.54
04:55:57,1348.741943359375,1.063481330871582,0.9935722351074219,31.6875,Healthy,92.54
04:55:59,1348.741943359375,1.025324821472168,0.9906104207038879,31.6875,Healthy,92.54
04:56:00,1348.741943359375,1.051206350326538,0.9814446568489075,31.6875,Healthy,92.54
04:56:02,1350.604736328125,1.0294172763824463,0.9904683232307434,31.6875,Healthy,92.54
04:56:04,1345.01611328125,1.0388742685317993,0.9902557134628296,31.6875,Healthy,92.54
04:56:05,1348.741943359375,1.1519355773925781,0.9897792935371399,31.6875,Healthy,92.54
04:56:07,1346.8790283203125,1.0284401178359985,0.9950332641601562,31.6875,Healthy,92.54
04:56:09,1345.01611328125,1.0171804428100586,0.9851428866386414,31.6875,Healthy,92.54
04:56:11,1345.01611328125,1.0437895059585571,0.985604465007782,31.6875,Healthy,92.54
04:56:12,1343.1533203125,1.043877124786377,0.9931156039237976,31.6875,Healthy,92.54
04:56:14,1348.741943359375,0.9901334047317505,0.9854255318641663,31.6875,Healthy,92.54
04:56:16,1345.01611328125,1.613183617591858,0.988792896270752,31.6875,Healthy,92.54
04:56:17,1350.604736328125,1.1101564168930054,0.986346423625946,31.6875,Healthy,92.54
04:56:19,1346.8790283203125,1.0510324239730835,0.9889348745346069,31.6875,Healthy,92.54
04:56:21,1352.4677734375,0.9912405014038086,0.9905207753181458,31.6875,Healthy,92.54
04:56:23,1350.604736328125,1.0225577354431152,0.9866799116134644,31.6875,Healthy,92.54
04:56:24,1352.4677734375,0.9792733788490295,0.9903321266174316,31.625,Healthy,92.54
04:56:26,1350.604736328125,1.0039756298065186,0.986743152141571,31.625,Healthy,92.54
04:56:28,1345.01611328125,1.016821026802063,0.9868492484092712,31.6875,Healthy,92.54
04:56:29,1352.4677734375,0.9782461524009705,0.9904670119285583,31.6875,Healthy,92.54
04:56:31,1348.741943359375,0.9964825510978699,0.9847990870475769,31.6875,Healthy,92.54
04:56:33,1348.741943359375,1.0468498468399048,0.9830047488212585,31.6875,Healthy,92.54
04:56:35,1354.33056640625,1.0564968585968018,0.9885872602462769,31.6875,Healthy,92.54
04:56:36,1341.290283203125,1.0107805728912354,0.9917949438095093,31.6875,Healthy,92.54
04:56:38,1350.604736328125,1.020410180091858,0.9933472871780396,31.6875,Healthy,92.54
04:56:40,1346.8790283203125,1.0533777475357056,1.000511884689331,31.6875,Healthy,92.54
04:56:41,1348.741943359375,1.0136699676513672,0.9820830821990967,31.6875,Healthy,92.54
04:56:43,1348.741943359375,1.0169109106063843,0.9866984486579895,31.6875,Healthy,92.54
04:56:45,1354.33056640625,1.043614387512207,0.989209771156311,31.6875,Healthy,92.54
04:56:47,1354.33056640625,0.9890250563621521,0.9891706109046936,31.6875,Healthy,92.54
04:56:48,1352.4677734375,1.0025179386138916,0.9963522553443909,31.6875,Healthy,92.54
04:56:50,1348.741943359375,1.0970709323883057,0.984721302986145,31.6875,Healthy,92.54
04:56:52,1346.8790283203125,0.9999619126319885,0.9877480864524841,31.75,Healthy,92.54
04:56:53,1352.4677734375,1.0047037601470947,0.9945974349975586,31.75,Healthy,92.54
04:56:55,1352.4677734375,0.9648874402046204,0.9894182682037354,31.6875,Healthy,92.54
04:56:57,1356.1934814453125,1.307990312576294,0.9894349575042725,31.6875,Healthy,92.54
04:56:59,1345.01611328125,1.023719072341919,0.9823399186134338,31.6875,Healthy,92.54
04:57:00,1350.604736328125,1.0327857732772827,0.9859185218811035,31.6875,Healthy,92.54
04:57:02,1346.8790283203125,1.0595204830169678,0.989766001701355,31.6875,Healthy,92.54
04:57:04,1345.01611328125,1.0913909673690796,0.9919837713241577,31.6875,Healthy,92.54
04:57:05,1352.4677734375,1.1065279245376587,0.9840608239173889,31.6875,Healthy,92.54
04:57:07,1354.33056640625,1.0565834045410156,0.9881271719932556,31.6875,Healthy,92.54
04:57:09,1350.604736328125,1.025503158569336,0.9831676483154297,31.75,Healthy,92.54
04:57:11,1348.741943359375,1.0342891216278076,0.9868913888931274,31.6875,Healthy,92.54
04:57:12,1352.4677734375,1.0478971004486084,0.9903094172477722,31.6875,Healthy,92.54
04:57:14,1350.604736328125,1.0427381992340088,0.9947377443313599,31.75,Healthy,92.54
04:57:16,1358.056396484375,1.5221121311187744,0.9964738488197327,31.6875,Healthy,92.54
04:57:17,1341.290283203125,1.6842544078826904,0.992203950881958,31.75,Healthy,92.54
04:57:19,1352.4677734375,1.0349959135055542,0.9885718822479248,31.6875,Healthy,92.54
04:57:21,1350.604736328125,1.0406323671340942,0.9871081113815308,31.75,Healthy,92.54
04:57:23,1352.4677734375,1.0170007944107056,0.990118145942688,31.6875,Healthy,92.54
04:57:24,1345.01611328125,1.0579665899276733,0.9864344000816345,31.6875,Healthy,92.54
04:57:26,1354.33056640625,1.0631375312805176,0.9900045394897461,31.6875,Healthy,92.54
04:57:28,1354.33056640625,1.022289514541626,0.9926660656929016,31.6875,Healthy,92.54
04:57:29,1352.4677734375,1.1106503009796143,0.9927741885185242,31.6875,Healthy,92.54
04:57:31,1354.33056640625,1.0273730754852295,0.993735671043396,31.75,Healthy,92.54
04:57:33,1352.4677734375,1.0558044910430908,0.9940732717514038,31.6875,Healthy,92.54
04:57:35,1352.4677734375,1.0000532865524292,0.9909771680831909,31.75,Healthy,92.54
04:57:36,1350.604736328125,1.094234585762024,0.9926577210426331,31.75,Healthy,92.54
04:57:38,1346.8790283203125,1.0486817359924316,0.9895643591880798,31.75,Healthy,92.54
04:57:40,1346.8790283203125,1.0535513162612915,0.9904073476791382,31.6875,Healthy,92.54
04:57:41,1354.33056640625,1.0135798454284668,0.985401451587677,31.6875,Healthy,92.54
04:57:43,1354.33056640625,1.0524228811264038,0.9873171448707581,31.6875,Healthy,92.54
04:57:45,1322.6612548828125,1.0675987005233765,0.9886224865913391,31.6875,Healthy,92.54
04:57:47,1350.604736328125,1.0778234004974365,0.9912034869194031,31.6875,Healthy,92.54
04:57:48,1358.056396484375,1.0152016878128052,0.9854698181152344,31.6875,Healthy,92.54
04:57:50,1352.4677734375,0.9957484602928162,0.990805983543396,31.6875,Healthy,92.54
04:57:52,1346.8790283203125,1.0525097846984863,0.9935436844825745,31.6875,Healthy,92.54
04:57:53,1354.33056640625,1.024254560470581,0.9906073212623596,31.6875,Healthy,92.54
04:57:55,1350.604736328125,0.9852287173271179,0.9853308796882629,31.6875,Healthy,92.54
04:57:57,1350.604736328125,0.9914249181747437,0.9926607608795166,31.6875,Healthy,92.54
04:57:59,1352.4677734375,1.1353923082351685,0.9894872903823853,31.75,Healthy,92.54
04:58:00,1354.33056640625,0.9981321692466736,0.9903377294540405,31.6875,Healthy,92.54
04:58:02,1352.4677734375,1.018796682357788,0.9938880205154419,31.6875,Healthy,92.54
04:58:04,1346.8790283203125,0.9795533418655396,0.988292396068573,31.75,Healthy,92.54
04:58:06,1337.564453125,1.796180009841919,0.9904323816299438,31.6875,Healthy,92.54
04:58:07,1341.290283203125,1.0074292421340942,0.9860618710517883,31.6875,Healthy,92.54
04:58:09,1350.604736328125,1.1523323059082031,0.9896937012672424,31.6875,Healthy,92.54
04:58:11,1350.604736328125,1.0126776695251465,0.9988279938697815,31.6875,Healthy,92.54
04:58:12,1356.1934814453125,1.0129483938217163,0.9944338202476501,31.6875,Healthy,92.54
04:58:14,1335.7015380859375,1.0549384355545044,0.9937527179718018,31.6875,Healthy,92.54
04:58:16,1348.741943359375,1.045189619064331,0.9832814931869507,31.6875,Healthy,92.54
04:58:18,1350.604736328125,0.969046413898468,0.9890305995941162,31.6875,Healthy,92.54
04:58:19,1348.741943359375,1.0162814855575562,0.9928189516067505,31.6875,Healthy,92.54
04:58:21,1350.604736328125,1.0188863277435303,0.9892332553863525,31.6875,Healthy,92.54
04:58:23,1352.4677734375,1.0270172357559204,0.9830334782600403,31.6875,Healthy,92.54
04:58:24,1341.290283203125,1.0249682664871216,0.987864077091217,31.6875,Healthy,92.54
04:58:26,1358.056396484375,1.0143009424209595,0.989732027053833,31.6875,Healthy,92.54
04:58:28,1348.741943359375,1.1655815839767456,0.9903936386108398,31.6875,Healthy,92.54
04:58:29,1350.604736328125,0.9964825510978699,0.9905673861503601,31.6875,Healthy,92.54
04:58:31,1356.1934814453125,1.0105092525482178,0.9857131242752075,31.6875,Healthy,92.54
04:58:33,1352.4677734375,1.0359668731689453,0.9889223575592041,31.6875,Healthy,92.54
04:58:35,1345.01611328125,1.0268391370773315,0.9850912690162659,31.6875,Healthy,92.54
04:58:36,1345.01611328125,1.0198726654052734,0.992002546787262,31.6875,Healthy,92.54
04:58:38,1354.33056640625,0.9785264134407043,0.9915731549263,31.6875,Healthy,92.54
04:58:40,1348.741943359375,0.9903180003166199,0.9904108643531799,31.6875,Healthy,92.54
04:58:42,1352.4677734375,1.0471117496490479,0.9878453016281128,31.6875,Healthy,92.54
04:58:43,1354.33056640625,0.9886553287506104,0.9891844391822815,31.6875,Healthy,92.54
04:58:45,1354.33056640625,1.0828150510787964,0.9904392957687378,31.6875,Healthy,92.54
04:58:47,1354.33056640625,1.0816326141357422,0.9869304299354553,31.6875,Healthy,92.54
04:58:48,1354.33056640625,1.012406826019287,0.9835204482078552,31.6875,Healthy,92.54
04:58:50,1350.604736328125,1.074851155281067,0.9908027052879333,31.6875,Healthy,92.54
04:58:52,1333.838623046875,1.0579665899276733,0.9889851212501526,31.75,Healthy,92.54
04:58:54,1352.4677734375,1.0166412591934204,0.9857977032661438,31.75,Healthy,92.54
04:58:55,1356.1934814453125,0.9667801260948181,0.9927255511283875,31.6875,Healthy,92.54
04:58:57,1352.4677734375,1.007066249847412,0.9975039958953857,31.6875,Healthy,92.54
04:58:59,1350.604736328125,1.0289732217788696,0.9931467175483704,31.6875,Healthy,92.54
04:59:00,1352.4677734375,1.0579665899276733,0.987503707408905,31.6875,Healthy,92.54
04:59:02,1354.33056640625,0.9802995324134827,0.9916481375694275,31.6875,Healthy,92.54
04:59:04,1356.1934814453125,1.024611473083496,0.9971027374267578,31.6875,Healthy,92.54
04:59:06,1350.604736328125,1.1080137491226196,0.9880132675170898,31.6875,Healthy,92.54
04:59:07,1352.4677734375,1.0585711002349854,0.9891464114189148,31.6875,Healthy,92.54
04:59:09,1352.4677734375,1.0279957056045532,0.9898689389228821,31.6875,Healthy,92.54
04:59:11,1354.33056640625,1.050162434577942,0.9927603602409363,31.6875,Healthy,92.54
04:59:12,1354.33056640625,1.0532909631729126,0.9968691468238831,31.75,Healthy,92.54
04:59:14,1348.741943359375,0.989117443561554,0.9937909841537476,31.6875,Healthy,92.54
04:59:16,1348.741943359375,1.0340240001678467,0.9919551610946655,31.6875,Healthy,92.54
04:59:18,1358.056396484375,1.0982366800308228,0.9869552254676819,31.6875,Healthy,92.54
04:59:19,1350.604736328125,1.022825837135315,0.9896054863929749,31.6875,Healthy,92.54
04:59:21,1350.604736328125,0.9581382274627686,0.9973435997962952,31.6875,Healthy,92.54
04:59:23,1350.604736328125,1.089211344718933,0.9926565289497375,31.6875,Healthy,92.54
04:59:24,1354.33056640625,1.093064546585083,0.985562801361084,31.6875,Healthy,92.54
04:59:26,1352.4677734375,1.0545052289962769,0.9875843524932861,31.6875,Healthy,92.54
04:59:28,1345.01611328125,1.0094232559204102,0.9854250550270081,31.6875,Healthy,92.54
04:59:30,1346.8790283203125,1.0272841453552246,0.9890708327293396,31.6875,Healthy,92.54
04:59:31,1356.1934814453125,1.0141206979751587,0.9879453182220459,31.6875,Healthy,92.54
04:59:33,1350.604736328125,1.0494658946990967,0.9790071249008179,31.75,Healthy,92.54
04:59:35,1352.4677734375,1.0608136653900146,0.9914495348930359,31.6875,Healthy,92.54
04:59:36,1350.604736328125,1.0735749006271362,0.9921138882637024,31.6875,Healthy,92.54
04:59:38,1356.1934814453125,1.076380729675293,0.9940409660339355,31.75,Healthy,92.54
04:59:40,1346.8790283203125,1.0489431619644165,0.9864373207092285,31.6875,Healthy,92.54
04:59:42,1358.056396484375,1.0103282928466797,0.9905783534049988,31.75,Healthy,92.54
04:59:43,1352.4677734375,1.3780207633972168,0.9885109663009644,31.75,Healthy,92.54
04:59:45,1337.564453125,1.7128281593322754,0.9938310980796814,31.75,Healthy,92.54
04:59:47,1346.8790283203125,1.032962679862976,0.9906163215637207,31.6875,Healthy,92.54
04:59:48,1356.1934814453125,1.0248790979385376,0.9883289337158203,31.75,Healthy,92.54
04:59:50,1354.33056640625,1.0252357721328735,0.9886934757232666,31.75,Healthy,92.54
04:59:52,1358.056396484375,1.0165512561798096,0.9944838285446167,31.75,Healthy,92.54
04:59:54,1352.4677734375,1.0538115501403809,0.9937762022018433,31.6875,Healthy,92.54
04:59:55,1354.33056640625,1.0437020063400269,0.9830718636512756,31.6875,Healthy,92.54
04:59:57,1356.1934814453125,1.050249457359314,0.9842066764831543,31.6875,Healthy,92.54
04:59:59,1345.01611328125,1.0100568532943726,0.9877649545669556,31.6875,Healthy,92.54
05:00:00,1350.604736328125,1.075531244277954,0.9834970831871033,31.6875,Healthy,92.54
05:00:02,1348.741943359375,1.6941022872924805,0.9891323447227478,31.6875,Healthy,92.54
05:00:04,1352.4677734375,0.9980406165122986,0.9985593557357788,31.6875,Healthy,92.54
05:00:06,1346.8790283203125,1.02398681640625,0.9862133860588074,31.6875,Healthy,92.54
05:00:07,1339.4273681640625,1.1981401443481445,0.98723965883255,31.6875,Healthy,92.54
05:00:09,1352.4677734375,1.0636532306671143,0.9899312257766724,31.6875,Healthy,92.54
05:00:11,1348.741943359375,1.029062032699585,0.9881592392921448,31.6875,Healthy,92.54
05:00:12,1354.33056640625,1.0797719955444336,0.989311158657074,31.6875,Healthy,92.54
05:00:14,1348.741943359375,1.073319435119629,0.985980749130249,31.6875,Healthy,92.54
05:00:16,1346.8790283203125,1.0105092525482178,0.9925440549850464,31.6875,Healthy,92.54
05:00:18,1348.741943359375,1.0754462480545044,0.986738920211792,31.6875,Healthy,92.54
05:00:19,1352.4677734375,1.0109612941741943,0.9876538515090942,31.6875,Healthy,92.54
05:00:21,1339.4273681640625,1.0357903242111206,0.9936010837554932,31.75,Healthy,92.54
05:00:23,1350.604736328125,1.0946521759033203,0.9816441535949707,31.75,Healthy,92.54
05:00:24,1361.7823486328125,1.0142109394073486,0.979073703289032,31.75,Healthy,92.54
05:00:26,1346.8790283203125,1.0669136047363281,0.9875256419181824,31.6875,Healthy,92.54
05:00:28,1350.604736328125,1.0037025213241577,0.9911011457443237,31.75,Healthy,92.54
05:00:30,1350.604736328125,1.061674952507019,0.997062087059021,31.6875,Healthy,92.54
05:00:31,1348.741943359375,1.509207010269165,0.985440194606781,31.8125,Healthy,92.54
05:00:33,1356.1934814453125,1.034907579421997,0.9927422404289246,31.6875,Healthy,92.54
05:00:35,1345.01611328125,1.019693374633789,0.9866236448287964,31.6875,Healthy,92.54
05:00:37,1346.8790283203125,1.0570157766342163,0.984076738357544,31.6875,Healthy,92.54
05:00:38,1348.741943359375,1.023719072341919,0.9988287687301636,31.6875,Healthy,92.54
05:00:40,1350.604736328125,0.9939109683036804,0.9916941523551941,31.6875,Healthy,92.54
05:00:42,1352.4677734375,0.9759075045585632,0.9944410920143127,31.6875,Healthy,92.54
05:00:43,1348.741943359375,1.131198525428772,0.9915891289710999,31.6875,Healthy,92.54
05:00:45,1350.604736328125,1.0396658182144165,0.9885364770889282,31.6875,Healthy,92.54
05:00:47,1350.604736328125,0.9814177751541138,0.9931134581565857,31.75,Healthy,92.54
05:00:49,1352.4677734375,1.0983200073242188,0.9881336688995361,31.6875,Healthy,92.54
05:00:50,1354.33056640625,1.0148415565490723,0.9928207397460938,31.6875,Healthy,92.54
05:00:52,1352.4677734375,1.0468498468399048,0.9891021847724915,31.6875,Healthy,92.54
05:00:54,1348.741943359375,0.9940029382705688,0.9827802777290344,31.6875,Healthy,92.54
05:00:55,1354.33056640625,0.9948301315307617,0.9847312569618225,31.6875,Healthy,92.54
05:00:57,1343.1533203125,1.3693710565567017,0.981799840927124,31.6875,Healthy,92.54
05:00:59,1354.33056640625,0.9912405014038086,0.9948662519454956,31.75,Healthy,92.54
05:01:01,1358.056396484375,1.0087891817092896,0.9897232055664062,31.6875,Healthy,92.54
05:01:02,1350.604736328125,1.258705735206604,0.9909257888793945,31.75,Healthy,92.54
05:01:04,1348.741943359375,0.9937270283699036,0.9879838824272156,31.6875,Healthy,92.54
05:01:06,1352.4677734375,0.9664018750190735,0.9874143600463867,31.75,Healthy,92.54
05:01:07,1348.741943359375,0.9989559650421143,0.9869478940963745,31.6875,Healthy,92.54
05:01:09,1348.741943359375,1.0235404968261719,0.9896000623703003,31.6875,Healthy,92.54
05:01:11,1350.604736328125,1.0403687953948975,0.985381007194519,31.75,Healthy,92.54
05:01:13,1346.8790283203125,1.0113229751586914,0.9919177293777466,31.6875,Healthy,92.54
05:01:14,1350.604736328125,1.4238858222961426,0.9911940097808838,31.75,Healthy,92.54
05:01:16,1348.741943359375,0.9950138926506042,0.992958128452301,31.75,Healthy,92.54
05:01:18,1343.1533203125,1.0050675868988037,0.9916203022003174,31.75,Healthy,92.54
05:01:19,1354.33056640625,1.1373227834701538,0.993013858795166,31.6875,Healthy,92.54
05:01:21,1352.4677734375,0.9883779287338257,0.9850448369979858,31.6875,Healthy,92.54
05:01:23,1358.056396484375,1.0125874280929565,0.9946553111076355,31.75,Healthy,92.54
05:01:25,1352.4677734375,1.0063399076461792,0.9993588924407959,31.75,Healthy,92.54
05:01:26,1350.604736328125,1.043614387512207,0.9931036233901978,31.75,Healthy,92.54
05:01:28,1356.1934814453125,1.0259486436843872,0.9823278784751892,31.6875,Healthy,92.54
05:01:30,1352.4677734375,0.9869897961616516,0.9844188690185547,31.75,Healthy,92.54
05:01:31,1346.8790283203125,1.0131288766860962,0.9934659004211426,31.6875,Healthy,92.54
05:01:33,1352.4677734375,1.0828150510787964,0.9886628985404968,31.6875,Healthy,92.54
05:01:35,1346.8790283203125,1.0326087474822998,0.991515040397644,31.75,Healthy,92.54
05:01:37,1345.01611328125,1.162361979484558,0.9908602833747864,31.6875,Healthy,92.54
05:01:38,1352.4677734375,1.183557152748108,0.9912307262420654,31.6875,Healthy,92.54
05:01:40,1356.1934814453125,1.0468498468399048,0.9870502948760986,31.6875,Healthy,92.54
05:01:42,1354.33056640625,1.016371488571167,0.989274799823761,31.75,Healthy,92.54
05:01:43,1352.4677734375,1.1756536960601807,0.990070641040802,31.75,Healthy,92.54
05:01:45,1348.741943359375,1.084417700767517,0.9837827086448669,31.75,Healthy,92.54
05:01:47,1352.4677734375,1.0687110424041748,0.9959320425987244,31.75,Healthy,92.54
05:01:49,1348.741943359375,1.0969042778015137,0.9869195222854614,31.75,Healthy,92.54
05:01:50,1354.33056640625,1.0680266618728638,0.9965813159942627,31.6875,Healthy,92.54
05:01:52,1331.975830078125,1.1607095003128052,0.9989672899246216,31.6875,Healthy,92.54
05:01:54,1350.604736328125,1.0232725143432617,0.9942092895507812,31.6875,Healthy,92.54
05:01:55,1348.741943359375,1.0230045318603516,0.9846332669258118,31.6875,Healthy,92.54
05:01:57,1352.4677734375,1.168479323387146,0.9878918528556824,31.6875,Healthy,92.54
05:01:59,1358.056396484375,0.9862486720085144,0.9863693714141846,31.75,Healthy,92.54
05:02:01,1352.4677734375,1.1244721412658691,0.9888710975646973,31.6875,Healthy,92.54
05:02:02,1354.33056640625,1.0281734466552734,0.9927166104316711,31.6875,Healthy,92.54
05:02:04,1348.741943359375,1.0288844108581543,0.9937403798103333,31.6875,Healthy,92.54
05:02:06,1350.604736328125,1.0312801599502563,0.9896051287651062,31.6875,Healthy,92.54
05:02:07,1354.33056640625,1.0354373455047607,0.9903038144111633,31.6875,Healthy,92.54
05:02:09,1343.1533203125,1.1151673793792725,0.9869980812072754,31.75,Healthy,92.54
05:02:11,1350.604736328125,1.0234512090682983,1.000159502029419,31.75,Healthy,92.54
05:02:13,1348.741943359375,1.035702109336853,0.9910702705383301,31.6875,Healthy,92.54
05:02:14,1348.741943359375,0.9884703755378723,0.9840030670166016,31.6875,Healthy,92.54
05:02:16,1354.33056640625,1.0993181467056274,0.9928538203239441,31.75,Healthy,92.54
05:02:18,1356.1934814453125,1.057880163192749,0.9852004051208496,31.6875,Healthy,92.54
05:02:19,1354.33056640625,0.9733754992485046,0.9845163822174072,31.75,Healthy,92.54
05:02:21,1350.604736328125,0.9923464059829712,0.98595130443573,31.75,Healthy,92.54
05:02:23,1352.4677734375,1.0238083600997925,0.9949181079864502,31.75,Healthy,92.54
05:02:25,1350.604736328125,1.005340337753296,0.9952957630157471,31.75,Healthy,92.54
05:02:26,1354.33056640625,1.0187069177627563,0.9858570694923401,31.6875,Healthy,92.54
05:02:28,1348.741943359375,0.9985899329185486,0.993984043598175,31.75,Healthy,92.54
05:02:30,1352.4677734375,1.4547481536865234,0.9887348413467407,31.6875,Healthy,92.54
05:02:31,1350.604736328125,1.0714443922042847,0.9893277883529663,31.6875,Healthy,92.54
05:02:33,1348.741943359375,1.7212387323379517,0.9914504289627075,31.75,Healthy,92.54
05:02:35,1350.604736328125,1.0027003288269043,0.9818397760391235,31.6875,Healthy,92.54
05:02:37,1352.4677734375,1.0382581949234009,0.9933028221130371,31.75,Healthy,92.54
05:02:38,1350.604736328125,1.024165391921997,0.9922055006027222,31.75,Healthy,92.54
05:02:40,1356.1934814453125,1.0798566341400146,0.9893341064453125,31.75,Healthy,92.54
05:02:42,1354.33056640625,1.0167311429977417,0.9913126230239868,31.75,Healthy,92.54
05:02:43,1348.741943359375,1.0013320446014404,0.9888013005256653,31.6875,Healthy,92.54
05:02:45,1350.604736328125,1.1551841497421265,0.9861014485359192,31.75,Healthy,92.54
05:02:47,1354.33056640625,1.0505975484848022,0.9914906024932861,31.75,Healthy,92.54
05:02:49,1348.741943359375,1.045189619064331,0.9893481135368347,31.75,Healthy,92.54
05:02:50,1348.741943359375,1.1038814783096313,0.989568829536438,31.75,Healthy,92.54
05:02:52,1352.4677734375,1.063825011253357,0.9888990521430969,31.6875,Healthy,92.54
05:02:54,1350.604736328125,1.032431721687317,0.9894295334815979,31.6875,Healthy,92.54
05:02:55,1339.4273681640625,1.7444994449615479,0.9893574714660645,31.75,Healthy,92.54
05:02:57,1350.604736328125,1.04501473903656,0.9895470142364502,31.6875,Healthy,92.54
05:02:59,1346.8790283203125,1.0326087474822998,0.9879905581474304,31.6875,Healthy,92.54
05:03:01,1352.4677734375,1.1181957721710205,0.9831193685531616,31.6875,Healthy,92.54
05:03:02,1345.01611328125,1.042650580406189,0.9991042613983154,31.75,Healthy,92.54
05:03:04,1352.4677734375,1.021842360496521,0.9886122345924377,31.6875,Healthy,92.54
05:03:06,1356.1934814453125,1.050858497619629,0.9899090528488159,31.75,Healthy,92.54
05:03:07,1352.4677734375,1.0567563772201538,0.9881751537322998,31.6875,Healthy,92.54
05:03:09,1359.9193115234375,1.0029737949371338,0.9918569326400757,31.6875,Healthy,92.54
05:03:11,1345.01611328125,1.021842360496521,0.9859292507171631,31.6875,Healthy,92.54
05:03:13,1354.33056640625,0.9947382807731628,0.9919145703315735,31.6875,Healthy,92.54
05:03:14,1348.741943359375,1.0029737949371338,0.9868295788764954,31.6875,Healthy,92.54
05:03:16,1358.056396484375,1.026394009590149,0.9901767373085022,31.6875,Healthy,92.54
05:03:18,1348.741943359375,1.0303934812545776,0.9911704659461975,31.6875,Healthy,92.54
05:03:19,1350.604736328125,1.0224683284759521,0.9933531284332275,31.6875,Healthy,92.54
05:03:21,1350.604736328125,1.0213055610656738,0.988471508026123,31.75,Healthy,92.54
05:03:23,1348.741943359375,1.0456267595291138,0.9891567826271057,31.6875,Healthy,92.54
05:03:25,1352.4677734375,1.055977702140808,0.9891005158424377,31.6875,Healthy,92.54
05:03:26,1350.604736328125,1.038346290588379,0.9918313026428223,31.75,Healthy,92.54
05:03:28,1346.8790283203125,1.127475619316101,0.9865829348564148,31.6875,Healthy,92.54
05:03:30,1352.4677734375,1.0518147945404053,0.9912398457527161,31.6875,Healthy,92.54
05:03:32,1348.741943359375,1.061674952507019,0.9950241446495056,31.6875,Healthy,92.54
05:03:33,1350.604736328125,1.0722118616104126,0.98334139585495,31.6875,Healthy,92.54
05:03:35,1346.8790283203125,1.0617610216140747,0.9862937331199646,31.75,Healthy,92.54
05:03:37,1358.056396484375,1.079179286956787,0.9872753024101257,31.6875,Healthy,92.54
05:03:38,1354.33056640625,1.039489984512329,0.9932389259338379,31.6875,Healthy,92.54
05:03:40,1348.741943359375,1.0325201749801636,0.982187032699585,31.6875,Healthy,92.54
05:03:42,1346.8790283203125,1.0600379705429077,0.9873607754707336,31.75,Healthy,92.54
05:03:44,1352.4677734375,1.158186912536621,1.0002399682998657,31.6875,Healthy,92.54
05:03:45,1341.290283203125,1.3837132453918457,0.9916561841964722,31.6875,Healthy,92.54
05:03:47,1348.741943359375,1.0747661590576172,0.9889420866966248,31.6875,Healthy,92.54
05:03:49,1346.8790283203125,1.0838274955749512,0.9926532506942749,31.75,Healthy,92.54
05:03:50,1350.604736328125,1.0631375312805176,0.9938350915908813,31.6875,Healthy,92.54
05:03:52,1356.1934814453125,1.0386983156204224,0.9934101104736328,31.6875,Healthy,92.54
05:03:54,1354.33056640625,1.0236297845840454,0.9878870248794556,31.6875,Healthy,92.54
05:03:56,1348.741943359375,1.072467565536499,0.9883073568344116,31.6875,Healthy,92.54
05:03:57,1346.8790283203125,1.1094975471496582,0.992501437664032,31.625,Healthy,92.54
05:03:59,1352.4677734375,1.0152016878128052,0.9935183525085449,31.6875,Healthy,92.54
05:04:01,1320.79833984375,1.3140556812286377,1.000035047531128,31.6875,Healthy,92.54
05:04:02,1352.4677734375,1.2418184280395508,0.9869083762168884,31.6875,Healthy,92.54
05:04:04,1359.9193115234375,0.9935430288314819,0.9894553422927856,31.6875,Healthy,92.54
05:04:06,1359.9193115234375,1.2550697326660156,0.9899513125419617,31.6875,Healthy,92.54
05:04:08,1354.33056640625,1.0958205461502075,0.9825157523155212,31.6875,Healthy,92.54
05:04:09,1350.604736328125,1.0171804428100586,0.9988368153572083,31.6875,Healthy,92.54
05:04:11,1348.741943359375,1.044052243232727,0.9914643168449402,31.6875,Healthy,92.54
05:04:13,1361.7823486328125,1.04859459400177,0.9949069619178772,31.6875,Healthy,92.54
05:04:14,1358.056396484375,1.0364960432052612,0.9892759323120117,31.75,Healthy,92.54
05:04:16,1348.741943359375,1.0265721082687378,0.9951130151748657,31.6875,Healthy,92.54
05:04:18,1358.056396484375,1.0422121286392212,0.9948619604110718,31.75,Healthy,92.54
05:04:20,1348.741943359375,1.0011495351791382,0.9878982305526733,31.75,Healthy,92.54
05:04:21,1352.4677734375,1.1529666185379028,0.9864009618759155,31.75,Healthy,92.54
05:04:23,1356.1934814453125,1.0571887493133545,0.9957409501075745,31.75,Healthy,92.54
05:04:25,1335.7015380859375,1.0863544940948486,0.9842109084129333,31.6875,Healthy,92.54
05:04:26,1352.4677734375,1.060124158859253,0.9873979091644287,31.75,Healthy,92.54
05:04:28,1356.1934814453125,1.0251466035842896,0.9964686632156372,31.6875,Healthy,92.54
05:04:30,1352.4677734375,1.0818016529083252,0.9919757843017578,31.6875,Healthy,92.54
05:04:32,1356.1934814453125,1.108178734779358,0.9856876134872437,31.6875,Healthy,92.54
05:04:33,1352.4677734375,1.029062032699585,0.9838329553604126,31.75,Healthy,92.54
05:04:35,1346.8790283203125,1.093733310699463,0.9955923557281494,31.6875,Healthy,92.54
05:04:37,1356.1934814453125,1.292101263999939,0.9901121854782104,31.75,Healthy,92.54
05:04:38,1348.741943359375,1.0265721082687378,0.9885689616203308,31.6875,Healthy,92.54
05:04:40,1354.33056640625,1.1276377439498901,0.9863833785057068,31.75,Healthy,92.54
05:04:42,1346.8790283203125,1.024522304534912,0.9856756925582886,31.6875,Healthy,92.54
05:04:44,1348.741943359375,1.0133994817733765,0.9876463413238525,31.75,Healthy,92.54
05:04:45,1350.604736328125,1.033405065536499,0.9947709441184998,31.75,Healthy,92.54
05:04:47,1341.290283203125,1.659874439239502,0.9897827506065369,31.75,Healthy,92.54
05:04:49,1350.604736328125,0.9948301315307617,0.9913551807403564,31.6875,Healthy,92.54
05:04:50,1350.604736328125,1.0554581880569458,0.9982033371925354,31.75,Healthy,92.54
05:04:52,1350.604736328125,1.0529438257217407,0.991068422794342,31.6875,Healthy,92.54
05:04:54,1345.01611328125,1.032431721687317,0.9866412878036499,31.6875,Healthy,92.54
05:04:56,1350.604736328125,1.0531173944473267,0.9919419288635254,31.6875,Healthy,92.54
05:04:57,1348.741943359375,1.0567563772201538,0.9989626407623291,31.75,Healthy,92.54
05:04:59,1341.290283203125,1.2232794761657715,0.9901525974273682,31.75,Healthy,92.54
05:05:01,1343.1533203125,1.6441617012023926,0.9895418286323547,31.75,Healthy,92.54
05:05:02,1352.4677734375,1.017629623413086,0.9906058311462402,31.75,Healthy,92.54
05:05:04,1350.604736328125,1.0214844942092896,0.9946467280387878,31.75,Healthy,92.54
05:05:06,1350.604736328125,1.0780776739120483,0.9876816272735596,31.6875,Healthy,92.54
05:05:08,1348.741943359375,1.0267502069473267,0.9920215010643005,31.6875,Healthy,92.54
05:05:09,1354.33056640625,1.1452511548995972,0.9885172843933105,31.75,Healthy,92.54
05:05:11,1348.741943359375,1.1322484016418457,0.9917819499969482,31.75,Healthy,92.54
05:05:13,1356.1934814453125,1.0507714748382568,0.9881647229194641,31.75,Healthy,92.54
05:05:14,1354.33056640625,1.072723150253296,0.9826397895812988,31.6875,Healthy,92.54
05:05:16,1346.8790283203125,1.0682834386825562,0.9862142205238342,31.75,Healthy,92.54
05:05:18,1352.4677734375,1.0818861722946167,0.9900569319725037,31.75,Healthy,92.54
05:05:20,1354.33056640625,0.9910560846328735,0.9855338931083679,31.75,Healthy,92.54
05:05:21,1335.7015380859375,1.0234512090682983,0.9925575256347656,31.6875,Healthy,92.54
05:05:23,1348.741943359375,0.9986814856529236,0.990656316280365,31.6875,Healthy,92.54
05:05:25,1346.8790283203125,1.0244330167770386,0.9838440418243408,31.75,Healthy,92.54
05:05:26,1346.8790283203125,1.056410312652588,0.9892036318778992,31.6875,Healthy,92.54
05:05:28,1343.1533203125,1.0687110424041748,0.9864112138748169,31.6875,Healthy,92.54
05:05:30,1350.604736328125,1.062707543373108,0.9899866580963135,31.75,Healthy,92.54
05:05:32,1339.4273681640625,1.7208670377731323,0.9930745363235474,31.6875,Healthy,92.54
05:05:33,1346.8790283203125,1.0490303039550781,0.9890567064285278,31.75,Healthy,92.54
05:05:35,1350.604736328125,1.0526833534240723,0.9956452250480652,31.75,Healthy,92.54
05:05:37,1348.741943359375,1.0490303039550781,0.992361843585968,31.75,Healthy,92.54
05:05:38,1348.741943359375,1.0790098905563354,0.9920631647109985,31.6875,Healthy,92.54
05:05:40,1352.4677734375,1.0459764003753662,0.9982669353485107,31.6875,Healthy,92.54
05:05:42,1358.056396484375,1.0520753860473633,0.9867649674415588,31.75,Healthy,92.54
05:05:44,1346.8790283203125,1.0495530366897583,0.9869441986083984,31.6875,Healthy,92.54
05:05:45,1348.741943359375,1.0571023225784302,0.9966958165168762,31.75,Healthy,92.54
05:05:47,1350.604736328125,1.0035203695297241,0.9967772960662842,31.6875,Healthy,92.54
05:05:49,1356.1934814453125,1.0516409873962402,0.9873255491256714,31.75,Healthy,92.54
05:05:50,1361.7823486328125,1.0316345691680908,0.9950565695762634,31.75,Healthy,92.54
05:05:52,1348.741943359375,1.0510324239730835,0.9869027137756348,31.75,Healthy,92.54
05:05:54,1350.604736328125,1.025324821472168,0.9972743391990662,31.6875,Healthy,92.54
05:05:56,1352.4677734375,1.118849515914917,0.9911351799964905,31.6875,Healthy,92.54
05:05:57,1350.604736328125,1.0258595943450928,0.9899470210075378,31.75,Healthy,92.54
05:05:59,1346.8790283203125,1.050336480140686,0.9998666644096375,31.75,Healthy,92.54
05:06:01,1352.4677734375,1.846315622329712,0.9941045641899109,31.6875,Healthy,92.54
05:06:02,1345.01611328125,1.7469602823257446,0.9894302487373352,31.6875,Healthy,92.54
05:06:04,1350.604736328125,1.0587438344955444,0.9874250292778015,31.6875,Healthy,92.54
05:06:06,1350.604736328125,1.0386983156204224,0.9872384071350098,31.6875,Healthy,92.54
05:06:08,1350.604736328125,1.011413335800171,0.9918063282966614,31.75,Healthy,92.54
05:06:09,1345.01611328125,1.0186171531677246,0.9969367980957031,31.6875,Healthy,92.54
05:06:11,1346.8790283203125,1.057880163192749,0.9884169101715088,31.6875,Healthy,92.54
05:06:13,1354.33056640625,1.0038846731185913,1.0000971555709839,31.6875,Healthy,92.54
05:06:14,1352.4677734375,1.0197830200195312,0.9968679547309875,31.6875,Healthy,92.54
05:06:16,1354.33056640625,1.020410180091858,0.9968008399009705,31.6875,Healthy,92.54
05:06:18,1346.8790283203125,1.030216097831726,0.9871920347213745,31.6875,Healthy,92.54
05:06:20,1350.604736328125,1.022825837135315,0.9902922511100769,31.75,Healthy,92.54
05:06:21,1346.8790283203125,1.4510995149612427,0.9951828718185425,31.6875,Healthy,92.54
05:06:23,1345.01611328125,1.016821026802063,0.9906175136566162,31.6875,Healthy,92.54
05:06:25,1356.1934814453125,1.0234512090682983,0.97919100522995,31.75,Healthy,92.54
05:06:27,1341.290283203125,1.8949806690216064,0.9854803085327148,31.75,Healthy,92.54
05:06:28,1350.604736328125,1.0104187726974487,0.9900853633880615,31.6875,Healthy,92.54
05:06:30,1358.056396484375,0.9820694327354431,0.9870831966400146,31.75,Healthy,92.54
05:06:32,1354.33056640625,1.0540716648101807,0.9889985918998718,31.75,Healthy,92.54
05:06:33,1350.604736328125,1.0068846940994263,0.9919390082359314,31.75,Healthy,92.54
05:06:35,1346.8790283203125,1.0693095922470093,0.9880316853523254,31.6875,Healthy,92.54
05:06:37,1352.4677734375,1.077484130859375,0.9874302744865417,31.6875,Healthy,92.54
05:06:39,1328.25,1.7431890964508057,0.9882428646087646,31.6875,Healthy,92.54
05:06:40,1352.4677734375,1.1234149932861328,0.9844242930412292,31.75,Healthy,92.54
05:06:42,1350.604736328125,1.059261679649353,0.9932023882865906,31.6875,Healthy,92.54
05:06:44,1346.8790283203125,1.4181612730026245,0.9875925779342651,31.75,Healthy,92.54
05:06:45,1350.604736328125,1.1687921285629272,0.9869614839553833,31.6875,Healthy,92.54
05:06:47,1348.741943359375,1.0255922079086304,0.9942491054534912,31.75,Healthy,92.54
05:06:49,1348.741943359375,1.0999830961227417,0.9920068383216858,31.6875,Healthy,92.54
05:06:51,1352.4677734375,1.0115940570831299,0.9935879707336426,31.6875,Healthy,92.54
05:06:52,1343.1533203125,1.0301274061203003,0.9922178387641907,31.75,Healthy,92.54
05:06:54,1352.4677734375,1.0814636945724487,0.9949465394020081,31.6875,Healthy,92.54
05:06:56,1346.8790283203125,1.0108709335327148,0.9888292551040649,31.6875,Healthy,92.54
05:06:57,1350.604736328125,1.0394020080566406,0.9875396490097046,31.6875,Healthy,92.54
05:06:59,1352.4677734375,1.063395380973816,0.992716908454895,31.75,Healthy,92.54
05:07:01,1335.7015380859375,1.703249454498291,0.9854515790939331,31.6875,Healthy,92.54
05:07:03,1350.604736328125,1.0113229751586914,0.9911354780197144,31.6875,Healthy,92.54
05:07:04,1346.8790283203125,1.0681122541427612,1.0017844438552856,31.6875,Healthy,92.54
05:07:06,1348.741943359375,0.9956566691398621,0.9850995540618896,31.6875,Healthy,92.54
05:07:08,1348.741943359375,1.015921711921692,0.9845349788665771,31.6875,Healthy,92.54
05:07:09,1345.01611328125,1.021842360496521,0.9884834289550781,31.6875,Healthy,92.54
05:07:11,1354.33056640625,0.9742202162742615,0.9839404225349426,31.6875,Healthy,92.54
05:07:13,1350.604736328125,1.0317232608795166,0.9905272126197815,31.75,Healthy,92.54
05:07:15,1354.33056640625,1.065799355506897,0.9930264353752136,31.6875,Healthy,92.54
05:07:16,1350.604736328125,0.9849503636360168,0.9916777610778809,31.6875,Healthy,92.54
05:07:18,1350.604736328125,0.9944625496864319,0.9883139729499817,31.6875,Healthy,92.54
05:07:20,1348.741943359375,1.044052243232727,0.9845064878463745,31.6875,Healthy,92.54
05:07:21,1350.604736328125,0.9854142665863037,0.9933478832244873,31.6875,Healthy,92.54
05:07:23,1350.604736328125,1.0353490114212036,0.9926601052284241,31.75,Healthy,92.54
05:07:25,1356.1934814453125,1.0505105257034302,0.9838213920593262,31.6875,Healthy,92.54
05:07:27,1350.604736328125,1.062191367149353,0.9909049868583679,31.75,Healthy,92.54
05:07:28,1354.33056640625,1.095987319946289,0.9854140281677246,31.6875,Healthy,92.54
05:07:30,1352.4677734375,1.0292396545410156,0.98341304063797,31.6875,Healthy,92.54
05:07:32,1354.33056640625,1.074851155281067,0.9913083910942078,31.75,Healthy,92.54
05:07:33,1348.741943359375,1.1936308145523071,0.9891598224639893,31.6875,Healthy,92.54
05:07:35,1333.838623046875,1.1442131996154785,0.9873402714729309,31.6875,Healthy,92.54
05:07:37,1358.056396484375,1.4709930419921875,0.9874353408813477,31.6875,Healthy,92.54
05:07:39,1346.8790283203125,1.4904372692108154,0.9864662885665894,31.6875,Healthy,92.54
05:07:40,1354.33056640625,1.0612443685531616,0.9942435622215271,31.6875,Healthy,92.54
05:07:42,1348.741943359375,1.0903855562210083,0.9965019226074219,31.75,Healthy,92.54
05:07:44,1352.4677734375,1.0316345691680908,0.985798716545105,31.6875,Healthy,92.54
05:07:45,1352.4677734375,1.020768404006958,0.9890745282173157,31.6875,Healthy,92.54
05:07:47,1356.1934814453125,1.0225577354431152,0.9893410205841064,31.6875,Healthy,92.54
05:07:49,1345.01611328125,1.0244330167770386,0.9885879158973694,31.6875,Healthy,92.54
05:07:51,1359.9193115234375,1.075531244277954,0.9880791902542114,31.6875,Healthy,92.54
05:07:52,1346.8790283203125,1.0271952152252197,0.9872283935546875,31.6875,Healthy,92.54
05:07:54,1346.8790283203125,1.0327857732772827,0.9892423152923584,31.6875,Healthy,92.54
05:07:56,1346.8790283203125,1.023719072341919,0.986907422542572,31.6875,Healthy,92.54
05:07:57,1343.1533203125,1.4238858222961426,0.9969162344932556,31.6875,Healthy,92.54
05:07:59,1348.741943359375,1.0322545766830444,0.9885458946228027,31.6875,Healthy,92.54
05:08:01,1352.4677734375,1.7094630002975464,0.9922685623168945,31.6875,Healthy,92.54
05:08:03,1356.1934814453125,1.0384342670440674,0.9886026978492737,31.6875,Healthy,92.54
05:08:04,1354.33056640625,1.028084635734558,0.9918285608291626,31.75,Healthy,92.54
05:08:06,1354.33056640625,1.1018925905227661,0.9891487956047058,31.6875,Healthy,92.54
05:08:08,1346.8790283203125,1.0872795581817627,0.9914492964744568,31.6875,Healthy,92.54
05:08:09,1352.4677734375,1.0590027570724487,0.9868729710578918,31.6875,Healthy,92.54
05:08:11,1343.1533203125,1.0364078283309937,0.9895380139350891,31.6875,Healthy,92.54
05:08:13,1350.604736328125,1.0109612941741943,0.9903994798660278,31.75,Healthy,92.54
05:08:15,1358.056396484375,1.2898355722427368,0.9903706908226013,31.75,Healthy,92.54
05:08:16,1350.604736328125,0.9745016694068909,0.9923456907272339,31.75,Healthy,92.54
05:08:18,1348.741943359375,1.0544184446334839,0.9882757663726807,31.6875,Healthy,92.54
05:08:20,1350.604736328125,1.0175398588180542,0.9889248013496399,31.75,Healthy,92.54
05:08:21,1335.7015380859375,1.7144283056259155,0.9942805767059326,31.6875,Healthy,92.54
05:08:23,1350.604736328125,1.0384342670440674,0.9837886095046997,31.6875,Healthy,92.54
05:08:25,1348.741943359375,1.2562344074249268,0.9843742251396179,31.6875,Healthy,92.54
05:08:27,1348.741943359375,1.0428258180618286,0.9853184223175049,31.6875,Healthy,92.54
05:08:28,1345.01611328125,1.0445773601531982,0.986907958984375,31.6875,Healthy,92.54
05:08:30,1352.4677734375,1.125528335571289,0.9882205724716187,31.6875,Healthy,92.54
05:08:32,1339.4273681640625,1.3099454641342163,0.9922753572463989,31.6875,Healthy,92.54
05:08:33,1350.604736328125,1.049378752708435,0.9919710159301758,31.6875,Healthy,92.54
05:08:35,1350.604736328125,1.0325201749801636,0.9901254773139954,31.6875,Healthy,92.54
05:08:37,1330.1129150390625,1.1413339376449585,0.9915596842765808,31.6875,Healthy,92.54
05:08:39,1337.564453125,0.9935430288314819,0.9908238053321838,31.6875,Healthy,92.54
05:08:40,1345.01611328125,1.0756162405014038,0.98723304271698,31.6875,Healthy,92.54
05:08:42,1348.741943359375,0.9830926656723022,0.986507773399353,31.6875,Healthy,92.54
05:08:44,1350.604736328125,1.14173424243927,0.9884867072105408,31.6875,Healthy,92.54
05:08:45,1358.056396484375,0.9724360704421997,0.9902180433273315,31.6875,Healthy,92.54
05:08:47,1350.604736328125,1.0304821729660034,0.9866951107978821,31.6875,Healthy,92.54
05:08:49,1348.741943359375,1.0564968585968018,0.9889788627624512,31.6875,Healthy,92.54
05:08:51,1341.290283203125,1.7057697772979736,0.991624653339386,31.75,Healthy,92.54
05:08:52,1350.604736328125,1.0199623107910156,0.9910818934440613,31.6875,Healthy,92.54
05:08:54,1350.604736328125,1.0378179550170898,0.9886471629142761,31.6875,Healthy,92.54
05:08:56,1346.8790283203125,1.0385222434997559,0.9905819296836853,31.75,Healthy,92.54
05:08:57,1346.8790283203125,1.0103282928466797,0.9861662983894348,31.6875,Healthy,92.54
05:08:59,1328.25,1.2134519815444946,0.9866865873336792,31.6875,Healthy,92.54
05:09:01,1350.604736328125,1.760562777519226,0.9867424964904785,31.75,Healthy,92.54
05:09:03,1356.1934814453125,1.0063399076461792,0.9847901463508606,31.6875,Healthy,92.54
05:09:04,1352.4677734375,1.036231517791748,0.9867815375328064,31.6875,Healthy,92.54
05:09:06,1350.604736328125,1.1724618673324585,0.9933088421821594,31.75,Healthy,92.54
05:09:08,1350.604736328125,1.004794716835022,0.996494710445404,31.75,Healthy,92.54
05:09:10,1350.604736328125,1.1483595371246338,0.9867036938667297,31.6875,Healthy,92.54
05:09:11,1350.604736328125,1.4170652627944946,0.9929567575454712,31.75,Healthy,92.54
05:09:13,1343.1533203125,1.0863544940948486,0.9861758947372437,31.6875,Healthy,92.54
05:09:15,1350.604736328125,0.9847647547721863,0.9887856245040894,31.6875,Healthy,92.54
05:09:16,1343.1533203125,1.0132191181182861,0.9968312382698059,31.6875,Healthy,92.54
05:09:18,1350.604736328125,1.0288844108581543,0.9921919703483582,31.6875,Healthy,92.54
05:09:20,1356.1934814453125,1.0439646244049072,0.9881381392478943,31.75,Healthy,92.54
05:09:22,1348.741943359375,1.0303934812545776,0.9883183240890503,31.75,Healthy,92.54
05:09:23,1352.4677734375,1.0084266662597656,0.9921222925186157,31.6875,Healthy,92.54
05:09:25,1346.8790283203125,1.1149214506149292,0.9835167527198792,31.6875,Healthy,92.54
05:09:27,1358.056396484375,1.1108149290084839,0.9883330464363098,31.6875,Healthy,92.54
05:09:28,1350.604736328125,1.1260966062545776,0.9846656322479248,31.8125,Healthy,92.54
05:09:30,1339.4273681640625,1.3065919876098633,0.9971906542778015,31.6875,Healthy,92.54
05:09:32,1354.33056640625,1.0500754117965698,0.994316816329956,31.6875,Healthy,92.54
05:09:34,1350.604736328125,1.0016058683395386,0.9855273365974426,31.6875,Healthy,92.54
05:09:35,1343.1533203125,1.0432640314102173,0.9984679818153381,31.6875,Healthy,92.54
05:09:37,1346.8790283203125,1.0170906782150269,0.9928814768791199,31.6875,Healthy,92.54
05:09:39,1348.741943359375,1.1670705080032349,0.9957124590873718,31.6875,Healthy,92.54
05:09:40,1358.056396484375,1.0585711002349854,0.985964834690094,31.6875,Healthy,92.54
05:09:42,1337.564453125,1.0534645318984985,0.9921071529388428,31.6875,Healthy,92.54
05:09:44,1348.741943359375,1.0674275159835815,0.9878459572792053,31.6875,Healthy,92.54
05:09:46,1354.33056640625,1.1151673793792725,0.9873771667480469,31.6875,Healthy,92.54
05:09:47,1345.01611328125,1.055977702140808,0.9958222508430481,31.6875,Healthy,92.54
05:09:49,1356.1934814453125,1.0377298593521118,0.9912214875221252,31.6875,Healthy,92.54
05:09:51,1346.8790283203125,1.0024268627166748,0.989922821521759,31.6875,Healthy,92.54
05:09:52,1350.604736328125,1.039577841758728,0.9942731857299805,31.6875,Healthy,92.54
05:09:54,1350.604736328125,1.0020620822906494,0.9872404932975769,31.6875,Healthy,92.54
05:09:56,1350.604736328125,0.9945544600486755,0.9844248294830322,31.6875,Healthy,92.54
05:09:58,1350.604736328125,1.056410312652588,0.9849127531051636,31.6875,Healthy,92.54
05:09:59,1354.33056640625,1.494234561920166,0.9839069843292236,31.75,Healthy,92.54
05:10:01,1350.604736328125,1.4784305095672607,0.9873195886611938,31.75,Healthy,92.54
05:10:03,1354.33056640625,1.0533777475357056,0.990513801574707,31.6875,Healthy,92.54
05:10:04,1346.8790283203125,1.0650272369384766,0.9912959933280945,31.6875,Healthy,92.54
05:10:06,1346.8790283203125,1.0287067890167236,0.9891675114631653,31.6875,Healthy,92.54
05:10:08,1354.33056640625,1.1117196083068848,0.9885502457618713,31.6875,Healthy,92.54
05:10:10,1343.1533203125,1.0201414823532104,0.9900396466255188,31.6875,Healthy,92.54
05:10:11,1345.01611328125,1.0637391805648804,0.9880854487419128,31.6875,Healthy,92.54
05:10:13,1350.604736328125,1.0404566526412964,0.9825214743614197,31.6875,Healthy,92.54
05:10:15,1343.1533203125,1.0845019817352295,0.990200936794281,31.6875,Healthy,92.54
05:10:16,1346.8790283203125,1.0850075483322144,0.98599773645401,31.6875,Healthy,92.54
05:10:18,1348.741943359375,1.0468498468399048,0.9902254343032837,31.6875,Healthy,92.54
05:10:20,1343.1533203125,1.0757012367248535,0.993360698223114,31.6875,Healthy,92.54
05:10:22,1346.8790283203125,1.050858497619629,0.9759465456008911,31.6875,Healthy,92.54
05:10:23,1343.1533203125,1.0282623767852783,0.9919109344482422,31.6875,Healthy,92.54
05:10:25,1352.4677734375,0.9904102683067322,0.9893759489059448,31.75,Healthy,92.54
05:10:27,1348.741943359375,1.0345542430877686,0.9858145713806152,31.6875,Healthy,92.54
05:10:28,1354.33056640625,1.0366723537445068,0.9938156008720398,31.6875,Healthy,92.54
05:10:30,1345.01611328125,1.0287067890167236,0.9915087223052979,31.6875,Healthy,92.54
05:10:32,1345.01611328125,1.1863340139389038,0.9857556223869324,31.6875,Healthy,92.54
05:10:34,1346.8790283203125,1.0020620822906494,0.9879198670387268,31.6875,Healthy,92.54
05:10:35,1350.604736328125,1.0283513069152832,0.9927607178688049,31.6875,Healthy,92.54
05:10:37,1352.4677734375,1.077484130859375,0.9913972616195679,31.6875,Healthy,92.54
05:10:39,1358.056396484375,0.9974910020828247,0.9824612736701965,31.6875,Healthy,92.54
05:10:40,1348.741943359375,1.0166412591934204,0.9855941534042358,31.6875,Healthy,92.54
05:10:42,1348.741943359375,1.0250574350357056,0.9818535447120667,31.6875,Healthy,92.54
05:10:44,1356.1934814453125,1.0490303039550781,0.9857525825500488,31.6875,Healthy,92.54
05:10:46,1348.741943359375,1.042650580406189,0.994185745716095,31.6875,Healthy,92.54
05:10:47,1352.4677734375,1.0166412591934204,0.9849740862846375,31.6875,Healthy,92.54
05:10:49,1354.33056640625,0.9973077178001404,0.9922332167625427,31.6875,Healthy,92.54
05:10:51,1350.604736328125,1.022200107574463,0.9866335391998291,31.6875,Healthy,92.54
05:10:52,1354.33056640625,1.0248790979385376,0.9905524849891663,31.625,Healthy,92.54
05:10:54,1348.741943359375,1.1007306575775146,0.9902318120002747,31.6875,Healthy,92.54
05:10:56,1352.4677734375,1.0662280321121216,0.9811908602714539,31.6875,Healthy,92.54
05:10:58,1350.604736328125,1.0790098905563354,0.9880607724189758,31.6875,Healthy,92.54
05:10:59,1346.8790283203125,1.1672271490097046,0.9881901144981384,31.75,Healthy,92.54
05:11:01,1348.741943359375,1.2345103025436401,0.9910781979560852,31.6875,Healthy,92.54
05:11:03,1356.1934814453125,1.0372012853622437,0.9900413155555725,31.6875,Healthy,92.54
05:11:04,1346.8790283203125,1.0037025213241577,0.9949934482574463,31.6875,Healthy,92.54
05:11:06,1333.838623046875,1.0964876413345337,0.9900463819503784,31.6875,Healthy,92.54
05:11:08,1350.604736328125,1.04859459400177,0.9921863079071045,31.6875,Healthy,92.54
05:11:10,1354.33056640625,1.0866068601608276,0.9824726581573486,31.6875,Healthy,92.54
05:11:11,1346.8790283203125,1.0093326568603516,0.9886270761489868,31.625,Healthy,92.54
05:11:13,1348.741943359375,0.9986814856529236,0.9891313314437866,31.6875,Healthy,92.54
05:11:15,1328.25,1.0585711002349854,0.9921311736106873,31.6875,Healthy,92.54
05:11:16,1356.1934814453125,1.0025179386138916,0.9871119260787964,31.6875,Healthy,92.54
05:11:18,1350.604736328125,1.0596067905426025,0.9816789031028748,31.6875,Healthy,92.54
05:11:20,1350.604736328125,1.0203206539154053,0.9829809069633484,31.6875,Healthy,92.54
05:11:22,1346.8790283203125,1.0251466035842896,0.9877824187278748,31.6875,Healthy,92.54
05:11:23,1348.741943359375,1.105453610420227,0.983838677406311,31.6875,Healthy,92.54
05:11:25,1352.4677734375,1.0550251007080078,0.9919512271881104,31.6875,Healthy,92.54
05:11:27,1352.4677734375,1.0728936195373535,0.9936507940292358,31.6875,Healthy,92.54
05:11:28,1348.741943359375,1.1399717330932617,0.9885761737823486,31.6875,Healthy,92.54
05:11:30,1354.33056640625,1.0416858196258545,0.9927616715431213,31.625,Healthy,92.54
05:11:32,1348.741943359375,1.0525965690612793,0.9849997758865356,31.625,Healthy,92.54
05:11:34,1358.056396484375,1.0623635053634644,0.9887326955795288,31.6875,Healthy,92.54
05:11:35,1358.056396484375,1.0561507940292358,0.9941232800483704,31.625,Healthy,92.54
05:11:37,1359.9193115234375,1.0208579301834106,0.9858433604240417,31.625,Healthy,92.54
05:11:39,1352.4677734375,0.9949219822883606,0.9828470349311829,31.6875,Healthy,92.54
05:11:41,1352.4677734375,1.0564968585968018,0.9920030236244202,31.625,Healthy,92.54
05:11:42,1341.290283203125,1.7176240682601929,0.9947798848152161,31.625,Healthy,92.54
05:11:44,1354.33056640625,1.0437020063400269,0.9885985255241394,31.625,Healthy,92.54
05:11:46,1348.741943359375,1.0872795581817627,0.9913832545280457,31.625,Healthy,92.54
05:11:47,1350.604736328125,0.975720226764679,0.9954143762588501,31.625,Healthy,92.54
05:11:49,1354.33056640625,1.02621591091156,0.9881418943405151,31.625,Healthy,92.54
05:11:51,1356.1934814453125,0.9923464059829712,0.9871838688850403,31.625,Healthy,92.54
05:11:52,1359.9193115234375,1.0052493810653687,0.9857659935951233,31.625,Healthy,92.54
05:11:54,1352.4677734375,1.090720772743225,0.9919145703315735,31.625,Healthy,92.54
05:11:56,1345.01611328125,1.024254560470581,0.9916095733642578,31.6875,Healthy,92.54
05:11:58,1354.33056640625,1.0358785390853882,0.9846265912055969,31.625,Healthy,92.54
05:11:59,1354.33056640625,0.974689245223999,0.9849560260772705,31.625,Healthy,92.54
05:12:01,1350.604736328125,1.0711030960083008,0.995173990726471,31.6875,Healthy,92.54
05:12:03,1356.1934814453125,1.0048856735229492,0.9829525351524353,31.625,Healthy,92.54
05:12:05,1343.1533203125,0.9933590292930603,0.9884607791900635,31.625,Healthy,92.54
05:12:06,1350.604736328125,1.0236297845840454,0.9916602373123169,31.625,Healthy,92.54
05:12:08,1346.8790283203125,1.0529438257217407,0.9931984543800354,31.6875,Healthy,92.54
05:12:10,1352.4677734375,1.0418612957000732,0.996578574180603,31.625,Healthy,92.54
05:12:11,1350.604736328125,1.0154718160629272,0.9965511560440063,31.6875,Healthy,92.54
05:12:13,1352.4677734375,0.9919779300689697,0.99248868227005,31.6875,Healthy,92.54
05:12:15,1356.1934814453125,1.048245906829834,0.9934890866279602,31.6875,Healthy,92.54
05:12:17,1326.3870849609375,0.9000977873802185,0.9923452734947205,31.625,Healthy,92.54
05:12:18,1335.7015380859375,0.5809057354927063,0.9856940507888794,31.625,Healthy,92.54
05:12:20,1367.370849609375,0.5174979567527771,0.9932842254638672,31.6875,Healthy,92.54
05:12:22,1356.1934814453125,0.46816548705101013,0.9798550605773926,31.625,Healthy,92.41
05:12:23,1341.290283203125,4.576413631439209,0.9922889471054077,31.625,Healthy,91.17
05:12:25,1166.1773681640625,1.7314571142196655,0.9936668872833252,31.625,Healthy,92.54
05:12:27,1186.6693115234375,1.925887107849121,0.9940154552459717,31.625,Healthy,92.54
05:12:29,1367.370849609375,1.9900736808776855,0.9899766445159912,31.625,Healthy,92.54
05:12:30,1134.508056640625,1.8934365510940552,0.9919453859329224,31.625,Healthy,92.54
05:12:32,1281.67724609375,1.380737543106079,0.9950363039970398,31.625,Healthy,92.54
05:12:34,1106.564453125,3.067553997039795,0.9877065420150757,31.625,Healthy,92.71
05:12:35,1330.1129150390625,2.6614949703216553,0.9938632845878601,31.625,Healthy,93.32
05:12:37,1352.4677734375,3.1272501945495605,0.9846913814544678,31.6875,Healthy,93.15
05:12:39,1350.604736328125,1.3752987384796143,0.9917678236961365,31.6875,Healthy,92.54
05:12:41,1333.838623046875,2.657989978790283,0.985095739364624,31.625,Healthy,93.32
05:12:42,1358.056396484375,1.7213449478149414,0.9831314086914062,31.625,Healthy,92.54
05:12:44,1359.9193115234375,1.961670994758606,0.991891086101532,31.6875,Healthy,92.54
05:12:46,1359.9193115234375,4.0327324867248535,0.9891809821128845,31.6875,Healthy,91.39
05:12:47,1361.7823486328125,2.946828842163086,0.9945425987243652,31.625,Healthy,93.32
05:12:49,1363.6451416015625,2.4280710220336914,0.988393247127533,31.625,Healthy,93.32
05:12:51,1374.822509765625,2.190890312194824,0.9901684522628784,31.625,Healthy,92.54
05:12:53,1380.411376953125,0.35515207052230835,0.9853122234344482,31.625,Healthy,92.41
05:12:54,1369.2337646484375,0.6161806583404541,0.9934701323509216,31.6875,Healthy,92.54
05:12:56,1365.508056640625,0.6557049751281738,0.9864645004272461,31.625,Healthy,92.54
05:12:58,1371.0968017578125,0.4180408716201782,0.9865134358406067,31.6875,Healthy,92.41
05:12:59,1374.822509765625,0.30533382296562195,0.9863563179969788,31.6875,Healthy,92.41
05:13:01,1384.136962890625,0.36076948046684265,0.9851730465888977,31.625,Healthy,92.41
05:13:03,1369.2337646484375,0.3778464198112488,0.9866212010383606,31.625,Healthy,92.41
05:13:05,1376.6854248046875,0.35592329502105713,0.9863963723182678,31.625,Healthy,92.41
05:13:06,1367.370849609375,0.33365562558174133,0.9909830093383789,31.625,Healthy,92.41
05:13:08,1378.5484619140625,0.3385505974292755,0.9882293343544006,31.625,Healthy,92.41
05:13:10,1376.6854248046875,0.46463802456855774,0.9991151690483093,31.625,Healthy,92.41
05:13:11,1374.822509765625,0.0,0.9909003973007202,31.625,Healthy,92.41
05:13:13,1350.604736328125,2.9460222721099854,0.99467533826828,31.625,Healthy,93.32
05:13:15,1372.9595947265625,1.068967580795288,0.9886623620986938,31.6875,Healthy,92.54
05:13:17,1369.2337646484375,1.2232047319412231,0.9935345649719238,31.625,Healthy,92.54
05:13:18,1371.0968017578125,1.42208731174469,0.9895979762077332,31.625,Healthy,92.54
05:13:20,1382.274169921875,1.8710017204284668,0.996415913105011,31.6875,Healthy,92.54
05:13:22,1376.6854248046875,1.8292567729949951,0.9966458082199097,31.625,Healthy,92.54
05:13:23,1382.274169921875,1.8749058246612549,0.9955193400382996,31.625,Healthy,92.54
05:13:25,1359.9193115234375,1.7596800327301025,0.987293004989624,31.625,Healthy,92.54
05:13:27,1382.274169921875,1.8673343658447266,0.9823919534683228,31.625,Healthy,92.54
05:13:29,1378.5484619140625,1.7644003629684448,0.9944791793823242,31.625,Healthy,92.54
05:13:30,1382.274169921875,1.741195559501648,0.9949619770050049,31.625,Healthy,92.54
05:13:32,1378.5484619140625,1.8420037031173706,0.9929531812667847,31.5625,Healthy,92.54
05:13:34,1372.9595947265625,1.8076436519622803,0.991752028465271,31.75,Healthy,92.54
05:13:35,1378.5484619140625,1.748947262763977,0.9871228933334351,31.625,Healthy,92.54
05:13:37,1384.136962890625,1.8268568515777588,0.9901966452598572,31.625,Healthy,92.54
05:13:39,1374.822509765625,1.7562484741210938,0.9899352192878723,31.625,Healthy,92.54
05:13:41,1378.5484619140625,1.8141546249389648,0.9862658381462097,31.625,Healthy,92.54
05:13:42,1374.822509765625,1.436348557472229,0.9938819408416748,31.6875,Healthy,92.54
05:13:44,1374.822509765625,1.736201524734497,0.9933907389640808,31.625,Healthy,92.54
05:13:46,1376.6854248046875,1.8052656650543213,0.9994852542877197,31.625,Healthy,92.54
05:13:47,1380.411376953125,1.736991047859192,0.9886058568954468,31.625,Healthy,92.54
05:13:49,1376.6854248046875,1.7849498987197876,0.9897637367248535,31.625,Healthy,92.54
05:13:51,1372.9595947265625,1.7504621744155884,0.9927487969398499,31.625,Healthy,92.54
05:13:53,1384.136962890625,1.7031958103179932,0.983863353729248,31.625,Healthy,92.54
05:13:54,1376.6854248046875,1.7618082761764526,0.9941909313201904,31.625,Healthy,92.54
05:13:56,1380.411376953125,1.6666885614395142,0.9899957776069641,31.625,Healthy,92.54
05:13:58,1374.822509765625,1.6639442443847656,0.9887223243713379,31.625,Healthy,92.54
05:13:59,1385.9998779296875,1.6803969144821167,0.9990224838256836,31.625,Healthy,92.54
05:14:01,1369.2337646484375,1.7932771444320679,0.9867219924926758,31.625,Healthy,92.54
05:14:03,1378.5484619140625,1.6821908950805664,0.9956759214401245,31.625,Healthy,92.54
05:14:05,1382.274169921875,1.7182092666625977,0.9896146059036255,31.625,Healthy,92.54
05:14:06,1378.5484619140625,1.7477447986602783,0.9879556894302368,31.625,Healthy,92.54
05:14:08,1372.9595947265625,1.6959357261657715,0.9904173612594604,31.6875,Healthy,92.54
05:14:10,1378.5484619140625,1.6525346040725708,0.9854892492294312,31.625,Healthy,92.54
05:14:11,1374.822509765625,1.7165595293045044,0.9887323975563049,31.625,Healthy,92.54
05:14:13,1369.2337646484375,1.6794719696044922,0.9886927604675293,31.625,Healthy,92.54
05:14:15,1369.2337646484375,1.409303903579712,0.9887793660163879,31.6875,Healthy,92.54
05:14:17,1380.411376953125,1.5651004314422607,0.993920087814331,31.6875,Healthy,92.54
05:14:18,1372.9595947265625,1.4849692583084106,0.9920521378517151,31.6875,Healthy,92.54
05:14:20,1384.136962890625,1.642827033996582,0.988929033279419,31.625,Healthy,92.54
05:14:22,1372.9595947265625,1.6875072717666626,0.9931262135505676,31.75,Healthy,92.54
05:14:23,1372.9595947265625,1.6750034093856812,0.9942046999931335,31.625,Healthy,92.54
05:14:25,1365.508056640625,1.687398910522461,0.9943358302116394,31.625,Healthy,92.54
05:14:27,1380.411376953125,1.689780592918396,0.9854837656021118,31.625,Healthy,92.54
05:14:29,1367.370849609375,1.6648229360580444,0.992191731929779,31.625,Healthy,92.54
05:14:30,1378.5484619140625,1.7049121856689453,0.9851818084716797,31.625,Healthy,92.54
05:14:32,1389.725830078125,1.6447175741195679,0.9879037737846375,31.5625,Healthy,92.54
05:14:34,1376.6854248046875,1.719698190689087,0.9868199229240417,31.625,Healthy,92.54
05:14:35,1376.6854248046875,1.617653489112854,0.9851369261741638,31.625,Healthy,92.54
05:14:37,1372.9595947265625,1.6962590217590332,0.9901926517486572,31.625,Healthy,92.54
05:14:39,1380.411376953125,1.4605796337127686,0.9893885254859924,31.6875,Healthy,92.54
05:14:41,1380.411376953125,1.7475357055664062,0.9875099062919617,31.625,Healthy,92.54
05:14:42,1376.6854248046875,1.677893042564392,0.9948069453239441,31.625,Healthy,92.54
05:14:44,1374.822509765625,1.7017463445663452,0.9889247417449951,31.625,Healthy,92.54
05:14:46,1372.9595947265625,1.6454952955245972,0.9893068075180054,31.625,Healthy,92.54
05:14:47,1367.370849609375,1.7302424907684326,0.9914889931678772,31.625,Healthy,92.54
05:14:49,1376.6854248046875,1.65915846824646,0.9922460317611694,31.625,Healthy,92.54
05:14:51,1380.411376953125,1.5851777791976929,0.984066903591156,31.625,Healthy,92.54
05:14:53,1378.5484619140625,1.2292423248291016,0.9838743209838867,31.625,Healthy,92.54
05:14:54,1382.274169921875,1.6700304746627808,0.991417407989502,31.625,Healthy,92.54
05:14:56,1365.508056640625,1.6263877153396606,0.9902610182762146,31.625,Healthy,92.54
05:14:58,1378.5484619140625,1.6092126369476318,0.9872109889984131,31.625,Healthy,92.54
05:15:00,1369.2337646484375,1.6703040599822998,0.9893983006477356,31.625,Healthy,92.54
05:15:01,1380.411376953125,1.6981977224349976,0.9840584397315979,31.625,Healthy,92.54
05:15:03,1371.0968017578125,1.6388720273971558,0.9872011542320251,31.625,Healthy,92.54
05:15:05,1358.056396484375,1.607621431350708,0.9955357313156128,31.625,Healthy,92.54
05:15:06,1382.274169921875,1.6958279609680176,0.984181821346283,31.6875,Healthy,92.54
05:15:08,1372.9595947265625,1.6341806650161743,0.9825912714004517,31.625,Healthy,92.54
05:15:10,1372.9595947265625,1.6543588638305664,0.983215868473053,31.625,Healthy,92.54
05:15:11,1376.6854248046875,1.6642738580703735,0.9940807223320007,31.625,Healthy,92.54
05:15:13,1369.2337646484375,1.6442172527313232,0.985525906085968,31.625,Healthy,92.54
05:15:15,1382.274169921875,1.679417610168457,0.9952475428581238,31.625,Healthy,92.54
05:15:17,1371.0968017578125,1.6333414316177368,0.9878273606300354,31.625,Healthy,92.54
05:15:18,1376.6854248046875,1.6530323028564453,0.9886445999145508,31.625,Healthy,92.54
05:15:20,1382.274169921875,1.6341246366500854,0.9874380230903625,31.625,Healthy,92.54
05:15:22,1380.411376953125,1.5947206020355225,0.9890010356903076,31.625,Healthy,92.54
05:15:24,1380.411376953125,1.5596011877059937,0.9887306094169617,31.625,Healthy,92.54
05:15:25,1367.370849609375,1.7122944593429565,0.9893581867218018,31.625,Healthy,92.54
05:15:27,1382.274169921875,1.6032947301864624,0.991902232170105,31.625,Healthy,92.54
05:15:29,1380.411376953125,1.6335092782974243,0.98952716588974,31.625,Healthy,92.54
05:15:30,1376.6854248046875,1.657835841178894,0.9858094453811646,31.625,Healthy,92.54
05:15:32,1380.411376953125,1.6820822954177856,0.9913562536239624,31.5625,Healthy,92.54
05:15:34,1363.6451416015625,1.1605520248413086,0.9899889230728149,31.5625,Healthy,92.54
05:15:36,1380.411376953125,1.624025583267212,0.9893568158149719,31.625,Healthy,92.54
05:15:37,1374.822509765625,1.6253196001052856,0.9847085475921631,31.5625,Healthy,92.54
05:15:39,1384.136962890625,1.678982138633728,0.9938586354255676,31.5625,Healthy,92.54
05:15:41,1389.725830078125,1.7038933038711548,0.9947816133499146,31.625,Healthy,92.54
05:15:42,1380.411376953125,1.6824082136154175,0.9877762794494629,31.5625,Healthy,92.54
05:15:44,1376.6854248046875,1.6423817873001099,0.9873666763305664,31.625,Healthy,92.54
05:15:46,1384.136962890625,1.149234652519226,0.9802022576332092,31.6875,Healthy,92.54
05:15:48,1382.274169921875,1.6919968128204346,0.9894546270370483,31.625,Healthy,92.54
05:15:49,1374.822509765625,1.6073371171951294,0.9970534443855286,31.5625,Healthy,92.54
05:15:51,1380.411376953125,1.673693299293518,0.9833547472953796,31.5625,Healthy,92.54
05:15:53,1380.411376953125,1.6459397077560425,0.9868753552436829,31.5625,Healthy,92.54
05:15:54,1363.6451416015625,1.647882103919983,0.9919121265411377,31.5625,Healthy,92.54
05:15:56,1372.9595947265625,1.639150857925415,0.9857804775238037,31.625,Healthy,92.54
05:15:58,1382.274169921875,1.6482148170471191,0.9882925152778625,31.625,Healthy,92.54
05:16:00,1378.5484619140625,1.6318858861923218,0.984181821346283,31.5625,Healthy,92.54
05:16:01,1374.822509765625,1.6638344526290894,0.9890798926353455,31.625,Healthy,92.54
05:16:03,1374.822509765625,1.0055221319198608,0.9908847808837891,31.5625,Healthy,92.54
05:16:05,1376.6854248046875,1.630260705947876,0.9853392839431763,31.625,Healthy,92.54
05:16:06,1363.6451416015625,1.2438040971755981,0.9946819543838501,31.625,Healthy,92.54
05:16:08,1374.822509765625,1.6656463146209717,0.9898555874824524,31.625,Healthy,92.54
05:16:10,1372.9595947265625,1.7429269552230835,0.9845870733261108,31.625,Healthy,92.54
05:16:12,1380.411376953125,1.6087013483047485,0.9904938340187073,31.625,Healthy,92.54
05:16:13,1382.274169921875,1.618105411529541,0.991668701171875,31.625,Healthy,92.54
05:16:15,1382.274169921875,1.642827033996582,0.9920597076416016,31.5625,Healthy,92.54
05:16:17,1376.6854248046875,1.5929428339004517,0.9909336566925049,31.5625,Healthy,92.54
05:16:18,1382.274169921875,1.6973901987075806,0.9867716431617737,31.625,Healthy,92.54
05:16:20,1372.9595947265625,1.639931321144104,0.9890668392181396,31.625,Healthy,92.54
05:16:22,1374.822509765625,1.6850138902664185,0.9844931960105896,31.625,Healthy,92.54
05:16:24,1374.822509765625,1.6408228874206543,0.9891974925994873,31.625,Healthy,92.54
05:16:25,1393.4515380859375,1.6615806818008423,0.9860235452651978,31.625,Healthy,92.54
05:16:27,1367.370849609375,1.6560155153274536,0.9929018020629883,31.625,Healthy,92.54
05:16:29,1378.5484619140625,1.6534746885299683,0.983605146408081,31.625,Healthy,92.54
05:16:30,1372.9595947265625,1.648159384727478,0.9917569160461426,31.625,Healthy,92.54
05:16:32,1378.5484619140625,1.6230685710906982,0.9932799339294434,31.625,Healthy,92.54
05:16:34,1376.6854248046875,1.6150522232055664,0.9896647334098816,31.625,Healthy,92.54
05:16:36,1387.8629150390625,1.620983600616455,0.9835135340690613,31.625,Healthy,92.54
05:16:37,1382.274169921875,1.662185549736023,0.9899396896362305,31.625,Healthy,92.54
05:16:39,1374.822509765625,1.581945538520813,0.9907592535018921,31.5625,Healthy,92.54
05:16:41,1363.6451416015625,1.319885492324829,0.9893193244934082,31.625,Healthy,92.54
05:16:42,1374.822509765625,1.6038646697998047,0.9884260296821594,31.625,Healthy,92.54
05:16:44,1382.274169921875,1.5430452823638916,0.9892216920852661,31.625,Healthy,92.54
05:16:46,1372.9595947265625,1.6152786016464233,0.992990255355835,31.625,Healthy,92.54
05:16:48,1367.370849609375,1.0261268615722656,0.9869371652603149,31.625,Healthy,92.54
05:16:49,1374.822509765625,1.6243633031845093,0.9891316890716553,31.5625,Healthy,92.54
05:16:51,1372.9595947265625,1.6119933128356934,0.9857251048088074,31.5625,Healthy,92.54
05:16:53,1374.822509765625,1.5798063278198242,0.9880416989326477,31.5625,Healthy,92.54
05:16:54,1380.411376953125,1.6958818435668945,0.9881969690322876,31.625,Healthy,92.54
05:16:56,1367.370849609375,1.6192346811294556,0.9866207242012024,31.625,Healthy,92.54
05:16:58,1374.822509765625,1.6469943523406982,0.9870883226394653,31.625,Healthy,92.54
05:17:00,1378.5484619140625,1.6832772493362427,0.9906537532806396,31.625,Healthy,92.54
05:17:01,1354.33056640625,0.9351588487625122,0.9860333204269409,31.625,Healthy,92.54
05:17:03,1367.370849609375,1.318915605545044,0.9858248829841614,31.625,Healthy,92.54
05:17:05,1385.9998779296875,1.5810208320617676,0.9894928336143494,31.5625,Healthy,92.54
05:17:06,1372.9595947265625,1.523072600364685,0.9895540475845337,31.625,Healthy,92.54
05:17:08,1378.5484619140625,1.6991124153137207,0.9902019500732422,31.5625,Healthy,92.54
05:17:10,1382.274169921875,1.6890772581100464,0.9936341643333435,31.6875,Healthy,92.54
05:17:12,1376.6854248046875,1.6035226583480835,0.9860264658927917,31.625,Healthy,92.54
05:17:13,1372.9595947265625,1.6730378866195679,0.9852101802825928,31.5625,Healthy,92.54
05:17:15,1376.6854248046875,1.054851770401001,0.9959043264389038,31.5625,Healthy,92.54
05:17:17,1374.822509765625,1.5975265502929688,0.9887143969535828,31.625,Healthy,92.54
05:17:18,1378.5484619140625,1.6597644090652466,0.9955987930297852,31.625,Healthy,92.54
05:21:22,240.1915740966797,0.4422641098499298,0.9862592816352844,31.5,Healthy,99.87
05:21:23,240.5157012939453,0.3816972076892853,0.9948038458824158,31.5,Healthy,99.87
05:21:25,239.2191162109375,0.41165146231651306,0.9954034686088562,31.5,Healthy,99.87
05:21:27,239.5432586669922,0.3546369969844818,0.9909889698028564,31.5,Healthy,99.87
05:21:28,239.867431640625,0.3857465088367462,0.9865207672119141,31.5,Healthy,99.87
05:21:30,239.2191162109375,0.3821758031845093,0.9828625917434692,31.5,Healthy,99.87
05:21:32,230.79135131835938,0.39993906021118164,0.982501745223999,31.5625,Healthy,99.79
05:21:34,239.867431640625,0.3927905559539795,0.9967440366744995,31.5,Healthy,99.87
05:21:35,202.26658630371094,0.40085217356681824,0.9911538362503052,31.5,Healthy,99.79
05:21:37,199.99755859375,0.3746885359287262,0.987483024597168,31.5,Healthy,99.79
05:21:39,218.14967346191406,0.4184779226779938,0.9965753555297852,31.5,Healthy,99.79
05:21:40,196.756103515625,0.3857465088367462,0.9961360096931458,31.5,Healthy,99.79
05:21:42,185.41104125976562,0.3906906843185425,0.9950574040412903,31.5,Healthy,99.79
05:21:44,189.9490509033203,0.3712577223777771,0.9945104122161865,31.5,Healthy,99.79
05:21:46,186.05931091308594,0.40403178334236145,0.9913533926010132,31.5,Healthy,99.79
05:21:47,199.3492889404297,0.3888145983219147,0.9902918338775635,31.5,Healthy,99.79
05:21:49,202.26658630371094,0.4162880778312683,0.9908532500267029,31.5,Healthy,99.79
05:21:51,199.02511596679688,0.399710476398468,0.9955620169639587,31.5,Healthy,99.79
05:21:52,181.8454132080078,0.3566928803920746,0.9904239773750305,31.5,Healthy,99.79
05:21:54,179.9005584716797,0.39856550097465515,0.9847782254219055,31.5,Healthy,99.79
05:21:56,195.78366088867188,0.4307475686073303,0.9887898564338684,31.5,Healthy,99.79
05:21:58,197.72854614257812,0.42411863803863525,0.9929038882255554,31.5,Healthy,99.79
05:21:59,181.8454132080078,0.4167269766330719,0.9962556958198547,31.5,Healthy,99.79
05:22:01,192.2180938720703,0.6772361397743225,0.9891180396080017,31.5,Healthy,99.93
05:22:03,183.46615600585938,0.40153563022613525,0.9956086277961731,31.5,Healthy,99.79
05:22:04,196.4319610595703,0.41913264989852905,0.9869238138198853,31.5,Healthy,99.79
05:22:06,181.52130126953125,0.5362337827682495,0.9884389638900757,31.5,Healthy,99.93
05:22:08,191.89393615722656,0.44821733236312866,0.9844902157783508,31.5,Healthy,99.79
05:22:10,188.0041961669922,0.40448397397994995,0.9885882139205933,31.5,Healthy,99.79
05:22:11,181.52130126953125,0.39185866713523865,0.9908182621002197,31.5,Healthy,99.79
05:22:13,189.9490509033203,0.42712509632110596,0.9910186529159546,31.5,Healthy,99.79
05:22:15,197.72854614257812,0.4445316195487976,0.983181357383728,31.5,Healthy,99.79
05:22:16,187.6800537109375,0.4370669424533844,0.9967057108879089,31.5,Healthy,99.79
05:22:18,193.1905059814453,2.8111395835876465,1.0928924083709717,31.5,Healthy,97.65
05:22:20,192.54222106933594,2.6843373775482178,0.9208635091781616,31.4375,Healthy,98.31
05:22:22,242.13641357421875,2.6620445251464844,1.0283409357070923,31.4375,Healthy,92.38
05:22:23,194.48709106445312,2.673248291015625,1.061841368675232,31.4375,Healthy,97.65
05:22:25,280.709716796875,2.680828094482422,1.0301626920700073,31.5,Healthy,93.32
05:22:27,141.32728576660156,4.415650367736816,1.1332848072052002,31.4375,Healthy,94.33
05:22:28,270.3370666503906,4.02690315246582,0.9678754806518555,31.5,Healthy,91.39
05:22:30,196.1078338623047,4.1064887046813965,0.9410589933395386,31.5,Healthy,94.56
05:22:32,266.7714538574219,3.8626506328582764,0.9776737689971924,31.5,Healthy,91.39
05:22:34,221.71530151367188,3.9885663986206055,0.8720873594284058,31.5,Healthy,94.56
05:22:35,204.8597412109375,4.084036350250244,1.1704659461975098,31.5,Healthy,94.56
05:22:37,250.2400360107422,3.911349296569824,1.1179165840148926,31.5,Healthy,90.72
05:22:39,195.45953369140625,4.028106212615967,0.9796043038368225,31.5,Healthy,94.56
05:22:40,286.22015380859375,3.384614944458008,1.0436874628067017,31.5,Healthy,90.14
05:22:42,249.91590881347656,4.049198627471924,1.1708910465240479,31.5,Healthy,90.72
05:22:44,275.5234069824219,4.035790920257568,0.90232914686203,31.5,Healthy,91.39
05:22:46,238.8949737548828,3.5583083629608154,1.1000616550445557,31.5,Healthy,96.27
05:22:47,251.21249389648438,3.976793050765991,1.0319749116897583,31.5625,Healthy,91.39
05:22:49,284.923583984375,3.939082384109497,0.8057169318199158,31.5,Healthy,91.39
05:22:51,187.35589599609375,3.8668603897094727,1.0435142517089844,31.5625,Healthy,94.56
05:22:52,289.46160888671875,3.917910099029541,1.1740689277648926,31.5625,Healthy,90.72
05:22:54,187.35589599609375,4.003913402557373,1.1468535661697388,31.625,Healthy,94.56
05:22:56,268.71630859375,3.8386056423187256,1.1145726442337036,31.5625,Healthy,90.72
05:22:58,185.7351837158203,4.0806779861450195,0.9882085919380188,31.625,Healthy,94.56
05:22:59,256.3988037109375,3.9989335536956787,0.9382105469703674,31.5625,Healthy,91.39
05:23:01,249.26763916015625,3.9893224239349365,1.2542351484298706,31.625,Healthy,90.72
05:23:03,246.6744842529297,3.8453619480133057,0.9767032861709595,31.6875,Healthy,90.72
05:23:05,186.38345336914062,3.896388292312622,1.049143671989441,31.625,Healthy,94.56
05:23:06,271.3094787597656,3.921454429626465,0.9418056607246399,31.625,Healthy,91.39
05:23:08,200.64585876464844,4.001378536224365,0.850401759147644,31.625,Healthy,94.56
05:23:10,285.5718994140625,3.6308023929595947,0.9882720112800598,31.6875,Healthy,90.8
05:23:12,186.05931091308594,4.007632255554199,0.9589717984199524,31.6875,Healthy,94.56
05:23:13,285.8960266113281,4.036561012268066,1.0793464183807373,31.6875,Healthy,90.72
05:23:15,189.30076599121094,4.107378959655762,1.0315600633621216,31.6875,Healthy,94.56
05:23:17,288.1650390625,3.9562618732452393,1.0846306085586548,31.75,Healthy,90.72
05:23:18,199.02511596679688,4.072494029998779,1.018591284751892,31.75,Healthy,94.56
05:23:20,289.46160888671875,3.803899049758911,1.1360749006271362,31.75,Healthy,90.72
05:23:22,273.25433349609375,4.099248886108398,1.0618094205856323,31.75,Healthy,90.72
05:23:23,219.77041625976562,4.094519138336182,1.1794301271438599,31.8125,Healthy,94.56
05:23:25,240.5157012939453,3.972446918487549,1.0272570848464966,31.8125,Healthy,95.63
05:23:27,240.5157012939453,4.01394510269165,1.105756402015686,31.8125,Healthy,95.63
05:23:29,231.11549377441406,4.13702392578125,1.1006180047988892,31.8125,Healthy,94.56
05:23:30,252.83322143554688,4.082603454589844,0.9855191707611084,31.875,Healthy,91.39
05:23:32,207.7770538330078,4.059276103973389,0.9307115077972412,31.8125,Healthy,94.56
05:23:34,214.25997924804688,4.080498695373535,1.1090881824493408,31.875,Healthy,94.56
05:23:35,288.4891662597656,3.9797568321228027,1.091618537902832,31.9375,Healthy,90.72
05:23:37,190.59735107421875,4.069822788238525,0.983446478843689,31.9375,Healthy,94.56
05:23:39,271.9577941894531,4.017245292663574,1.005828857421875,31.9375,Healthy,91.39
05:23:41,187.6800537109375,4.043190002441406,1.0284693241119385,31.9375,Healthy,94.56
05:23:42,278.1165466308594,4.038281440734863,1.2177014350891113,31.9375,Healthy,90.72
05:23:44,198.37684631347656,4.009524822235107,1.2086684703826904,32.0,Healthy,94.56
05:23:46,236.95013427734375,1.3429516553878784,1.0006264448165894,32.0,Healthy,99.26
05:23:47,237.9225311279297,1.4406691789627075,0.9669675827026367,32.0625,Healthy,100.0
05:23:49,237.9225311279297,1.4216372966766357,0.9874987602233887,32.0625,Healthy,100.0
05:23:51,237.9225311279297,1.3891849517822266,0.985746443271637,32.0625,Healthy,100.0
05:23:53,237.59840393066406,1.357640266418457,0.9962071180343628,32.125,Healthy,99.26
05:23:54,236.95013427734375,1.4958851337432861,0.9872488379478455,32.1875,Healthy,99.26
05:23:56,237.27426147460938,2.0338666439056396,0.9814850687980652,32.125,Healthy,97.71
05:23:58,237.9225311279297,1.3823914527893066,0.99214768409729,32.125,Healthy,100.0
05:23:59,239.2191162109375,1.3722381591796875,0.9925661683082581,32.1875,Healthy,100.0
05:24:01,240.1915740966797,1.906617283821106,0.9954319000244141,32.1875,Healthy,100.0
05:24:03,238.8949737548828,1.4160327911376953,0.9814980626106262,32.1875,Healthy,100.0
05:24:05,238.5708465576172,1.4222800731658936,0.995964527130127,32.1875,Healthy,100.0
05:24:06,236.95013427734375,1.3772246837615967,0.9842873811721802,32.25,Healthy,99.26
05:24:08,240.83982849121094,1.3893165588378906,0.9814555644989014,32.25,Healthy,100.0
05:24:10,236.30181884765625,1.3423389196395874,0.9897123575210571,32.25,Healthy,99.93
05:24:11,239.5432586669922,1.429331660270691,1.0001424551010132,32.3125,Healthy,100.0
05:24:13,239.5432586669922,1.4957019090652466,0.9884480237960815,32.25,Healthy,100.0
05:24:15,237.9225311279297,1.3573708534240723,0.9887841939926147,32.3125,Healthy,100.0
05:24:17,236.30181884765625,1.9323780536651611,0.9916499853134155,32.25,Healthy,100.0
05:24:18,238.8949737548828,1.404366374015808,0.9937536120414734,32.3125,Healthy,100.0
05:24:20,237.9225311279297,1.3642889261245728,0.9857515096664429,32.3125,Healthy,100.0
05:24:22,236.30181884765625,1.363752841949463,0.9827708601951599,32.3125,Healthy,99.93
05:24:23,237.27426147460938,1.3630825281143188,0.9902850985527039,32.375,Healthy,99.26
05:24:25,237.27426147460938,1.378352403640747,0.9894932508468628,32.375,Healthy,99.26
05:24:27,236.95013427734375,1.3853635787963867,0.99626624584198,32.375,Healthy,99.26
05:24:29,237.9225311279297,1.3644229173660278,0.9928258061408997,32.375,Healthy,100.0
05:24:30,238.8949737548828,1.3860231637954712,0.9865976572036743,32.375,Healthy,100.0
05:24:32,239.2191162109375,1.4391456842422485,0.983504056930542,32.4375,Healthy,100.0
05:24:34,236.62596130371094,1.3646907806396484,0.9862405061721802,32.375,Healthy,99.93
05:24:35,238.24667358398438,1.3406355381011963,0.9901783466339111,32.4375,Healthy,100.0
05:24:37,238.8949737548828,1.3845716714859009,0.9801108241081238,32.4375,Healthy,100.0
05:24:39,238.24667358398438,1.3620762825012207,0.9883956909179688,32.4375,Healthy,100.0
05:24:41,237.9225311279297,1.3381789922714233,0.9919596910476685,32.4375,Healthy,100.0
05:24:42,235.6535186767578,1.3743014335632324,0.9908600449562073,32.4375,Healthy,99.93
05:24:44,233.70867919921875,1.9014328718185425,0.996347963809967,32.4375,Healthy,99.93
05:24:46,239.5432586669922,1.3562257289886475,0.990785539150238,32.4375,Healthy,100.0
05:24:47,239.2191162109375,1.3788827657699585,0.9920638203620911,32.5,Healthy,100.0
05:24:49,234.35694885253906,1.394438624382019,0.9857835173606873,32.5,Healthy,99.93
05:24:51,239.867431640625,1.4115073680877686,0.9897890090942383,32.5,Healthy,100.0
05:24:53,237.59840393066406,1.3144034147262573,0.9871175289154053,32.5,Healthy,99.26
05:24:54,235.9776611328125,1.959899663925171,0.9953137636184692,32.5,Healthy,100.0
05:24:56,237.27426147460938,1.3943074941635132,0.9906900525093079,32.5625,Healthy,99.26
05:24:58,239.5432586669922,1.351094126701355,0.9831005930900574,32.5,Healthy,100.0
05:24:59,236.95013427734375,1.3451956510543823,0.9811304807662964,32.5625,Healthy,99.26
05:25:01,237.27426147460938,1.5221121311187744,0.9889904856681824,32.5625,Healthy,99.26
05:25:03,236.95013427734375,1.3629484176635742,0.9937092065811157,32.5,Healthy,99.26
05:25:05,237.9225311279297,1.3747004270553589,0.9868316650390625,32.5625,Healthy,100.0
05:25:06,236.95013427734375,1.771018624305725,1.0036327838897705,32.5625,Healthy,99.26
05:25:08,239.2191162109375,1.3648247718811035,0.9861605167388916,32.5625,Healthy,100.0
05:25:10,238.24667358398438,1.342747449874878,0.9872456192970276,32.5625,Healthy,100.0
05:25:11,238.5708465576172,1.3590532541275024,0.9874376058578491,32.5625,Healthy,100.0
05:25:13,239.2191162109375,1.2264881134033203,0.9901951551437378,32.625,Healthy,100.0
05:25:15,239.5432586669922,1.5101757049560547,0.9958276152610779,32.5625,Healthy,100.0
05:25:17,238.24667358398438,1.3796780109405518,0.990874707698822,32.625,Healthy,100.0
05:25:18,238.8949737548828,1.3389983177185059,0.9932270646095276,32.625,Healthy,100.0
05:25:20,237.9225311279297,1.3458070755004883,0.9911323189735413,32.625,Healthy,100.0
05:25:22,237.59840393066406,1.3377007246017456,0.9874100089073181,32.625,Healthy,99.26
05:25:23,237.9225311279297,1.3653603792190552,0.9943608045578003,32.6875,Healthy,100.0
05:25:25,239.5432586669922,1.3873414993286133,0.9846540093421936,32.625,Healthy,100.0
05:25:27,237.27426147460938,1.951721429824829,0.9930248260498047,32.625,Healthy,99.33
05:25:28,236.30181884765625,1.3276187181472778,0.9877750277519226,32.6875,Healthy,99.93
05:25:30,237.9225311279297,1.3695045709609985,0.9741238355636597,32.625,Healthy,100.0
05:25:32,237.59840393066406,1.3475717306137085,0.9945369362831116,32.6875,Healthy,99.26
05:25:34,235.6535186767578,1.3464181423187256,0.9855648875236511,32.6875,Healthy,99.93
05:25:35,237.59840393066406,1.3469611406326294,0.9835301041603088,32.6875,Healthy,99.26
05:25:37,239.5432586669922,1.411183476448059,0.9855018258094788,32.6875,Healthy,100.0
05:25:39,239.2191162109375,1.3678350448608398,0.9870361685752869,32.6875,Healthy,100.0
05:25:40,237.59840393066406,1.3451956510543823,0.991188645362854,32.6875,Healthy,99.26
05:25:42,237.27426147460938,1.3568321466445923,0.9870799779891968,32.75,Healthy,99.26
05:25:44,237.9225311279297,1.3485209941864014,0.9882925152778625,32.75,Healthy,100.0
05:25:46,237.59840393066406,1.3065919876098633,0.9869754910469055,32.6875,Healthy,99.26
05:25:47,239.867431640625,1.3905001878738403,0.9927901029586792,32.75,Healthy,100.0
05:25:49,237.27426147460938,1.439082145690918,0.995638906955719,32.75,Healthy,99.26
05:25:51,239.2191162109375,1.339203119277954,0.9878856539726257,32.75,Healthy,100.0
05:25:52,237.59840393066406,1.318915605545044,0.989967405796051,32.75,Healthy,99.26
05:25:54,238.5708465576172,1.3260343074798584,0.9905726313591003,32.75,Healthy,100.0
05:25:56,236.62596130371094,1.4297152757644653,0.9909849166870117,32.75,Healthy,99.93
05:25:58,238.24667358398438,1.3757637739181519,0.9840002059936523,32.75,Healthy,100.0
05:25:59,239.867431640625,1.5417416095733643,0.9860830307006836,32.875,Healthy,100.0
05:26:01,238.5708465576172,1.3589860200881958,0.9891543984413147,32.75,Healthy,100.0
05:26:03,240.5157012939453,1.3106430768966675,0.9900911450386047,32.75,Healthy,100.0
05:26:04,236.95013427734375,1.3408401012420654,0.9922917485237122,32.75,Healthy,99.26
05:26:06,237.9225311279297,1.4475047588348389,0.9876956343650818,32.875,Healthy,100.0
05:26:08,238.8949737548828,1.4773173332214355,0.9848385453224182,32.75,Healthy,100.0
05:26:10,239.5432586669922,1.435011625289917,0.9862049221992493,32.75,Healthy,100.0
05:26:11,236.30181884765625,1.3311939239501953,0.9900006651878357,32.75,Healthy,99.93
05:26:13,238.8949737548828,1.3164185285568237,0.9879962205886841,32.75,Healthy,100.0
05:26:15,236.95013427734375,1.3619420528411865,0.9904962182044983,32.75,Healthy,99.26
05:26:16,237.59840393066406,1.379876732826233,0.9841341376304626,32.75,Healthy,99.26
05:26:18,237.9225311279297,1.3998030424118042,0.9920158386230469,32.8125,Healthy,100.0
05:26:20,239.2191162109375,1.3549445867538452,0.992870569229126,32.8125,Healthy,100.0
05:26:22,237.27426147460938,1.3660297393798828,0.9934916496276855,32.8125,Healthy,99.26
05:26:23,238.8949737548828,1.3340744972229004,0.9854419231414795,32.8125,Healthy,100.0
05:26:25,238.5708465576172,1.3156545162200928,0.9859573245048523,32.8125,Healthy,100.0
05:26:27,238.8949737548828,1.3690372705459595,0.9871923327445984,32.8125,Healthy,100.0
05:26:28,237.27426147460938,1.3322919607162476,0.9865592122077942,32.8125,Healthy,99.26
05:26:30,238.8949737548828,1.3806713819503784,0.9924672245979309,32.8125,Healthy,100.0
05:26:32,238.8949737548828,1.3852976560592651,0.9963236451148987,32.8125,Healthy,100.0
05:26:34,236.30181884765625,1.837980031967163,0.990185022354126,32.8125,Healthy,99.93
05:26:35,238.8949737548828,1.3715052604675293,0.9896259307861328,32.8125,Healthy,100.0
05:26:37,236.95013427734375,1.3387935161590576,0.9965870976448059,32.8125,Healthy,99.26
05:26:39,236.62596130371094,1.3878026008605957,0.9898319244384766,32.8125,Healthy,99.93
05:26:40,239.2191162109375,1.349875807762146,0.9810404181480408,32.875,Healthy,100.0
05:26:42,235.9776611328125,1.3399536609649658,0.9889517426490784,32.875,Healthy,99.93
05:26:44,238.24667358398438,1.3952903747558594,0.9923098087310791,32.875,Healthy,100.0
05:26:46,236.62596130371094,1.3520408868789673,0.9912617206573486,32.875,Healthy,99.93
05:26:47,237.59840393066406,1.3425432443618774,0.9860237836837769,32.8125,Healthy,99.26
05:26:49,239.2191162109375,1.322998046875,0.991392195224762,32.875,Healthy,100.0
05:26:51,238.24667358398438,1.3837132453918457,0.9918727278709412,32.8125,Healthy,100.0
05:26:52,237.9225311279297,1.2933738231658936,0.9891193509101868,32.875,Healthy,100.0
05:26:54,236.95013427734375,1.380207896232605,0.9914010167121887,32.875,Healthy,99.26
05:26:56,236.95013427734375,1.5527881383895874,0.9895768165588379,32.875,Healthy,99.26
05:26:58,236.95013427734375,1.3404992818832397,0.9892326593399048,32.875,Healthy,99.26
05:26:59,237.27426147460938,1.3272744417190552,0.9803134202957153,32.8125,Healthy,99.26
05:27:01,238.5708465576172,1.295633316040039,0.9890381693840027,32.875,Healthy,100.0
05:27:03,237.59840393066406,1.3333206176757812,0.9821441173553467,32.875,Healthy,99.26
05:27:04,239.2191162109375,1.3687702417373657,0.9902263283729553,32.875,Healthy,100.0
05:27:06,236.95013427734375,1.3777555227279663,0.9872207641601562,32.8125,Healthy,99.26
05:27:08,237.9225311279297,1.2566708326339722,0.9904978275299072,32.875,Healthy,100.0
05:27:10,236.62596130371094,1.3035104274749756,0.9930737018585205,32.875,Healthy,99.93
05:27:11,236.62596130371094,1.347300410270691,0.9971162676811218,32.875,Healthy,99.93
05:27:13,239.5432586669922,1.2967615127563477,0.9961981177330017,32.875,Healthy,100.0
05:27:15,238.8949737548828,1.4351389408111572,0.9853368997573853,32.875,Healthy,100.0
05:27:16,238.8949737548828,1.3566299676895142,1.0050958395004272,32.875,Healthy,100.0
05:27:18,236.30181884765625,1.329957365989685,0.9932682514190674,32.875,Healthy,99.93
05:27:20,235.6535186767578,1.3287886381149292,0.9953057765960693,32.875,Healthy,99.93
05:27:22,239.2191162109375,1.3209238052368164,0.9909859299659729,32.875,Healthy,100.0
05:27:23,235.9776611328125,1.3363335132598877,0.9945474863052368,32.875,Healthy,99.93
05:27:25,237.27426147460938,1.2976070642471313,0.9908973574638367,32.875,Healthy,99.26
05:27:27,235.9776611328125,1.6117098331451416,0.9943696856498718,32.875,Healthy,99.93
05:27:28,237.9225311279297,1.343019723892212,0.9966317415237427,33.0,Healthy,100.0
05:27:30,239.2191162109375,1.2949275970458984,0.9922014474868774,32.875,Healthy,100.0
05:27:32,236.30181884765625,1.355618953704834,0.983612060546875,32.875,Healthy,99.93
05:27:33,234.03280639648438,1.4454195499420166,0.9964082837104797,32.875,Healthy,99.93
05:27:35,235.9776611328125,1.3428155183792114,0.9860066175460815,32.9375,Healthy,99.93
05:27:37,238.24667358398438,1.48213529586792,0.9991241097450256,32.875,Healthy,100.0
05:27:39,237.59840393066406,1.348453164100647,0.9886595010757446,32.875,Healthy,99.26
05:27:40,236.62596130371094,1.3546072244644165,0.9845243692398071,32.875,Healthy,99.93
05:27:42,237.9225311279297,1.0814636945724487,0.9890780448913574,32.9375,Healthy,100.0
05:27:44,237.59840393066406,1.044839859008789,0.9739208221435547,32.9375,Healthy,99.26
05:27:45,237.59840393066406,1.1390893459320068,0.9874058961868286,32.9375,Healthy,99.26
05:27:47,237.9225311279297,1.1905639171600342,0.9919873476028442,32.875,Healthy,100.0
05:27:49,237.59840393066406,1.1224381923675537,0.9853937029838562,32.9375,Healthy,99.26
05:27:51,237.9225311279297,1.1712138652801514,0.9183923006057739,32.9375,Healthy,100.0
05:27:52,238.8949737548828,1.1536006927490234,0.9909043908119202,32.9375,Healthy,100.0
05:27:54,235.3293914794922,1.7242099046707153,0.9860401153564453,32.9375,Healthy,99.93
05:27:56,238.5708465576172,1.105784296989441,0.9914164543151855,32.9375,Healthy,100.0
05:27:57,237.27426147460938,1.1378850936889648,0.9883170127868652,32.9375,Healthy,99.26
05:27:59,238.24667358398438,1.1282049417495728,1.0019510984420776,32.9375,Healthy,100.0
05:28:01,238.5708465576172,1.069480538368225,1.0004037618637085,32.9375,Healthy,100.0
05:28:03,238.24667358398438,1.0669136047363281,0.9820489287376404,32.9375,Healthy,100.0
05:28:04,237.9225311279297,1.1312793493270874,0.9797326922416687,32.9375,Healthy,100.0
05:28:06,237.59840393066406,1.1002323627471924,0.9829202890396118,32.9375,Healthy,99.26
05:28:08,235.9776611328125,1.1088383197784424,0.991238534450531,32.9375,Healthy,99.93
05:28:09,238.8949737548828,1.0661423206329346,0.9657503366470337,32.9375,Healthy,100.0
05:28:11,237.9225311279297,1.1159048080444336,0.9832983613014221,32.875,Healthy,100.0
05:28:13,237.9225311279297,1.1044609546661377,0.9893759489059448,32.9375,Healthy,100.0
05:28:15,237.59840393066406,1.0896308422088623,0.9972400069236755,32.9375,Healthy,99.26
05:28:16,237.9225311279297,1.082392930984497,1.0027064085006714,32.9375,Healthy,100.0
05:28:18,237.27426147460938,1.0901340246200562,0.9933741092681885,32.9375,Healthy,99.26
05:28:20,239.2191162109375,1.1118018627166748,0.9880827069282532,32.9375,Healthy,100.0
05:28:21,239.2191162109375,1.2484982013702393,0.9933768510818481,32.9375,Healthy,100.0
05:28:23,237.27426147460938,1.079179286956787,0.9889698028564453,32.9375,Healthy,99.26
05:28:25,237.27426147460938,1.1187678575515747,0.9927218556404114,32.9375,Healthy,99.26
05:28:27,237.27426147460938,1.1362775564193726,0.9883148670196533,32.9375,Healthy,99.26
05:28:28,237.9225311279297,1.0887917280197144,0.9906993508338928,32.9375,Healthy,100.0
05:28:30,236.62596130371094,1.1025559902191162,0.9884133338928223,32.9375,Healthy,99.93
05:28:32,236.95013427734375,1.135794758796692,0.984333872795105,32.875,Healthy,99.26
05:28:33,236.30181884765625,1.1154950857162476,0.9913461208343506,32.9375,Healthy,99.93
05:28:35,238.8949737548828,1.1313600540161133,0.9912447929382324,32.9375,Healthy,100.0
05:28:37,239.5432586669922,1.1148394346237183,0.9954147934913635,32.9375,Healthy,100.0
05:28:39,237.27426147460938,1.064426302909851,0.9950941205024719,32.9375,Healthy,99.26
05:28:40,236.95013427734375,1.162912368774414,0.9898760914802551,32.9375,Healthy,99.26
05:28:42,237.27426147460938,1.0728936195373535,0.9891202449798584,32.9375,Healthy,99.26
05:28:44,237.9225311279297,1.1220309734344482,0.9911653995513916,32.9375,Healthy,100.0
05:28:45,237.27426147460938,1.0330512523651123,0.9886127710342407,32.9375,Healthy,99.26
05:28:47,237.27426147460938,1.0653704404830933,0.9918789267539978,32.9375,Healthy,99.26
05:28:49,237.27426147460938,1.0928137302398682,0.9907779097557068,32.9375,Healthy,99.26
05:28:51,237.27426147460938,1.1141834259033203,0.9880797266960144,33.0,Healthy,99.26
05:28:52,236.95013427734375,1.061674952507019,0.9874374270439148,33.0,Healthy,99.26
05:28:54,237.27426147460938,1.0664851665496826,0.9855527877807617,33.0,Healthy,99.26
05:28:56,237.59840393066406,1.0785863399505615,0.9798725247383118,32.9375,Healthy,99.26
05:28:57,237.59840393066406,1.097570776939392,0.9860774278640747,33.0,Healthy,99.26
05:28:59,238.5708465576172,1.0740004777908325,0.991456151008606,32.9375,Healthy,100.0
05:29:01,237.59840393066406,1.0848389863967896,0.9947448372840881,33.0,Healthy,99.26
05:29:03,238.8949737548828,1.0679410696029663,0.9842612743377686,32.9375,Healthy,100.0
05:29:04,237.27426147460938,1.110897183418274,0.9854978322982788,32.9375,Healthy,99.26
05:29:06,237.27426147460938,1.0902178287506104,0.9892707467079163,32.9375,Healthy,99.26
05:29:08,236.62596130371094,1.091809630393982,0.9824448227882385,32.9375,Healthy,99.93
05:29:09,239.2191162109375,1.0779081583023071,0.9893612861633301,32.9375,Healthy,100.0
05:29:11,237.27426147460938,1.1162322759628296,0.9862552881240845,33.0,Healthy,99.26
05:29:13,237.27426147460938,1.1022242307662964,0.9858851432800293,33.0,Healthy,99.26
05:29:15,238.24667358398438,1.0758711099624634,0.9849513173103333,33.0,Healthy,100.0
05:29:16,235.9776611328125,1.0375536680221558,0.9989813566207886,32.9375,Healthy,99.93
05:29:18,237.27426147460938,1.1122127771377563,0.9861336946487427,32.9375,Healthy,99.26
05:29:20,237.59840393066406,1.1098270416259766,0.9862146973609924,32.9375,Healthy,99.26
05:29:21,237.59840393066406,1.075276255607605,0.9902257323265076,32.9375,Healthy,99.26
05:29:23,235.00521850585938,1.531272053718567,0.9858999848365784,32.9375,Healthy,99.93
05:29:25,238.24667358398438,1.0353490114212036,0.9920904636383057,32.9375,Healthy,100.0
05:29:26,239.5432586669922,1.06494140625,0.9923676252365112,32.9375,Healthy,100.0
05:29:28,238.24667358398438,1.04859459400177,0.9864076972007751,32.9375,Healthy,100.0
05:29:30,237.9225311279297,0.9961155652999878,0.9845921397209167,32.9375,Healthy,100.0
05:29:32,235.6535186767578,1.162990927696228,0.9978382587432861,32.9375,Healthy,99.93
05:29:33,236.95013427734375,1.1055362224578857,0.9864776730537415,32.9375,Healthy,99.26
05:29:35,239.2191162109375,1.063825011253357,0.9840443730354309,32.875,Healthy,100.0
05:29:37,235.9776611328125,1.0669136047363281,0.981379508972168,32.9375,Healthy,99.93
05:29:38,237.27426147460938,1.0494658946990967,0.9940921068191528,32.9375,Healthy,99.26
05:29:40,238.24667358398438,1.011413335800171,0.9905535578727722,32.875,Healthy,100.0
05:29:42,238.5708465576172,1.1087559461593628,0.9789379239082336,32.9375,Healthy,100.0
05:29:44,238.8949737548828,1.1015607118606567,0.9883192777633667,32.9375,Healthy,100.0
05:29:45,238.8949737548828,1.0410714149475098,0.9855222105979919,32.9375,Healthy,100.0
05:29:47,239.2191162109375,1.0976539850234985,0.9877758026123047,32.9375,Healthy,100.0
05:29:49,236.62596130371094,1.0603828430175781,0.9876289367675781,32.875,Healthy,99.93
05:29:50,237.9225311279297,1.0633094310760498,0.9881568551063538,32.9375,Healthy,100.0
05:29:52,237.59840393066406,1.0439646244049072,0.9869588613510132,32.9375,Healthy,99.26
05:29:54,238.5708465576172,1.2219338417053223,0.9787729382514954,32.9375,Healthy,100.0
05:29:56,238.24667358398438,1.044839859008789,0.9834508895874023,32.9375,Healthy,100.0
05:29:57,237.59840393066406,1.0663137435913086,0.9867711067199707,32.9375,Healthy,99.26
05:29:59,239.5432586669922,1.0030648708343506,0.9858920574188232,32.9375,Healthy,100.0
05:30:01,236.95013427734375,1.750148892402649,0.9842367172241211,32.9375,Healthy,99.26
05:30:02,238.8949737548828,1.0190657377243042,0.9867927432060242,32.9375,Healthy,100.0
05:30:04,238.8949737548828,1.049378752708435,1.0004802942276,32.9375,Healthy,100.0
05:30:06,235.3293914794922,1.8015658855438232,0.9976223707199097,32.9375,Healthy,99.93
05:30:08,238.8949737548828,1.03693687915802,0.9621230363845825,32.9375,Healthy,100.0
05:30:09,237.9225311279297,1.0377298593521118,0.9386439919471741,32.875,Healthy,100.0
05:30:11,236.30181884765625,0.9975826144218445,0.9851197004318237,32.9375,Healthy,99.93
05:30:13,238.24667358398438,1.1361970901489258,0.9927181005477905,32.9375,Healthy,100.0
05:30:14,235.6535186767578,1.232138752937317,0.9875990152359009,32.9375,Healthy,99.93
05:30:16,238.24667358398438,1.055631399154663,0.9914308190345764,33.0,Healthy,100.0
05:30:18,237.27426147460938,1.047373652458191,0.9903801679611206,32.9375,Healthy,99.26
05:30:20,237.27426147460938,1.125447154045105,0.9863433837890625,32.9375,Healthy,99.26
05:30:21,237.27426147460938,1.0648555755615234,0.9925085306167603,32.9375,Healthy,99.26
05:30:23,238.8949737548828,0.985785186290741,0.9925928711891174,32.9375,Healthy,100.0
05:30:25,237.9225311279297,1.04798424243927,0.980644166469574,32.9375,Healthy,100.0
05:30:26,236.95013427734375,1.134748101234436,0.9975423812866211,32.9375,Healthy,99.26
05:30:28,237.59840393066406,1.0654562711715698,0.9861382246017456,32.9375,Healthy,99.26
05:30:30,237.27426147460938,1.0232725143432617,0.9846796989440918,32.9375,Healthy,99.26
05:30:32,238.8949737548828,1.1253658533096313,0.98735111951828,32.875,Healthy,100.0
05:30:33,236.30181884765625,1.3632166385650635,0.9894502758979797,32.875,Healthy,99.93
05:30:35,235.6535186767578,1.6186137199401855,0.9897956252098083,32.9375,Healthy,99.93
05:30:37,238.24667358398438,1.0128581523895264,0.9846299290657043,32.9375,Healthy,100.0
05:30:38,236.95013427734375,1.1165598630905151,0.9968883395195007,32.875,Healthy,99.26
05:30:40,236.95013427734375,1.0279067754745483,0.9807725548744202,32.875,Healthy,99.26
05:30:42,239.2191162109375,1.0236297845840454,0.9932993650436401,32.875,Healthy,100.0
05:30:44,238.24667358398438,1.0312801599502563,0.9866153001785278,32.9375,Healthy,100.0
05:30:45,238.24667358398438,1.0715296268463135,0.9843426942825317,32.875,Healthy,100.0
05:30:47,238.24667358398438,1.0470244884490967,0.9856772422790527,32.875,Healthy,100.0
05:30:49,237.59840393066406,1.0890434980392456,0.9824646711349487,32.875,Healthy,99.26
05:30:50,240.1915740966797,1.4067723751068115,0.9873618483543396,32.9375,Healthy,100.0
05:30:52,236.95013427734375,1.0999000072479248,0.9979053735733032,32.875,Healthy,99.26
05:30:54,237.27426147460938,1.0394020080566406,0.9925960302352905,32.875,Healthy,99.26
05:30:56,238.8949737548828,1.0347309112548828,0.9816945791244507,32.9375,Healthy,100.0
05:30:57,237.59840393066406,1.2873530387878418,0.9891182780265808,32.9375,Healthy,99.26
05:30:59,236.62596130371094,1.0871955156326294,0.98299241065979,32.875,Healthy,99.93
05:31:01,237.27426147460938,1.0987359285354614,0.993921160697937,32.9375,Healthy,99.26
05:31:02,238.24667358398438,1.399672508239746,0.9842345714569092,33.0,Healthy,100.0
05:31:04,236.30181884765625,1.2681105136871338,0.9853371381759644,32.875,Healthy,99.93
05:31:06,236.62596130371094,1.08610200881958,0.9849951267242432,32.875,Healthy,99.93
05:31:08,236.62596130371094,1.02621591091156,0.9973866939544678,32.875,Healthy,99.93
05:31:09,237.9225311279297,1.0645979642868042,0.980973482131958,32.9375,Healthy,100.0
05:31:11,235.9776611328125,1.0476353168487549,0.989449679851532,32.875,Healthy,99.93
05:31:13,237.59840393066406,1.0116844177246094,0.9921270608901978,32.875,Healthy,99.26
05:31:14,236.95013427734375,1.074170708656311,0.9901933073997498,32.875,Healthy,99.26
05:31:16,238.24667358398438,1.066742181777954,0.9914146661758423,32.875,Healthy,100.0
05:31:18,239.5432586669922,1.036055088043213,0.9853098392486572,32.875,Healthy,100.0
05:31:20,236.62596130371094,1.0918933153152466,0.9898554086685181,32.875,Healthy,99.93
05:31:21,236.62596130371094,1.0735749006271362,0.9956892728805542,32.875,Healthy,99.93
05:31:23,237.59840393066406,3.8981473445892334,2.213116407394409,32.875,Warning,87.41
05:31:25,284.923583984375,2.3088645935058594,1.3608719110488892,32.875,Warning,89.95
05:31:26,189.30076599121094,2.120377779006958,1.6064273118972778,32.875,Warning,95.02
05:31:28,270.3370666503906,2.1839959621429443,0.841498076915741,32.8125,Healthy,92.54
05:31:30,236.30181884765625,2.073300838470459,1.2293729782104492,32.875,Healthy,97.05
05:31:32,205.18389892578125,2.095794200897217,1.3245017528533936,32.875,Warning,95.02
05:31:33,284.923583984375,2.1867144107818604,1.3927475214004517,32.875,Warning,91.28
05:31:35,203.5631561279297,2.2736005783081055,1.8226619958877563,32.9375,Warning,95.02
05:31:37,237.27426147460938,2.2795023918151855,1.1176173686981201,32.875,Healthy,97.31
05:31:38,287.8409118652344,2.4363009929656982,1.5122841596603394,32.875,Warning,89.95
05:31:40,192.54222106933594,2.3362154960632324,1.5883877277374268,32.875,Warning,95.35
05:31:42,187.6800537109375,2.2982308864593506,0.8058796525001526,32.875,Healthy,98.65
05:31:44,257.6954040527344,2.2932143211364746,1.4991217851638794,32.875,Warning,89.28
05:31:45,248.29519653320312,2.348001003265381,1.2855454683303833,32.875,Healthy,81.99
05:31:47,247.97105407714844,2.420870542526245,1.0923374891281128,32.9375,Healthy,91.32
05:31:49,202.26658630371094,2.4027938842773438,1.1965023279190063,33.0625,Healthy,97.65
05:31:50,224.3084259033203,2.291858673095703,1.223996877670288,32.9375,Healthy,97.98
05:31:52,281.6821594238281,2.3252744674682617,1.3660972118377686,32.9375,Warning,89.95
05:31:54,227.5498809814453,2.2251241207122803,1.958677053451538,32.9375,Warning,95.02
05:31:55,225.92913818359375,2.151360034942627,1.8346694707870483,32.9375,Warning,95.02
05:31:57,268.71630859375,2.1511476039886475,1.8111459016799927,32.9375,Warning,91.28
05:31:59,256.3988037109375,2.1968064308166504,1.299405574798584,33.0,Warning,83.95
05:32:01,235.00521850585938,1.6125035285949707,0.8890367150306702,33.0,Healthy,99.93
05:32:02,239.5432586669922,1.411183476448059,0.980790913105011,33.0,Healthy,100.0
05:32:04,235.6535186767578,1.4461781978607178,1.003984808921814,33.0625,Healthy,99.93
05:32:06,239.867431640625,1.4807779788970947,0.9957436919212341,33.0,Healthy,100.0
05:32:07,236.62596130371094,1.5592495203018188,0.9912441372871399,33.0625,Healthy,99.93
05:32:09,237.59840393066406,1.4503434896469116,0.9941390752792358,33.0625,Healthy,99.26
05:32:11,238.8949737548828,1.6674561500549316,0.9991065859794617,33.0625,Healthy,100.0
05:32:13,237.27426147460938,1.500095248222351,0.9921950697898865,33.0625,Healthy,99.26
05:32:14,238.24667358398438,1.4595154523849487,0.9890069365501404,33.0625,Healthy,100.0
05:32:16,239.2191162109375,1.495457410812378,0.9875616431236267,33.0625,Healthy,100.0
05:32:18,238.24667358398438,1.497839093208313,0.9874306321144104,33.0625,Healthy,100.0
05:32:19,237.27426147460938,1.4639549255371094,0.9874956011772156,33.0625,Healthy,99.26
05:32:21,236.95013427734375,1.4817651510238647,0.9912790656089783,33.0625,Healthy,99.26
05:32:23,237.59840393066406,1.488350749015808,0.9836748242378235,33.0625,Healthy,99.26
05:32:25,238.24667358398438,1.511446237564087,0.992107629776001,33.0625,Healthy,100.0
05:32:26,238.24667358398438,1.4737244844436646,0.9935608506202698,33.125,Healthy,100.0
05:32:28,238.24667358398438,1.5036250352859497,0.9901426434516907,33.125,Healthy,100.0
05:32:30,238.8949737548828,1.643272042274475,0.9935030937194824,33.125,Healthy,100.0
05:32:31,237.9225311279297,1.5210309028625488,0.9877930283546448,33.125,Healthy,100.0
05:32:33,237.59840393066406,1.4964960813522339,0.9957934021949768,33.0625,Healthy,99.26
05:32:35,237.9225311279297,1.5911630392074585,0.9923974275588989,33.125,Healthy,100.0
05:32:37,237.9225311279297,1.6143163442611694,0.9904223084449768,33.125,Healthy,100.0
05:32:38,239.2191162109375,1.6312695741653442,0.9888098239898682,33.1875,Healthy,100.0
05:32:40,236.62596130371094,1.6287462711334229,0.9938689470291138,33.125,Healthy,99.93
05:32:42,236.30181884765625,2.2192835807800293,0.9939264059066772,33.1875,Healthy,98.65
05:32:43,237.27426147460938,1.7718957662582397,0.9856534004211426,33.125,Healthy,99.26
05:32:45,239.2191162109375,1.586330533027649,0.9850159287452698,33.125,Healthy,100.0
05:32:47,239.2191162109375,1.58310067653656,0.9992959499359131,33.125,Healthy,100.0
05:32:49,236.95013427734375,1.725905418395996,0.9900813102722168,33.125,Healthy,99.26
05:32:50,239.5432586669922,1.5691829919815063,0.9920016527175903,33.125,Healthy,100.0
05:32:52,237.9225311279297,1.5942620038986206,0.9913861155509949,33.125,Healthy,100.0
05:32:54,238.24667358398438,1.6197991371154785,0.9879192113876343,33.125,Healthy,100.0
05:32:55,238.24667358398438,1.582465410232544,0.9859645366668701,33.125,Healthy,100.0
05:32:57,236.62596130371094,1.6370306015014648,0.9861952662467957,33.125,Healthy,99.93
05:32:59,237.59840393066406,1.6232374906539917,0.9884054064750671,33.125,Healthy,99.26
05:33:01,237.59840393066406,1.5628796815872192,0.985295832157135,33.125,Healthy,99.26
05:33:02,238.8949737548828,1.6644386053085327,0.9873092770576477,33.1875,Healthy,100.0
05:33:04,238.24667358398438,1.6616356372833252,0.9944527745246887,33.125,Healthy,100.0
05:33:06,237.27426147460938,1.6568983793258667,0.9890199899673462,33.125,Healthy,99.26
05:33:07,236.62596130371094,1.7558320760726929,0.9904090166091919,33.125,Healthy,99.93
05:33:09,239.867431640625,1.615674614906311,0.9880722165107727,33.125,Healthy,100.0
05:33:11,237.27426147460938,1.6149955987930298,0.9843804836273193,33.125,Healthy,99.26
05:33:12,237.59840393066406,1.647049903869629,0.9883291721343994,33.125,Healthy,99.26
05:33:14,236.95013427734375,1.6277358531951904,0.9900582432746887,33.125,Healthy,99.26
05:33:16,238.8949737548828,1.635466456413269,0.9898574352264404,33.125,Healthy,100.0
05:33:18,238.5708465576172,1.6486029624938965,0.9913087487220764,33.125,Healthy,100.0
05:33:19,237.59840393066406,1.6063132286071777,0.9889125227928162,33.125,Healthy,99.26
05:33:21,236.95013427734375,1.6455508470535278,0.9866670966148376,33.125,Healthy,99.26
05:33:23,237.27426147460938,1.60909903049469,0.9914186596870422,33.125,Healthy,99.26
05:33:24,235.3293914794922,1.6060287952423096,0.9931060075759888,33.125,Healthy,99.93
05:33:26,239.5432586669922,1.7160269021987915,0.9923169612884521,33.125,Healthy,100.0
05:33:28,236.62596130371094,1.6016976833343506,0.9862751364707947,33.125,Healthy,99.93
05:33:30,239.5432586669922,1.606711506843567,0.9826937317848206,33.125,Healthy,100.0
05:33:31,238.24667358398438,1.6637794971466064,0.999961256980896,33.125,Healthy,100.0
05:33:33,237.9225311279297,1.6034656763076782,0.9901941418647766,33.125,Healthy,100.0
05:33:35,238.8949737548828,1.6100643873214722,0.9886022210121155,33.125,Healthy,100.0
05:33:36,238.8949737548828,1.5731388330459595,0.9912229180335999,33.125,Healthy,100.0
05:33:38,239.2191162109375,1.6064839363098145,0.982291579246521,33.125,Healthy,100.0
05:33:40,238.8949737548828,1.7300312519073486,0.9908768534660339,33.1875,Healthy,100.0
05:33:42,239.2191162109375,1.5524349212646484,0.9916515350341797,33.125,Healthy,100.0
05:33:43,236.95013427734375,1.572790265083313,0.9944314360618591,33.125,Healthy,99.26
05:33:45,238.8949737548828,1.7439754009246826,0.9883649945259094,33.125,Healthy,100.0
05:33:47,238.5708465576172,1.6131269931793213,0.9927359819412231,33.125,Healthy,100.0
05:33:48,236.95013427734375,1.5368726253509521,0.988822877407074,33.1875,Healthy,99.26
05:33:50,237.9225311279297,1.567492961883545,0.9872889518737793,33.1875,Healthy,100.0
05:33:52,236.62596130371094,1.577953815460205,0.9882200956344604,33.1875,Healthy,99.93
05:33:54,238.8949737548828,1.5843126773834229,0.9941306710243225,33.125,Healthy,100.0
05:33:55,237.59840393066406,1.5331213474273682,0.9900001287460327,33.125,Healthy,99.26
05:33:57,237.9225311279297,1.576389193534851,0.9911341071128845,33.1875,Healthy,100.0
05:33:59,237.27426147460938,1.830056071281433,0.9886232018470764,33.1875,Healthy,99.26
05:34:00,238.24667358398438,1.5566681623458862,0.9893032312393188,33.125,Healthy,100.0
05:34:02,238.24667358398438,1.6154483556747437,0.9886919260025024,33.1875,Healthy,100.0
05:34:04,237.59840393066406,1.6770212650299072,0.9857524633407593,33.125,Healthy,99.26
05:34:06,236.95013427734375,1.6023823022842407,0.9938523769378662,33.125,Healthy,99.26
05:34:07,236.62596130371094,1.5773745775222778,0.9907904863357544,33.125,Healthy,99.93
05:34:09,237.59840393066406,1.5164570808410645,0.9903276562690735,33.125,Healthy,99.26
05:34:11,237.27426147460938,1.5830429792404175,0.9951528906822205,33.125,Healthy,99.26
05:34:12,237.59840393066406,1.5684256553649902,0.9805991649627686,33.125,Healthy,99.26
05:34:14,236.95013427734375,1.5928853750228882,0.9881683588027954,33.125,Healthy,99.26
05:34:16,237.59840393066406,1.5841395854949951,0.993993878364563,33.125,Healthy,99.26
05:34:17,238.8949737548828,1.6059718132019043,0.9863836169242859,33.125,Healthy,100.0
05:34:19,237.9225311279297,1.5877127647399902,0.9878926873207092,33.125,Healthy,100.0
05:34:21,238.5708465576172,1.5745326280593872,0.9870981574058533,33.125,Healthy,100.0
05:34:23,236.30181884765625,1.6232374906539917,0.9974572658538818,33.125,Healthy,99.93
05:34:24,239.2191162109375,1.5994133949279785,0.9886955618858337,33.125,Healthy,100.0
05:34:26,236.62596130371094,1.6301486492156982,0.9822846055030823,33.125,Healthy,99.93
05:34:28,238.24667358398438,1.5394277572631836,0.9927418828010559,33.125,Healthy,100.0
05:34:29,236.62596130371094,1.5917948484420776,0.9943534731864929,33.125,Healthy,99.93
05:34:31,236.62596130371094,1.61363685131073,0.9966429471969604,33.125,Healthy,99.93
05:34:33,237.9225311279297,1.6055164337158203,0.9940694570541382,33.125,Healthy,100.0
05:34:35,237.59840393066406,1.5793434381484985,0.9870695471763611,33.125,Healthy,99.26
05:34:36,238.24667358398438,1.5897839069366455,0.9861966371536255,33.0625,Healthy,100.0
05:34:38,238.8949737548828,1.6272304058074951,0.990491509437561,33.125,Healthy,100.0
05:34:40,237.9225311279297,1.6187266111373901,0.9902133345603943,33.125,Healthy,100.0
05:34:41,239.2191162109375,1.5981557369232178,0.9810441136360168,33.125,Healthy,100.0
05:34:43,238.5708465576172,1.5942620038986206,0.9954566359519958,33.125,Healthy,100.0
05:34:45,237.9225311279297,1.6134668588638306,0.9833166599273682,33.125,Healthy,100.0
05:34:47,237.59840393066406,1.5851200819015503,0.9883334636688232,33.125,Healthy,99.26
05:34:48,238.8949737548828,1.5958091020584106,0.9913899302482605,33.125,Healthy,100.0
05:34:50,237.9225311279297,1.5772006511688232,0.9941225647926331,33.125,Healthy,100.0
05:34:52,236.95013427734375,1.6114829778671265,0.9894483685493469,33.125,Healthy,99.26
05:34:53,237.9225311279297,1.6066546440124512,0.9900874495506287,33.125,Healthy,100.0
05:34:55,237.27426147460938,1.5802690982818604,0.9858274459838867,33.125,Healthy,99.26
05:34:57,237.59840393066406,1.9806360006332397,0.9977373480796814,33.25,Healthy,99.33
05:34:59,237.27426147460938,1.6231812238693237,0.9835599660873413,33.125,Healthy,99.26
05:35:00,238.8949737548828,1.6763125658035278,0.9897118210792542,33.125,Healthy,100.0
05:35:02,237.27426147460938,1.623856782913208,0.9855715036392212,33.125,Healthy,99.26
05:35:04,237.27426147460938,1.639931321144104,0.9855479001998901,33.125,Healthy,99.26
05:35:05,239.5432586669922,1.612786889076233,0.9887465834617615,33.125,Healthy,100.0
05:35:07,237.9225311279297,1.5861001014709473,0.9887466430664062,33.125,Healthy,100.0
05:35:09,236.95013427734375,1.7180497646331787,0.9871885180473328,33.125,Healthy,99.26
05:35:11,236.95013427734375,1.6155614852905273,0.9977858066558838,33.125,Healthy,99.26
05:35:12,237.9225311279297,1.6088718175888062,0.9826340079307556,33.125,Healthy,100.0
05:35:14,239.5432586669922,1.6269495487213135,0.9862963557243347,33.125,Healthy,100.0
05:35:16,237.27426147460938,1.5696489810943604,0.9833353161811829,33.1875,Healthy,99.26
05:35:17,238.8949737548828,1.5992991924285889,0.9950901865959167,33.1875,Healthy,100.0
05:35:19,238.24667358398438,1.646661400794983,0.9960553646087646,33.1875,Healthy,100.0
05:35:21,237.9225311279297,1.6019829511642456,0.984424352645874,33.125,Healthy,100.0
05:35:23,239.2191162109375,1.6301486492156982,0.9882176518440247,33.125,Healthy,100.0
05:35:24,238.24667358398438,1.6364721059799194,0.9890922904014587,33.125,Healthy,100.0
05:35:26,239.5432586669922,1.7319321632385254,0.9893289804458618,33.125,Healthy,100.0
05:35:28,237.27426147460938,1.5916799306869507,0.9823088049888611,33.125,Healthy,99.26
05:35:29,235.9776611328125,2.208963394165039,0.9907247424125671,33.125,Healthy,98.65
05:35:31,239.2191162109375,1.6259942054748535,0.9834230542182922,33.125,Healthy,100.0
05:35:33,238.24667358398438,1.6764216423034668,0.9839210510253906,33.125,Healthy,100.0
05:35:35,237.27426147460938,1.6113694906234741,0.9841861128807068,33.125,Healthy,99.26
05:35:36,238.24667358398438,1.6902673244476318,0.9935632348060608,33.125,Healthy,100.0
05:35:38,237.27426147460938,1.6449953317642212,0.9867411851882935,33.0625,Healthy,99.26
05:35:40,239.2191162109375,1.636025309562683,0.985984742641449,33.1875,Healthy,100.0
05:35:41,237.9225311279297,1.5818877220153809,0.9883593320846558,33.125,Healthy,100.0
05:35:43,238.8949737548828,1.5932869911193848,0.9866011142730713,33.0625,Healthy,100.0
05:35:45,236.95013427734375,1.6135801076889038,0.9931332468986511,33.125,Healthy,99.26
05:35:47,237.59840393066406,1.617653489112854,0.9909684062004089,33.125,Healthy,99.26
05:35:48,236.62596130371094,1.760562777519226,0.9971027374267578,33.125,Healthy,99.93
05:35:50,238.8949737548828,1.6458841562271118,0.99433833360672,33.125,Healthy,100.0
05:35:52,239.867431640625,1.6660852432250977,0.9876607060432434,33.125,Healthy,100.0
05:35:53,237.27426147460938,1.6548007726669312,0.9853847622871399,33.125,Healthy,99.26
05:35:55,237.59840393066406,1.7680745124816895,0.9900588989257812,33.1875,Healthy,99.26
05:35:57,237.59840393066406,1.651095986366272,0.9887768030166626,33.125,Healthy,99.26
05:35:58,237.59840393066406,1.6166926622390747,0.9909878969192505,33.125,Healthy,99.26
05:36:00,238.24667358398438,1.6061995029449463,0.986926794052124,33.125,Healthy,100.0
05:36:02,238.24667358398438,1.6487692594528198,0.9910359382629395,33.125,Healthy,100.0
05:36:04,238.5708465576172,1.674839735031128,0.9872586727142334,33.0625,Healthy,100.0
05:36:05,232.4120635986328,1.6259942054748535,0.9865329265594482,33.0625,Healthy,99.93
05:36:07,239.2191162109375,1.6138633489608765,0.9920364022254944,33.0625,Healthy,100.0
05:36:09,236.95013427734375,1.586272954940796,0.9937286972999573,33.0625,Healthy,99.26
05:36:10,238.24667358398438,1.683820128440857,0.9876276850700378,33.0625,Healthy,100.0
05:36:12,238.8949737548828,1.6127302646636963,0.9877679347991943,33.0625,Healthy,100.0
05:36:14,239.867431640625,1.6179924011230469,0.99217289686203,33.0625,Healthy,100.0
05:36:16,236.95013427734375,1.6419365406036377,0.9894807934761047,33.0625,Healthy,99.26
05:36:17,239.867431640625,1.6866405010223389,0.9893044233322144,33.125,Healthy,100.0
05:36:19,237.9225311279297,1.62548828125,0.9930099844932556,33.125,Healthy,100.0
05:36:21,238.8949737548828,1.5728483200073242,0.9842808842658997,33.125,Healthy,100.0
05:36:22,239.2191162109375,1.6040356159210205,0.9881086349487305,33.0625,Healthy,100.0
05:36:24,238.8949737548828,1.6079057455062866,0.9930459856987,33.0625,Healthy,100.0
05:36:26,237.27426147460938,1.564457893371582,0.9907934069633484,33.0625,Healthy,99.26
05:36:28,238.5708465576172,1.6249821186065674,0.9885649681091309,33.0625,Healthy,100.0
05:36:29,237.59840393066406,1.6336771249771118,0.9867916107177734,33.0625,Healthy,99.26
05:36:31,238.24667358398438,1.604662299156189,0.9917636513710022,33.0625,Healthy,100.0
05:36:33,239.867431640625,1.568017601966858,0.9978363513946533,33.125,Healthy,100.0
05:36:34,238.8949737548828,1.6402100324630737,0.9883431792259216,33.0625,Healthy,100.0
05:36:36,235.6535186767578,1.8068344593048096,0.9917219877243042,33.0625,Healthy,99.93
05:36:38,238.24667358398438,1.6213783025741577,0.9862597584724426,33.0625,Healthy,100.0
05:36:40,238.8949737548828,1.58402419090271,0.9923970699310303,33.0625,Healthy,100.0
05:36:41,237.59840393066406,1.6293634176254272,0.9980606436729431,33.0,Healthy,99.26
05:36:43,237.9225311279297,1.7074835300445557,0.9927055835723877,33.0,Healthy,100.0
05:36:45,238.24667358398438,1.6253196001052856,0.9835270643234253,33.0625,Healthy,100.0
05:36:46,237.59840393066406,1.6061995029449463,0.9799661040306091,33.0625,Healthy,99.26
05:36:48,237.27426147460938,1.586272954940796,0.9861599206924438,33.0625,Healthy,99.26
05:36:50,238.8949737548828,1.6549112796783447,0.991777777671814,33.0625,Healthy,100.0
05:36:52,236.30181884765625,1.9570060968399048,0.9896528124809265,33.125,Healthy,100.0
05:36:53,237.9225311279297,1.636751413345337,0.9966048002243042,33.0,Healthy,100.0
05:36:55,235.9776611328125,1.8677748441696167,0.9931168556213379,33.0625,Healthy,99.93
05:36:57,238.8949737548828,1.6043205261230469,0.9921929240226746,33.0625,Healthy,100.0
05:36:58,237.27426147460938,1.5986131429672241,0.9831942319869995,33.0625,Healthy,99.26
05:37:00,237.9225311279297,1.5772006511688232,0.9917764663696289,33.0625,Healthy,100.0
05:37:02,232.4120635986328,1.6560707092285156,0.9883501529693604,33.0625,Healthy,99.93
05:37:04,239.867431640625,1.62087082862854,0.9815242886543274,33.0625,Healthy,100.0
05:37:05,239.5432586669922,1.615391731262207,0.9910445809364319,33.0625,Healthy,100.0
05:37:07,238.8949737548828,1.6120500564575195,0.9849602580070496,33.0625,Healthy,100.0
05:37:09,238.24667358398438,1.6345161199569702,0.9814428091049194,33.0625,Healthy,100.0
05:37:10,237.9225311279297,1.5620607137680054,0.9876672625541687,33.0625,Healthy,100.0
05:37:12,235.9776611328125,1.6069390773773193,0.9950973391532898,33.0625,Healthy,99.93
05:37:14,236.95013427734375,1.6349633932113647,0.9907610416412354,33.0625,Healthy,99.26
05:37:16,239.5432586669922,1.6435500383377075,0.9951791763305664,33.0625,Healthy,100.0
05:37:17,237.59840393066406,1.5436375141143799,0.9885276556015015,33.0,Healthy,99.26
05:37:19,237.9225311279297,1.5975837707519531,0.9856632947921753,33.0625,Healthy,100.0
05:37:21,236.95013427734375,1.6458286046981812,0.9885924458503723,33.0,Healthy,99.26
05:37:22,239.5432586669922,1.6343483924865723,0.9882735013961792,33.0625,Healthy,100.0
05:37:24,239.867431640625,1.5790539979934692,0.987630307674408,33.0625,Healthy,100.0
05:37:26,236.95013427734375,1.6729285717010498,0.9928106665611267,33.0,Healthy,99.26
05:37:28,237.27426147460938,1.5591909885406494,0.9915329217910767,33.0,Healthy,99.26
05:37:29,239.5432586669922,1.6660852432250977,0.994456946849823,33.0625,Healthy,100.0
05:37:31,237.59840393066406,1.6261066198349,0.9850412011146545,33.0625,Healthy,99.26
05:37:33,237.27426147460938,1.6281850337982178,0.9800655841827393,33.0,Healthy,99.26
05:37:34,237.9225311279297,1.6352988481521606,0.9927202463150024,33.0625,Healthy,100.0
05:37:36,237.27426147460938,1.5794591903686523,0.997154176235199,33.0625,Healthy,99.26
05:37:38,236.95013427734375,1.6146560907363892,0.991653561592102,33.125,Healthy,99.26
05:37:39,237.59840393066406,1.7098373174667358,0.992224395275116,33.0625,Healthy,99.26
05:37:41,237.27426147460938,1.6018117666244507,0.9853608012199402,33.0625,Healthy,99.26
05:37:43,240.1915740966797,1.58713698387146,0.9922911524772644,33.0625,Healthy,100.0
05:37:45,239.2191162109375,1.6600947380065918,0.9907190799713135,33.0625,Healthy,100.0
05:37:46,239.2191162109375,1.589323878288269,0.9872636795043945,33.0,Healthy,100.0
05:37:48,237.59840393066406,1.7043761014938354,0.9881009459495544,33.0,Healthy,99.26
05:37:50,236.95013427734375,1.6096669435501099,0.9960219860076904,33.0625,Healthy,99.26
05:37:51,239.2191162109375,1.6409342288970947,0.9870614409446716,33.0,Healthy,100.0
05:37:53,239.2191162109375,1.5951217412948608,0.988858163356781,33.0625,Healthy,100.0
05:37:55,237.59840393066406,1.6036937236785889,0.9852419495582581,33.0625,Healthy,99.26
05:37:57,237.59840393066406,1.6489355564117432,0.9913183450698853,33.0625,Healthy,99.26
05:37:58,237.59840393066406,1.6054025888442993,0.9953328371047974,33.0,Healthy,99.26
05:38:00,237.59840393066406,1.8879739046096802,0.9928356409072876,33.125,Healthy,99.26
05:38:02,238.8949737548828,1.6293073892593384,0.9802066683769226,33.0,Healthy,100.0
05:38:03,238.24667358398438,1.521751880645752,0.9862509369850159,33.0,Healthy,100.0
05:38:05,237.9225311279297,1.589956283569336,0.9893856048583984,32.9375,Healthy,100.0
05:38:07,231.4396514892578,2.2023329734802246,0.9898098111152649,33.125,Healthy,98.65
05:38:09,237.9225311279297,1.6546350717544556,0.9916926622390747,33.0,Healthy,100.0
05:38:10,238.24667358398438,1.5977553129196167,0.9903753399848938,33.0,Healthy,100.0
05:38:12,237.59840393066406,1.762534499168396,0.9915468096733093,33.0,Healthy,99.26
05:38:14,237.59840393066406,1.5869642496109009,0.9942638874053955,33.0,Healthy,99.26
05:38:15,240.1915740966797,1.571162223815918,0.9955893158912659,33.0,Healthy,100.0
05:38:17,238.8949737548828,1.9637200832366943,0.9933867454528809,33.0,Healthy,100.0
05:38:19,239.5432586669922,1.5536119937896729,0.9865329265594482,32.9375,Healthy,100.0
05:38:21,239.2191162109375,1.6187831163406372,0.9899002313613892,33.0,Healthy,100.0
05:38:22,238.8949737548828,1.631325602531433,0.9887461066246033,33.0625,Healthy,100.0
05:38:24,237.59840393066406,1.593459129333496,0.9966365694999695,33.0,Healthy,99.26
05:38:26,239.2191162109375,1.5384775400161743,0.9882214665412903,33.0,Healthy,100.0
05:38:27,236.95013427734375,1.6110291481018066,0.9831950664520264,32.9375,Healthy,99.26
05:38:29,238.24667358398438,1.7519757747650146,0.9925519824028015,33.0,Healthy,100.0
05:38:31,238.24667358398438,1.6168056726455688,0.9875704050064087,32.9375,Healthy,100.0
05:38:33,235.00521850585938,1.5118694305419922,0.9928568005561829,33.0,Healthy,99.93
05:38:34,237.59840393066406,1.6420478820800781,0.9899274706840515,33.0,Healthy,99.26
05:38:36,236.95013427734375,2.04846453666687,0.9928085803985596,33.0625,Healthy,97.71
05:38:38,239.5432586669922,1.560479998588562,0.982130765914917,33.0,Healthy,100.0
05:38:39,237.59840393066406,1.5677844285964966,0.9904690384864807,33.0,Healthy,99.26
05:38:41,237.27426147460938,1.614372968673706,0.9916452765464783,33.0,Healthy,99.26
05:38:43,238.8949737548828,1.6762579679489136,0.9917725324630737,32.9375,Healthy,100.0
05:38:45,237.9225311279297,1.5911630392074585,0.9882397651672363,33.0,Healthy,100.0
05:38:46,237.9225311279297,1.5994133949279785,0.9870474934577942,32.9375,Healthy,100.0
05:38:48,238.8949737548828,1.5889211893081665,0.9959753155708313,32.9375,Healthy,100.0
05:38:50,240.1915740966797,1.5608314275741577,0.9993364214897156,32.9375,Healthy,100.0
05:38:51,237.27426147460938,1.6273428201675415,0.993901789188385,32.875,Healthy,99.26
05:38:53,236.95013427734375,1.6133536100387573,0.9871621131896973,32.9375,Healthy,99.26
05:38:55,238.24667358398438,1.9435557126998901,0.9863125681877136,33.0,Healthy,99.33
05:38:57,237.59840393066406,1.7454946041107178,0.9831691384315491,33.0,Healthy,99.26
05:38:58,234.68109130859375,1.5756932497024536,0.9941164255142212,32.9375,Healthy,99.93
05:39:00,237.9225311279297,1.601241111755371,0.984886884689331,32.9375,Healthy,100.0
05:39:02,236.95013427734375,1.6449953317642212,0.9872600436210632,32.9375,Healthy,99.26
05:39:03,237.27426147460938,1.5561397075653076,0.9918412566184998,32.9375,Healthy,99.26
05:39:05,238.8949737548828,1.612786889076233,0.9787898063659668,32.9375,Healthy,100.0
05:39:07,237.9225311279297,1.5898988246917725,0.9863253235816956,32.9375,Healthy,100.0
05:39:09,237.27426147460938,1.5200090408325195,0.986890971660614,32.9375,Healthy,99.26
05:39:10,237.27426147460938,1.574242353439331,0.9831788539886475,32.9375,Healthy,99.26
05:39:12,237.59840393066406,1.6144862174987793,0.9890872240066528,32.875,Healthy,99.26
05:39:14,238.8949737548828,1.576389193534851,0.9924045205116272,32.875,Healthy,100.0
05:39:15,237.9225311279297,1.6559051275253296,0.9826366305351257,32.9375,Healthy,100.0
05:39:17,236.62596130371094,1.6109156608581543,0.9880754947662354,32.875,Healthy,99.93
05:39:19,236.95013427734375,1.577722191810608,0.9948894381523132,32.875,Healthy,99.26
05:39:21,238.5708465576172,1.5706385374069214,0.989348828792572,32.875,Healthy,100.0
05:39:22,236.95013427734375,1.5675512552261353,0.9856624603271484,32.875,Healthy,99.26
05:39:24,238.8949737548828,1.595694661140442,0.9863062500953674,32.875,Healthy,100.0
05:39:26,238.8949737548828,1.6306531429290771,0.9916030764579773,32.875,Healthy,100.0
05:39:27,237.27426147460938,1.5809051990509033,0.9860358834266663,32.875,Healthy,99.26
05:39:29,236.62596130371094,1.592655897140503,0.9957289695739746,32.875,Healthy,99.93
05:39:31,236.62596130371094,1.610518455505371,0.9855068922042847,32.875,Healthy,99.93
05:39:33,239.2191162109375,1.6263314485549927,0.9910195469856262,32.875,Healthy,100.0
05:39:34,237.9225311279297,1.584428071975708,0.9990652799606323,32.875,Healthy,100.0
05:39:36,238.8949737548828,1.5875976085662842,0.9922359585762024,32.875,Healthy,100.0
05:39:38,237.59840393066406,1.5773745775222778,0.9881494641304016,32.875,Healthy,99.26
05:39:39,233.70867919921875,1.6782197952270508,0.988373339176178,32.875,Healthy,99.93
05:39:41,238.24667358398438,1.570871353149414,0.9868277907371521,32.875,Healthy,100.0
05:39:43,238.5708465576172,1.6126168966293335,0.9908304810523987,32.875,Healthy,100.0
05:39:44,237.27426147460938,1.6892396211624146,0.9857922196388245,32.875,Healthy,99.26
05:39:46,238.8949737548828,1.5820033550262451,0.9951403141021729,32.875,Healthy,100.0
05:39:48,236.95013427734375,1.6951810121536255,0.9864792227745056,32.875,Healthy,99.26
05:39:50,239.2191162109375,1.5593081712722778,0.9808989763259888,32.875,Healthy,100.0
05:39:51,237.9225311279297,1.6109724044799805,0.9952864646911621,32.875,Healthy,100.0
05:39:53,238.24667358398438,1.5999276638031006,0.9913036823272705,32.8125,Healthy,100.0
05:39:55,237.9225311279297,1.6288585662841797,0.9829692840576172,32.875,Healthy,100.0
05:39:56,237.27426147460938,1.5756351947784424,0.9934737086296082,32.875,Healthy,99.26
05:39:58,239.5432586669922,1.6648778915405273,0.9905349612236023,32.875,Healthy,100.0
05:40:00,239.867431640625,1.6011269092559814,0.9904637336730957,32.875,Healthy,100.0
05:40:02,239.5432586669922,1.6111993789672852,0.9833989143371582,32.8125,Healthy,100.0
05:40:03,237.27426147460938,1.660865306854248,0.9925206899642944,32.8125,Healthy,99.26
05:40:05,237.59840393066406,1.6271181106567383,0.9915088415145874,32.875,Healthy,99.26
05:40:07,239.2191162109375,1.6043205261230469,0.9901080131530762,32.8125,Healthy,100.0
05:40:08,237.27426147460938,1.5865033864974976,0.9912834763526917,32.8125,Healthy,99.26
05:40:10,237.27426147460938,1.6258256435394287,0.9846050143241882,32.8125,Healthy,99.26
05:40:12,238.24667358398438,1.577895998954773,0.9895152449607849,32.8125,Healthy,100.0
05:40:14,239.5432586669922,1.5951789617538452,0.9777184724807739,32.8125,Healthy,100.0
05:40:15,239.867431640625,1.601298213005066,0.9973379969596863,32.8125,Healthy,100.0
05:40:17,238.8949737548828,1.6390950679779053,0.992866039276123,32.8125,Healthy,100.0
05:40:19,236.95013427734375,1.6029525995254517,0.9901453852653503,32.8125,Healthy,99.26
05:40:20,237.59840393066406,1.598841905593872,0.9856893420219421,32.8125,Healthy,99.26
05:40:22,236.62596130371094,1.5406148433685303,0.9946122765541077,32.8125,Healthy,99.93
05:40:24,237.9225311279297,1.601412296295166,0.9848117232322693,32.8125,Healthy,100.0
05:40:26,237.9225311279297,1.6168056726455688,0.9849104881286621,32.8125,Healthy,100.0
05:40:27,238.8949737548828,1.8430453538894653,0.9948378205299377,32.75,Healthy,100.0
05:40:29,239.2191162109375,1.6072802543640137,0.991319477558136,32.75,Healthy,100.0
05:40:31,239.5432586669922,1.6551321744918823,1.00263512134552,32.75,Healthy,100.0
05:40:32,239.5432586669922,1.6506530046463013,0.990323543548584,32.75,Healthy,100.0
05:40:34,237.59840393066406,1.59844172000885,0.9868023991584778,32.8125,Healthy,99.26
05:40:36,239.867431640625,1.5965535640716553,0.9891713261604309,32.8125,Healthy,100.0
05:40:38,237.59840393066406,1.6130702495574951,0.9858379364013672,32.8125,Healthy,99.26
05:40:39,237.9225311279297,1.5810786485671997,0.9967199563980103,32.75,Healthy,100.0
05:40:41,239.5432586669922,1.636863112449646,0.9845840334892273,32.8125,Healthy,100.0
05:40:43,237.9225311279297,1.5832161903381348,0.9893622398376465,32.75,Healthy,100.0
05:40:44,237.27426147460938,1.6065977811813354,0.9927726984024048,32.75,Healthy,99.26
05:40:46,238.5708465576172,1.632893681526184,0.9850623607635498,32.75,Healthy,100.0
05:40:48,238.5708465576172,1.8841938972473145,0.9888555407524109,32.75,Healthy,100.0
05:40:49,235.9776611328125,1.593459129333496,0.9896467924118042,32.75,Healthy,99.93
05:40:51,238.8949737548828,1.560011386871338,0.9918373823165894,32.75,Healthy,100.0
05:40:53,236.30181884765625,1.6194040775299072,0.9906364679336548,32.75,Healthy,99.93
05:40:55,238.24667358398438,1.6008415222167969,0.9878878593444824,32.75,Healthy,100.0
05:40:56,237.59840393066406,1.6177663803100586,0.983630359172821,32.6875,Healthy,99.26
05:40:58,238.24667358398438,1.6126736402511597,0.9993008375167847,32.75,Healthy,100.0
05:41:00,236.62596130371094,1.6157877445220947,0.9839921593666077,32.6875,Healthy,99.93
05:41:01,237.27426147460938,1.5823498964309692,0.9862260222434998,32.6875,Healthy,99.26
05:41:03,238.8949737548828,1.619686245918274,0.9887312650680542,32.6875,Healthy,100.0
05:41:05,237.9225311279297,1.6683876514434814,0.9839970469474792,32.6875,Healthy,100.0
05:41:07,237.59840393066406,1.6358017921447754,0.9883240461349487,32.6875,Healthy,99.26
05:41:08,238.5708465576172,1.670960545539856,0.984655499458313,32.6875,Healthy,100.0
05:41:10,237.9225311279297,1.625375747680664,0.9872265458106995,32.75,Healthy,100.0
05:41:12,237.9225311279297,1.8533319234848022,0.981619656085968,32.6875,Healthy,100.0
05:41:13,237.9225311279297,1.5855237245559692,0.9880791902542114,32.6875,Healthy,100.0
05:41:15,236.95013427734375,1.696366786956787,0.98805171251297,32.6875,Healthy,99.26
05:41:17,236.95013427734375,1.640488624572754,0.9869609475135803,32.6875,Healthy,99.26
05:41:19,238.24667358398438,1.6416025161743164,0.9858269691467285,32.6875,Healthy,100.0
05:41:20,200.97000122070312,2.80012845993042,1.6298489570617676,32.6875,Warning,93.32
05:41:22,279.0889892578125,2.822075605392456,1.4353200197219849,32.6875,Warning,89.95
05:41:24,207.7770538330078,2.8327109813690186,1.6406559944152832,32.6875,Warning,93.32
05:41:25,278.1165466308594,2.752424478530884,0.8986465334892273,32.6875,Healthy,93.32
05:41:27,194.16294860839844,2.6954824924468994,1.0611560344696045,32.6875,Healthy,97.65
05:41:29,209.07362365722656,2.6049866676330566,1.5830203294754028,32.75,Warning,93.32
05:41:31,250.564208984375,2.5947210788726807,1.2698451280593872,32.6875,Healthy,90.66
05:41:32,245.37786865234375,2.5314595699310303,1.387872338294983,32.75,Warning,91.95
05:41:34,245.70201110839844,1.5274471044540405,1.127819299697876,32.75,Healthy,91.21
05:41:36,239.867431640625,1.4171297550201416,1.0944974422454834,32.75,Healthy,99.33
05:41:37,235.00521850585938,1.4121546745300293,1.0015559196472168,32.75,Healthy,99.93
05:41:39,236.95013427734375,1.4352025985717773,0.9985742568969727,32.75,Healthy,99.26
05:41:41,236.62596130371094,1.2943629026412964,0.985609233379364,32.8125,Healthy,99.93
05:41:43,237.27426147460938,1.3364019393920898,0.9831788539886475,32.8125,Healthy,99.26
05:41:44,236.95013427734375,1.3326349258422852,0.9952643513679504,32.8125,Healthy,99.26
05:41:46,237.59840393066406,1.3561582565307617,0.9925742745399475,32.8125,Healthy,99.26
05:41:48,236.62596130371094,1.329476237297058,0.9901036024093628,32.8125,Healthy,99.93
05:41:49,237.9225311279297,1.2853635549545288,0.9862560033798218,32.75,Healthy,100.0
05:41:51,237.27426147460938,1.4488933086395264,0.9908313751220703,32.75,Healthy,99.26
05:41:53,237.27426147460938,1.4211229085922241,0.9859992265701294,32.75,Healthy,99.26
05:41:55,238.24667358398438,1.3413853645324707,0.9819223284721375,32.75,Healthy,100.0
05:41:56,237.9225311279297,1.2991557121276855,0.9883134365081787,32.75,Healthy,100.0
05:41:58,236.95013427734375,1.347503900527954,0.9943054914474487,32.75,Healthy,99.26
05:42:00,237.59840393066406,1.2642123699188232,0.9892547130584717,32.75,Healthy,99.26
05:42:01,238.8949737548828,1.3273433446884155,0.9881777763366699,32.75,Healthy,100.0
05:42:03,237.59840393066406,1.3268612623214722,0.9978070855140686,32.8125,Healthy,99.26
05:42:05,237.9225311279297,1.2805190086364746,0.9828017354011536,32.8125,Healthy,100.0
05:42:07,237.59840393066406,1.2782329320907593,0.9872356653213501,32.75,Healthy,99.26
05:42:08,237.27426147460938,1.302107334136963,0.9915030598640442,32.75,Healthy,99.26
05:42:10,237.27426147460938,1.3080601692199707,0.9878548979759216,32.75,Healthy,99.26
05:42:12,238.24667358398438,1.4174522161483765,0.9857071042060852,32.8125,Healthy,100.0
05:42:13,237.27426147460938,1.2883466482162476,0.9880483150482178,32.8125,Healthy,99.26
05:42:15,237.59840393066406,1.246666669845581,0.9853465557098389,32.8125,Healthy,99.26
05:42:17,237.59840393066406,1.3105733394622803,0.9935608506202698,32.75,Healthy,99.26
05:42:19,239.2191162109375,1.2535394430160522,0.9890148639678955,32.75,Healthy,100.0
05:42:20,237.59840393066406,1.2080165147781372,0.9858211278915405,32.75,Healthy,99.26
05:42:22,239.2191162109375,1.3201624155044556,0.9902030825614929,32.75,Healthy,100.0
05:42:24,237.27426147460938,1.2526642084121704,0.9937019348144531,32.75,Healthy,99.26
05:42:25,237.9225311279297,1.2072596549987793,0.9828625917434692,32.75,Healthy,100.0
05:42:27,236.95013427734375,1.2714935541152954,0.9817706346511841,32.75,Healthy,99.26
05:42:29,237.59840393066406,1.2369511127471924,0.9841641783714294,32.75,Healthy,99.26
05:42:31,239.867431640625,1.2530289888381958,0.990298867225647,32.75,Healthy,100.0
05:42:32,236.95013427734375,1.3986926078796387,0.9899511337280273,32.8125,Healthy,99.26
05:42:34,237.27426147460938,1.235620379447937,0.9837616086006165,32.75,Healthy,99.26
05:42:36,236.30181884765625,1.2132259607315063,0.9847073554992676,32.75,Healthy,99.93
05:42:37,236.62596130371094,1.8319529294967651,0.988733172416687,32.75,Healthy,99.93
05:42:39,238.8949737548828,1.211190104484558,0.9837057590484619,32.75,Healthy,100.0
05:42:41,239.2191162109375,1.2514961957931519,0.9886792302131653,32.75,Healthy,100.0
05:42:42,237.27426147460938,1.2345843315124512,0.9894726872444153,32.75,Healthy,99.26
05:42:44,236.95013427734375,1.2141296863555908,0.9886341691017151,32.75,Healthy,99.26
05:42:46,237.59840393066406,1.1671488285064697,0.9954809546470642,32.75,Healthy,99.26
05:42:48,235.9776611328125,1.161418080329895,0.9942537546157837,32.75,Healthy,99.93
05:42:49,239.2191162109375,1.2287217378616333,0.9872814416885376,32.75,Healthy,100.0
05:42:51,237.59840393066406,1.1799993515014648,0.9891400933265686,32.75,Healthy,99.26
05:42:53,238.24667358398438,1.214882254600525,0.9962971210479736,32.75,Healthy,100.0
05:42:54,235.6535186767578,1.579748511314392,0.9862133264541626,32.75,Healthy,99.93
05:42:56,236.95013427734375,1.1925582885742188,0.9932812452316284,32.75,Healthy,99.26
05:42:58,236.62596130371094,1.2471797466278076,0.9933468103408813,32.75,Healthy,99.93
05:43:00,238.24667358398438,1.2001218795776367,0.9801711440086365,32.75,Healthy,100.0
05:43:01,237.59840393066406,1.222756266593933,0.9970985651016235,32.75,Healthy,99.26
05:43:03,236.62596130371094,1.199817180633545,0.9882467985153198,32.75,Healthy,99.93
05:43:05,237.27426147460938,1.24453866481781,0.9810839295387268,32.75,Healthy,99.26
05:43:06,238.5708465576172,1.2433631420135498,0.9898618459701538,32.8125,Healthy,100.0
05:43:08,237.27426147460938,1.18533194065094,0.9905680418014526,32.75,Healthy,99.26
05:43:10,238.5708465576172,1.1862568855285645,0.9888943433761597,32.75,Healthy,100.0
05:43:12,237.9225311279297,1.1824754476547241,0.9929735064506531,32.75,Healthy,100.0
05:43:13,238.8949737548828,1.2465933561325073,0.9860227108001709,32.75,Healthy,100.0
05:43:15,236.62596130371094,1.2008832693099976,0.9942002892494202,32.75,Healthy,99.93
05:43:17,238.24667358398438,1.1809285879135132,0.9869877099990845,32.75,Healthy,100.0
05:43:18,237.9225311279297,1.2387232780456543,0.9865081310272217,32.75,Healthy,100.0
05:43:20,237.27426147460938,1.177207589149475,0.9983327388763428,32.8125,Healthy,99.26
05:43:22,235.9776611328125,1.2608822584152222,0.9929840564727783,32.75,Healthy,99.93
05:43:24,237.9225311279297,1.2011115550994873,0.99001145362854,32.75,Healthy,100.0
05:43:25,237.27426147460938,1.2473996877670288,0.9875218272209167,32.8125,Healthy,99.26
05:43:27,239.2191162109375,1.1268268823623657,0.9878200888633728,32.8125,Healthy,100.0
05:43:29,237.59840393066406,1.2971843481063843,0.9900399446487427,32.875,Healthy,99.26
05:43:30,237.59840393066406,1.1757314205169678,0.9924997687339783,32.75,Healthy,99.26
05:43:32,237.27426147460938,1.5215115547180176,0.9916041493415833,32.8125,Healthy,99.26
05:43:34,236.30181884765625,1.7300840616226196,0.9883317351341248,32.8125,Healthy,99.93
05:43:36,239.5432586669922,1.1234962940216064,0.9888925552368164,32.75,Healthy,100.0
05:43:37,236.95013427734375,1.2630550861358643,0.9931228756904602,32.75,Healthy,99.26
05:43:39,239.2191162109375,1.4953962564468384,0.9881723523139954,32.8125,Healthy,100.0
05:43:41,236.30181884765625,1.7574970722198486,0.9930145740509033,32.75,Healthy,99.93
05:43:42,236.62596130371094,1.765384316444397,0.989526093006134,32.8125,Healthy,99.93
05:43:44,237.9225311279297,1.3063122034072876,0.983872652053833,32.75,Healthy,100.0
05:43:46,236.95013427734375,1.1744869947433472,0.9908621907234192,32.75,Healthy,99.26
05:43:48,236.62596130371094,1.1830164194107056,0.9908975958824158,32.75,Healthy,99.93
05:43:49,237.59840393066406,1.1779837608337402,0.9876295328140259,32.75,Healthy,99.26
05:43:51,235.9776611328125,1.724315881729126,0.982277512550354,32.8125,Healthy,99.93
05:43:53,233.70867919921875,1.7708638906478882,0.986944854259491,32.6875,Healthy,99.93
05:43:54,237.9225311279297,1.1445326805114746,0.9882974624633789,32.75,Healthy,100.0
05:43:56,240.1915740966797,1.387012004852295,0.9892233610153198,32.75,Healthy,100.0
05:43:58,239.867431640625,1.344244122505188,0.9864347577095032,32.75,Healthy,100.0
05:44:00,236.95013427734375,1.143334150314331,0.9837749600410461,32.75,Healthy,99.26
05:44:01,235.9776611328125,1.560011386871338,0.9921993613243103,32.75,Healthy,99.93
05:44:03,237.59840393066406,1.756612777709961,0.9901501536369324,32.75,Healthy,99.26
05:44:05,239.2191162109375,1.4060574769973755,0.9888297319412231,32.8125,Healthy,100.0
05:44:06,237.9225311279297,1.1540759801864624,0.9892023205757141,32.75,Healthy,100.0
05:44:08,239.2191162109375,1.1194212436676025,0.9909572601318359,32.75,Healthy,100.0
05:44:10,239.2191162109375,1.5381804704666138,0.9917883276939392,32.75,Healthy,100.0
05:44:12,237.27426147460938,1.1716820001602173,0.9896434545516968,32.6875,Healthy,99.26
05:44:13,239.867431640625,1.1701208353042603,0.9815011024475098,32.6875,Healthy,100.0
05:44:15,238.24667358398438,1.3026686906814575,0.9855942726135254,32.6875,Healthy,100.0
05:44:17,237.9225311279297,1.1434141397476196,0.9828850030899048,32.6875,Healthy,100.0
05:44:18,235.6535186767578,1.2039997577667236,0.9845319390296936,32.6875,Healthy,99.93
05:44:20,238.8949737548828,1.110321044921875,0.9901897311210632,32.6875,Healthy,100.0
05:44:22,237.27426147460938,1.1822435855865479,0.9817978739738464,32.6875,Healthy,99.26
05:44:24,238.24667358398438,1.1394904851913452,0.9842002987861633,32.6875,Healthy,100.0
05:44:25,238.8949737548828,1.1322484016418457,0.9894639849662781,32.6875,Healthy,100.0
05:44:27,237.9225311279297,1.1426944732666016,0.9870182871818542,32.6875,Healthy,100.0
05:44:29,236.95013427734375,1.1544718742370605,0.9895984530448914,32.6875,Healthy,99.26
05:44:30,237.9225311279297,1.1222753524780273,0.9882670640945435,32.6875,Healthy,100.0
05:44:32,238.8949737548828,1.6629003286361694,0.9893452525138855,32.75,Healthy,100.0
05:44:34,234.35694885253906,1.2385756969451904,0.9965939521789551,32.6875,Healthy,99.93
05:44:36,237.9225311279297,1.0971542596817017,0.9912906885147095,32.6875,Healthy,100.0
05:44:37,237.59840393066406,1.1577132940292358,0.9842590093612671,32.6875,Healthy,99.26
05:44:39,237.9225311279297,1.1684011220932007,0.9851016402244568,32.6875,Healthy,100.0
05:44:41,237.9225311279297,1.1105680465698242,0.9852626919746399,32.75,Healthy,100.0
05:44:42,237.9225311279297,1.2199125289916992,0.9964186549186707,32.75,Healthy,100.0
05:44:44,237.27426147460938,1.2060476541519165,0.9804509282112122,32.6875,Healthy,99.26
05:44:46,239.2191162109375,1.2531747817993164,0.9851844310760498,32.6875,Healthy,100.0
05:44:47,236.62596130371094,1.2015680074691772,0.9939629435539246,32.6875,Healthy,99.93
05:44:49,238.24667358398438,1.1864880323410034,0.9908809065818787,32.6875,Healthy,100.0
05:44:51,237.59840393066406,1.1918683052062988,0.9880385398864746,32.6875,Healthy,99.26
05:44:53,237.59840393066406,1.1878738403320312,0.9880697727203369,32.6875,Healthy,99.26
05:44:54,236.30181884765625,1.1418943405151367,0.9847850203514099,32.6875,Healthy,99.93
05:44:56,237.9225311279297,1.102887511253357,0.9928385615348816,32.6875,Healthy,100.0
05:44:58,238.8949737548828,1.1524115800857544,0.9839233160018921,32.6875,Healthy,100.0
05:44:59,237.59840393066406,1.1831709146499634,0.9897492527961731,32.6875,Healthy,99.26
05:45:01,238.8949737548828,1.1616541147232056,0.9844026565551758,32.6875,Healthy,100.0
05:45:03,237.27426147460938,1.1959258317947388,0.984604001045227,32.6875,Healthy,99.26
05:45:05,237.59840393066406,1.2054412364959717,0.9831376075744629,32.6875,Healthy,99.26
05:45:06,236.95013427734375,1.1807737350463867,0.9886648058891296,32.6875,Healthy,99.26
05:45:08,238.5708465576172,1.187950849533081,0.996543824672699,32.6875,Healthy,100.0
05:45:10,237.9225311279297,1.216761589050293,0.9846768975257874,32.625,Healthy,100.0
05:45:11,235.9776611328125,1.199741005897522,0.9864007830619812,32.625,Healthy,99.93
05:45:13,239.5432586669922,1.1786043643951416,0.9944217801094055,32.625,Healthy,100.0
05:45:15,237.9225311279297,1.1220309734344482,0.9881601929664612,32.625,Healthy,100.0
05:45:17,236.95013427734375,1.1823208332061768,0.9924833178520203,32.625,Healthy,99.26
05:45:18,237.59840393066406,1.135231375694275,0.9963523745536804,32.6875,Healthy,99.26
05:45:20,239.867431640625,1.197758674621582,0.9863079786300659,32.625,Healthy,100.0
05:45:22,237.27426147460938,1.1504271030426025,0.9857663512229919,32.6875,Healthy,99.26
05:45:23,238.5708465576172,1.2424806356430054,0.9970347285270691,32.6875,Healthy,100.0
05:45:25,237.59840393066406,1.0902178287506104,0.9844765067100525,32.625,Healthy,99.26
05:45:27,235.9776611328125,1.160394549369812,0.9910072684288025,32.625,Healthy,99.93
05:45:29,237.59840393066406,1.1706675291061401,0.9908852577209473,32.625,Healthy,99.26
05:45:30,238.5708465576172,1.1920983791351318,0.9897263646125793,32.6875,Healthy,100.0
05:45:32,237.9225311279297,1.1721500158309937,0.9907035827636719,32.625,Healthy,100.0
05:45:34,237.27426147460938,1.1637765169143677,0.9887157082557678,32.625,Healthy,99.26
05:45:35,238.5708465576172,1.1528873443603516,0.9930365681648254,32.625,Healthy,100.0
05:45:37,237.27426147460938,1.162597894668579,0.9820502996444702,32.625,Healthy,99.26
05:45:39,238.8949737548828,1.2122461795806885,0.9953083992004395,32.6875,Healthy,100.0
05:45:41,236.30181884765625,1.2451995611190796,0.991502583026886,32.6875,Healthy,99.93
05:45:42,237.59840393066406,1.203316330909729,0.9883018136024475,32.625,Healthy,99.26
05:45:44,237.59840393066406,1.1864110231399536,0.9923433661460876,32.625,Healthy,99.26
05:45:46,238.8949737548828,1.199664831161499,0.9837146401405334,32.625,Healthy,100.0
05:45:47,238.8949737548828,1.148996114730835,0.9888900518417358,32.6875,Healthy,100.0
05:45:49,237.9225311279297,1.1186860799789429,0.9970863461494446,32.625,Healthy,100.0
05:45:51,237.59840393066406,1.1481207609176636,0.9876254796981812,32.625,Healthy,99.26
05:45:53,238.8949737548828,1.1563704013824463,0.9865372180938721,32.625,Healthy,100.0
05:45:54,237.59840393066406,1.6842544078826904,0.9877222776412964,32.6875,Healthy,99.26
05:45:56,236.30181884765625,1.1934776306152344,0.9865787625312805,32.625,Healthy,99.93
05:45:58,236.95013427734375,1.2278287410736084,0.9878100156784058,32.6875,Healthy,99.26
05:45:59,236.30181884765625,1.4912341833114624,0.9926587343215942,32.6875,Healthy,99.93
05:46:01,232.08792114257812,1.3902372121810913,0.9887743592262268,32.625,Healthy,99.93
05:46:03,237.9225311279297,1.1195029020309448,0.9867721199989319,32.625,Healthy,100.0
05:46:05,237.27426147460938,1.1920216083526611,0.9848484396934509,32.625,Healthy,99.26
05:46:06,237.27426147460938,1.0949862003326416,0.9885573387145996,32.6875,Healthy,99.26
05:46:08,237.9225311279297,1.2673174142837524,0.9887398481369019,32.625,Healthy,100.0
05:46:10,238.5708465576172,1.2083947658538818,0.988793671131134,32.625,Healthy,100.0
05:46:11,237.9225311279297,1.1727735996246338,0.990029513835907,32.625,Healthy,100.0
05:46:13,236.62596130371094,1.192941427230835,0.9816258549690247,32.625,Healthy,99.93
05:46:15,237.9225311279297,1.1118018627166748,0.9902728199958801,32.5625,Healthy,100.0
05:46:16,236.62596130371094,1.29922616481781,0.9877209663391113,32.625,Healthy,99.93
05:46:18,236.95013427734375,1.152014970779419,0.9859530329704285,32.625,Healthy,99.26
05:46:20,236.95013427734375,1.1976059675216675,0.9916755557060242,32.625,Healthy,99.26
05:46:22,238.8949737548828,1.5687170028686523,0.9825505018234253,32.6875,Healthy,100.0
05:46:23,235.9776611328125,1.1848691701889038,0.9930636286735535,32.625,Healthy,99.93
05:46:25,237.9225311279297,1.158423662185669,0.9907950162887573,32.625,Healthy,100.0
05:46:27,237.59840393066406,1.1709016561508179,0.9899371862411499,32.625,Healthy,99.26
05:46:28,237.59840393066406,1.1694958209991455,0.99232017993927,32.625,Healthy,99.26
05:46:30,237.27426147460938,1.1755759716033936,0.9927842617034912,32.625,Healthy,99.26
05:46:32,236.62596130371094,1.2091509103775024,0.9858732223510742,32.625,Healthy,99.93
05:46:34,239.2191162109375,1.1823982000350952,0.9903311729431152,32.625,Healthy,100.0
05:46:35,235.00521850585938,1.208848476409912,0.989367663860321,32.625,Healthy,99.93
05:46:37,235.3293914794922,1.6482148170471191,0.9929326772689819,32.625,Healthy,99.93
05:46:39,236.95013427734375,1.1454906463623047,0.9898039698600769,32.625,Healthy,99.26
05:46:40,237.59840393066406,1.1370816230773926,0.9886958003044128,32.625,Healthy,99.26
05:46:42,237.27426147460938,1.2059719562530518,0.9920298457145691,32.625,Healthy,99.26
05:46:44,237.59840393066406,1.166051983833313,0.9776471257209778,32.5625,Healthy,99.26
05:46:46,239.5432586669922,1.1118839979171753,0.996387243270874,32.625,Healthy,100.0
05:46:47,237.59840393066406,1.1844834089279175,0.9884994626045227,32.625,Healthy,99.26
05:46:49,239.2191162109375,1.1235777139663696,0.9865553379058838,32.625,Healthy,100.0
05:46:51,235.3293914794922,1.1121306419372559,0.9865560531616211,32.6875,Healthy,99.93
05:46:52,235.6535186767578,1.189642310142517,0.9902162551879883,32.625,Healthy,99.93
05:46:54,238.8949737548828,1.183479905128479,0.9806147813796997,32.5625,Healthy,100.0
05:46:56,236.95013427734375,1.1298240423202515,0.988075852394104,32.5625,Healthy,99.26
05:46:58,236.62596130371094,1.0850075483322144,0.9836091995239258,32.5625,Healthy,99.93
05:46:59,237.27426147460938,1.1265023946762085,0.9855072498321533,32.625,Healthy,99.26
05:47:01,236.30181884765625,1.4680697917938232,0.987188458442688,32.625,Healthy,99.93
05:47:03,236.95013427734375,1.1733191013336182,0.9894137382507324,32.625,Healthy,99.26
05:47:04,237.27426147460938,1.189258098602295,0.9910771250724792,32.625,Healthy,99.26
05:47:06,237.27426147460938,1.1413339376449585,0.9881255030632019,32.625,Healthy,99.26
05:47:08,237.9225311279297,1.3487920761108398,0.9954586625099182,32.5625,Healthy,100.0
05:47:10,237.27426147460938,1.1722279787063599,0.9939664602279663,32.5625,Healthy,99.26
05:47:11,236.30181884765625,1.221784234046936,0.9870057702064514,32.5625,Healthy,99.93
05:47:13,237.9225311279297,1.322445273399353,0.9898375868797302,32.625,Healthy,100.0
05:47:15,237.27426147460938,1.1692613363265991,0.9914782643318176,32.625,Healthy,99.26
05:47:16,238.8949737548828,1.1710578203201294,0.9945016503334045,32.5625,Healthy,100.0
05:47:18,238.8949737548828,1.1239843368530273,0.9896617531776428,32.5625,Healthy,100.0
05:47:20,236.62596130371094,1.1740199327468872,0.9873548150062561,32.625,Healthy,99.93
05:47:22,237.9225311279297,1.1509037017822266,0.9819121360778809,32.625,Healthy,100.0
05:47:23,238.8949737548828,1.1699645519256592,0.9850085377693176,32.625,Healthy,100.0
05:47:25,237.9225311279297,1.166365385055542,0.9899232387542725,32.625,Healthy,100.0
05:47:27,237.27426147460938,1.197300672531128,0.9867053627967834,32.625,Healthy,99.26
05:47:28,237.27426147460938,1.1932477951049805,0.9958343505859375,32.625,Healthy,99.26
05:47:30,236.95013427734375,1.1448520421981812,0.9840732216835022,32.5625,Healthy,99.26
05:47:32,237.27426147460938,1.3727043867111206,0.9916955828666687,32.625,Healthy,99.26
05:47:34,237.59840393066406,1.191714882850647,0.9897341728210449,32.5625,Healthy,99.26
05:47:35,235.3293914794922,1.7651253938674927,0.9952394962310791,32.625,Healthy,99.93
05:47:37,239.2191162109375,1.1503475904464722,0.9912352561950684,32.625,Healthy,100.0
05:47:39,236.95013427734375,1.1474837064743042,0.9849170446395874,32.625,Healthy,99.26
05:47:40,237.59840393066406,1.1931712627410889,0.9968589544296265,32.625,Healthy,99.26
05:47:42,237.27426147460938,1.0767203569412231,0.9840385913848877,32.625,Healthy,99.26
05:47:44,236.95013427734375,1.216235637664795,0.9804060459136963,32.625,Healthy,99.26
05:47:45,237.59840393066406,1.1588181257247925,0.9879905581474304,32.625,Healthy,99.26
05:47:47,237.59840393066406,1.1452511548995972,0.9959231615066528,32.5625,Healthy,99.26
05:47:49,236.30181884765625,1.1764309406280518,0.9839725494384766,32.5625,Healthy,99.93
05:47:51,237.59840393066406,1.27300226688385,0.9940233826637268,32.5625,Healthy,99.26
05:47:52,236.30181884765625,1.2025564908981323,0.9906044602394104,32.625,Healthy,99.93
05:47:54,236.62596130371094,1.1483595371246338,0.9832215309143066,32.625,Healthy,99.93
05:47:56,238.8949737548828,1.668168544769287,0.9883608818054199,32.625,Healthy,100.0
05:47:57,237.9225311279297,1.134748101234436,0.9876604676246643,32.5625,Healthy,100.0
05:47:59,236.62596130371094,1.16322660446167,0.9913068413734436,32.625,Healthy,99.93
05:48:01,238.24667358398438,1.161418080329895,0.9888837337493896,32.625,Healthy,100.0
05:48:03,234.03280639648438,1.616579532623291,0.9947386980056763,32.5625,Healthy,99.93
05:48:04,237.59840393066406,1.138688087463379,0.9884154796600342,32.5625,Healthy,99.26
05:48:06,238.24667358398438,1.1481207609176636,0.9871142506599426,32.625,Healthy,100.0
05:48:08,236.62596130371094,1.171370029449463,0.989757239818573,32.625,Healthy,99.93
05:48:09,236.95013427734375,1.1607095003128052,0.9914911389350891,32.5625,Healthy,99.26
05:48:11,234.35694885253906,1.1840204000473022,0.9969580173492432,32.5625,Healthy,99.93
05:48:13,238.8949737548828,1.1528080701828003,0.9891167283058167,32.5625,Healthy,100.0
05:48:15,238.24667358398438,1.158186912536621,0.9907640814781189,32.5625,Healthy,100.0
05:48:16,237.27426147460938,1.1507447957992554,0.9862095713615417,32.5625,Healthy,99.26
05:48:18,237.9225311279297,1.164169192314148,0.9907524585723877,32.5625,Healthy,100.0
05:48:20,236.95013427734375,1.5831583738327026,0.988743782043457,32.625,Healthy,99.26
05:48:21,236.62596130371094,1.1747204065322876,0.9950175285339355,32.5625,Healthy,99.93
05:48:23,239.2191162109375,1.216085433959961,0.9919686317443848,32.625,Healthy,100.0
05:48:25,237.59840393066406,1.1968425512313843,0.9972416162490845,32.5625,Healthy,99.26
05:48:27,236.62596130371094,1.1308752298355103,0.98990398645401,32.5625,Healthy,99.93
05:48:28,237.9225311279297,1.1353118419647217,0.9873326420783997,32.5625,Healthy,100.0
05:48:30,237.9225311279297,1.1758092641830444,0.981134831905365,32.5625,Healthy,100.0
05:48:32,238.5708465576172,1.1396509408950806,0.9902656674385071,32.5625,Healthy,100.0
05:48:33,235.9776611328125,1.1394102573394775,0.9905312657356262,32.5625,Healthy,99.93
05:48:35,237.27426147460938,1.1673054695129395,0.9858728051185608,32.5625,Healthy,99.26
05:48:37,238.8949737548828,1.149234652519226,0.9965934753417969,32.5625,Healthy,100.0
05:48:39,236.95013427734375,1.2801620960235596,0.9892036318778992,32.5625,Healthy,99.26
05:48:40,236.62596130371094,1.1215420961380005,0.9878360033035278,32.5625,Healthy,99.93
05:48:42,236.62596130371094,1.1350703239440918,0.9902648329734802,32.5625,Healthy,99.93
05:48:44,236.95013427734375,1.711012840270996,0.9955343008041382,32.625,Healthy,99.26
05:48:45,238.24667358398438,1.2273075580596924,0.9910634160041809,32.5625,Healthy,100.0
05:48:47,237.9225311279297,1.1401320695877075,0.993650496006012,32.5625,Healthy,100.0
05:48:49,236.62596130371094,1.1667572259902954,0.9942365884780884,32.5625,Healthy,99.93
05:48:51,234.68109130859375,1.1676968336105347,0.9931275248527527,32.5,Healthy,99.93
05:48:52,237.9225311279297,1.0866910219192505,0.9888100028038025,32.5,Healthy,100.0
05:48:54,236.95013427734375,1.0984864234924316,0.9819923043251038,32.5625,Healthy,99.26
05:48:56,237.9225311279297,1.173085331916809,0.9909953474998474,32.5625,Healthy,100.0
05:48:57,237.59840393066406,1.2953510284423828,0.9822308421134949,32.5625,Healthy,99.26
05:48:59,237.9225311279297,1.1123771667480469,0.9851383566856384,32.5625,Healthy,100.0
05:49:01,236.95013427734375,1.205289602279663,0.9946812391281128,32.5625,Healthy,99.26
05:49:03,238.24667358398438,1.1283669471740723,0.9942253828048706,32.5625,Healthy,100.0
05:49:04,236.62596130371094,1.1720720529556274,0.9979268312454224,32.5625,Healthy,99.93
05:49:06,237.9225311279297,1.1872581243515015,0.9894825220108032,32.5625,Healthy,100.0
05:49:08,236.62596130371094,1.1371619701385498,0.9921151995658875,32.5625,Healthy,99.93
05:49:09,236.62596130371094,1.0974041223526,0.9807438850402832,32.5625,Healthy,99.93
05:49:11,238.5708465576172,1.1340229511260986,0.989421546459198,32.5625,Healthy,100.0
05:49:13,237.59840393066406,1.1681663990020752,0.9898175597190857,32.5625,Healthy,99.26
05:49:15,237.9225311279297,1.1566075086593628,0.9895249009132385,32.5625,Healthy,100.0
05:49:16,236.30181884765625,1.2489373683929443,0.984969437122345,32.5625,Healthy,99.93
05:49:18,237.59840393066406,1.12064528465271,0.9923070073127747,32.5625,Healthy,99.26
05:49:20,239.2191162109375,1.1035503149032593,0.9913058280944824,32.5625,Healthy,100.0
05:49:21,235.9776611328125,1.1552633047103882,0.9879167079925537,32.5625,Healthy,99.93
05:49:23,238.5708465576172,1.1728515625,0.9935137033462524,32.5625,Healthy,100.0
05:49:25,236.62596130371094,1.132732629776001,0.9866424202919006,32.5625,Healthy,99.93
05:49:26,236.62596130371094,1.6129570007324219,0.9881476759910583,32.5625,Healthy,99.93
05:49:28,237.59840393066406,1.1754205226898193,0.9878615736961365,32.625,Healthy,99.26
05:49:30,235.00521850585938,1.7479017972946167,0.9889674782752991,32.6875,Healthy,99.93
05:49:32,237.9225311279297,1.1972243785858154,0.9902215600013733,32.5,Healthy,100.0
05:49:33,235.6535186767578,1.1690267324447632,0.9900572896003723,32.5625,Healthy,99.93
05:49:35,237.27426147460938,1.1289339065551758,0.990920901298523,32.5625,Healthy,99.26
05:49:37,235.6535186767578,1.4154517650604248,0.9846162796020508,32.5,Healthy,99.93
05:49:38,237.9225311279297,1.2132259607315063,1.0019675493240356,32.5625,Healthy,100.0
05:49:40,237.9225311279297,1.208470344543457,0.9891332983970642,32.5,Healthy,100.0
05:49:42,236.95013427734375,1.2530289888381958,0.9870795607566833,32.5,Healthy,99.26
05:49:44,238.8949737548828,1.0881198644638062,0.9866344332695007,32.5625,Healthy,100.0
05:49:45,239.2191162109375,1.116641640663147,0.9884922504425049,32.625,Healthy,100.0
05:49:47,238.8949737548828,1.1618901491165161,0.9915750622749329,32.5625,Healthy,100.0
05:49:49,237.27426147460938,1.147722601890564,0.9864431023597717,32.5,Healthy,99.26
05:49:50,236.62596130371094,1.165267825126648,0.9857251644134521,32.5625,Healthy,99.93
05:49:52,236.95013427734375,1.1965370178222656,0.9876441955566406,32.5625,Healthy,99.26
05:49:54,237.9225311279297,1.2065781354904175,0.9935717582702637,32.5625,Healthy,100.0
05:49:56,237.27426147460938,1.1692613363265991,0.9874476790428162,32.5625,Healthy,99.26
05:49:57,237.9225311279297,1.161418080329895,0.995050847530365,32.5625,Healthy,100.0
05:49:59,235.9776611328125,1.7083933353424072,0.9911105632781982,32.5625,Healthy,99.93
05:50:01,237.27426147460938,1.1709016561508179,0.9918496608734131,32.5625,Healthy,99.26
05:50:02,239.2191162109375,1.1819342374801636,0.9836594462394714,32.5625,Healthy,100.0
05:50:04,236.30181884765625,1.1792246103286743,0.9949449300765991,32.625,Healthy,99.93
05:50:06,236.62596130371094,1.1673054695129395,0.9877155423164368,32.5,Healthy,99.93
05:50:08,237.9225311279297,1.1616541147232056,0.9866957068443298,32.5625,Healthy,100.0
05:50:09,232.73622131347656,1.1759647130966187,0.9916597604751587,32.5625,Healthy,99.93
05:50:11,235.9776611328125,1.8264565467834473,0.9896897077560425,32.625,Healthy,99.93
05:50:13,237.9225311279297,1.3618749380111694,0.99398273229599,32.6875,Healthy,100.0
05:50:14,235.9776611328125,1.173241138458252,0.9829078912734985,32.5625,Healthy,99.93
05:50:16,239.2191162109375,1.1672271490097046,0.9873390793800354,32.5,Healthy,100.0
05:50:18,236.62596130371094,1.4466204643249512,0.987709105014801,32.5,Healthy,99.93
05:50:20,237.27426147460938,1.1364383697509766,1.0049552917480469,32.5625,Healthy,99.26
05:50:21,237.27426147460938,1.2144306898117065,0.9907578229904175,32.5,Healthy,99.26
05:50:23,236.95013427734375,1.1912546157836914,0.9913228750228882,32.5625,Healthy,99.26
05:50:25,237.27426147460938,1.1538382768630981,0.9884877800941467,32.5,Healthy,99.26
05:50:26,236.95013427734375,1.2274564504623413,0.9856091737747192,32.5,Healthy,99.26
05:50:28,238.24667358398438,1.1940135955810547,0.9861623644828796,32.5625,Healthy,100.0
05:50:30,237.27426147460938,1.0588301420211792,0.9860741496086121,32.5625,Healthy,99.26
05:50:32,237.59840393066406,1.2418919801712036,0.987416684627533,32.5625,Healthy,99.26
05:50:33,237.9225311279297,1.1234149932861328,0.9874047040939331,32.5,Healthy,100.0
05:50:35,234.68109130859375,1.1644047498703003,0.9848915338516235,32.5625,Healthy,99.93
05:50:37,236.62596130371094,1.1687921285629272,0.994229793548584,32.5,Healthy,99.93
05:50:38,238.5708465576172,1.1291767358779907,0.9930179715156555,32.5,Healthy,100.0
05:50:40,237.59840393066406,1.1803866624832153,0.9873418807983398,32.5,Healthy,99.26
05:50:42,239.5432586669922,1.1644047498703003,0.9905558228492737,32.5625,Healthy,100.0
05:50:44,236.30181884765625,1.1570816040039062,0.9857611656188965,32.5,Healthy,99.93
05:50:45,236.30181884765625,1.2196128368377686,0.9866141676902771,32.5,Healthy,99.93
05:50:47,237.27426147460938,1.1797670125961304,0.9850463271141052,32.5,Healthy,99.26
05:50:49,237.9225311279297,1.148200273513794,0.9860892295837402,32.5,Healthy,100.0
05:50:50,237.59840393066406,1.1650325059890747,0.9877185225486755,32.5625,Healthy,99.26
05:50:52,237.59840393066406,1.1321676969528198,0.9955319762229919,32.5,Healthy,99.26
05:50:54,236.62596130371094,1.1390091180801392,0.9822050333023071,32.5,Healthy,99.93
05:50:56,237.59840393066406,1.087951898574829,0.9945135116577148,32.5,Healthy,99.26
05:50:57,237.27426147460938,1.1094151735305786,0.9923343658447266,32.5625,Healthy,99.26
05:50:59,239.2191162109375,1.1628336906433105,0.9897217750549316,32.5,Healthy,100.0
05:51:01,238.24667358398438,1.2528101205825806,0.9899984002113342,32.5,Healthy,100.0
05:51:02,237.27426147460938,1.1247159242630005,0.9846334457397461,32.5625,Healthy,99.26
05:51:04,236.30181884765625,1.597640872001648,0.9905967116355896,32.5,Healthy,99.93
05:51:06,237.9225311279297,1.1966898441314697,0.9873474836349487,32.5625,Healthy,100.0
05:51:07,236.95013427734375,1.1806963682174683,0.9852688312530518,32.5625,Healthy,99.26
05:51:09,238.8949737548828,1.13160240650177,0.9872936010360718,32.5625,Healthy,100.0
05:51:11,239.2191162109375,1.2064266204833984,0.9890469908714294,32.5625,Healthy,100.0
05:51:13,238.8949737548828,1.2380590438842773,0.9887024164199829,32.5,Healthy,100.0
05:51:14,237.59840393066406,1.1550259590148926,0.9874879121780396,32.5,Healthy,99.26
05:51:16,237.59840393066406,1.1380457878112793,0.9921053647994995,32.5,Healthy,99.26
05:51:18,237.27426147460938,1.127313494682312,0.988996684551239,32.5,Healthy,99.26
05:51:19,237.9225311279297,1.240492820739746,0.9861370325088501,32.5,Healthy,100.0
05:51:21,236.95013427734375,1.1374834775924683,0.9841701984405518,32.5,Healthy,99.26
05:51:23,239.5432586669922,1.2230552434921265,0.9863806366920471,32.5,Healthy,100.0
05:51:25,238.24667358398438,1.0946521759033203,0.9894222021102905,32.5,Healthy,100.0
05:51:26,237.9225311279297,1.1470853090286255,0.9963161945343018,32.5,Healthy,100.0
05:51:28,236.30181884765625,1.1407731771469116,0.9853386282920837,32.5,Healthy,99.93
05:51:30,240.1915740966797,1.1329747438430786,0.984870433807373,32.5,Healthy,100.0
05:51:31,236.62596130371094,1.119257926940918,0.9907016158103943,32.5,Healthy,99.93
05:51:33,237.59840393066406,1.1801543235778809,0.9906682372093201,32.5,Healthy,99.26
05:51:35,236.95013427734375,1.286429762840271,0.9912596940994263,32.4375,Healthy,99.26
05:51:37,237.27426147460938,1.1911011934280396,0.9826763868331909,32.5,Healthy,99.26
05:51:38,228.5223388671875,1.1542342901229858,0.9840480089187622,32.5,Healthy,99.93
05:51:40,237.9225311279297,1.1619688272476196,0.9957804083824158,32.5,Healthy,100.0
05:51:42,238.24667358398438,1.1125414371490479,0.9945926666259766,32.5,Healthy,100.0
05:51:43,236.30181884765625,1.1565284729003906,0.9886439442634583,32.5,Healthy,99.93
05:51:45,237.9225311279297,1.1446125507354736,0.9910534024238586,32.4375,Healthy,100.0
05:51:47,237.59840393066406,1.1525702476501465,0.9875723719596863,32.4375,Healthy,99.26
05:51:49,237.9225311279297,1.1475633382797241,0.9941532611846924,32.4375,Healthy,100.0
05:51:50,237.59840393066406,1.146288275718689,0.991918683052063,32.4375,Healthy,99.26
05:51:52,237.9225311279297,1.1593700647354126,0.9888077974319458,32.4375,Healthy,100.0
05:51:54,237.27426147460938,1.0946521759033203,0.9906348586082458,32.4375,Healthy,99.26
05:51:55,236.62596130371094,1.163069486618042,0.9893378615379333,32.5,Healthy,99.93
05:51:57,236.95013427734375,1.2359901666641235,0.9818243980407715,32.5,Healthy,99.26
05:51:59,236.95013427734375,1.1526495218276978,0.9963647127151489,32.5,Healthy,99.26
05:52:01,235.6535186767578,1.2937978506088257,0.9954814314842224,32.5,Healthy,99.93
05:52:02,236.62596130371094,1.1284480094909668,0.9901589751243591,32.5,Healthy,99.93
05:52:04,238.24667358398438,1.2298370599746704,0.9841994047164917,32.5,Healthy,100.0
05:52:06,237.59840393066406,1.1895654201507568,0.9861682653427124,32.5,Healthy,99.26
05:52:07,237.9225311279297,1.1819342374801636,0.9933621287345886,32.4375,Healthy,100.0
05:52:09,238.5708465576172,1.1136910915374756,0.9880189895629883,32.4375,Healthy,100.0
05:52:11,237.27426147460938,1.2163859605789185,0.9876773357391357,32.5,Healthy,99.26
05:52:13,236.62596130371094,1.1786043643951416,0.9845418930053711,32.4375,Healthy,99.93
05:52:14,237.27426147460938,1.1827845573425293,0.982047975063324,32.5,Healthy,99.26
05:52:16,238.24667358398438,1.1529666185379028,0.9867944717407227,32.4375,Healthy,100.0
05:52:18,237.27426147460938,1.1846377849578857,0.9878525733947754,32.5,Healthy,99.26
05:52:19,237.59840393066406,1.2121707201004028,0.9880933165550232,32.4375,Healthy,99.26
05:52:21,238.24667358398438,1.1488369703292847,0.9880676865577698,32.4375,Healthy,100.0
05:52:23,238.8949737548828,1.156686544418335,0.9872797727584839,32.4375,Healthy,100.0
05:52:25,237.27426147460938,1.1958492994308472,0.9884873032569885,32.4375,Healthy,99.26
05:52:26,237.59840393066406,1.1664438247680664,0.9894048571586609,32.4375,Healthy,99.26
05:52:28,238.24667358398438,1.1522529125213623,0.9892840385437012,32.5,Healthy,100.0
05:52:30,237.27426147460938,1.107353687286377,0.9910378456115723,32.4375,Healthy,99.26
05:52:31,235.3293914794922,1.4709309339523315,0.9963584542274475,32.5,Healthy,99.93
05:52:33,237.27426147460938,1.197911262512207,0.9965279698371887,32.5,Healthy,99.26
05:52:35,237.27426147460938,1.344244122505188,0.988147497177124,32.5,Healthy,99.26
05:52:37,237.9225311279297,1.1365991830825806,0.9862425923347473,32.4375,Healthy,100.0
05:52:38,236.95013427734375,1.1470853090286255,0.9858283996582031,32.5,Healthy,99.26
05:52:40,238.24667358398438,1.1780613660812378,0.9913129806518555,32.4375,Healthy,100.0
05:52:42,236.95013427734375,1.1811606884002686,0.9941441416740417,32.4375,Healthy,99.26
05:52:43,237.9225311279297,1.1251221895217896,0.9867706894874573,32.5,Healthy,100.0
05:52:45,237.9225311279297,1.1213791370391846,0.9874337315559387,32.4375,Healthy,100.0
05:52:47,239.2191162109375,1.1312793493270874,0.9869340062141418,32.4375,Healthy,100.0
05:52:49,238.5708465576172,1.160315752029419,0.9950152635574341,32.4375,Healthy,100.0
05:52:50,239.2191162109375,1.162912368774414,0.982276976108551,32.4375,Healthy,100.0
05:52:52,238.24667358398438,1.1624406576156616,0.987758994102478,32.4375,Healthy,100.0
05:52:54,237.27426147460938,1.1823208332061768,0.9906085133552551,32.5,Healthy,99.26
05:52:55,237.27426147460938,1.778023600578308,0.9929803013801575,32.5,Healthy,99.26
05:52:57,237.59840393066406,1.1514594554901123,0.9850026965141296,32.4375,Healthy,99.26
05:52:59,235.9776611328125,1.164090633392334,0.9827111959457397,32.5,Healthy,99.93
07:25:16,230.14305114746094,1.5224124193191528,0.9867905974388123,36.1875,Healthy,99.93
07:25:18,270.66119384765625,0.5981157422065735,0.987062394618988,36.1875,Healthy,92.16
07:25:19,241.48814392089844,1.278661847114563,0.9899410009384155,36.1875,Healthy,98.82
07:25:21,239.5432586669922,2.739976644515991,0.9896692633628845,36.1875,Healthy,100.0
07:25:23,239.5432586669922,0.34734559059143066,0.988318145275116,36.1875,Healthy,99.87
07:25:25,240.1915740966797,0.9864340424537659,0.9906536340713501,36.25,Healthy,100.0
07:25:26,238.24667358398438,1.0818861722946167,0.9896915555000305,36.25,Healthy,100.0
07:25:28,240.1915740966797,1.1686357259750366,0.9877710938453674,36.25,Healthy,100.0
07:25:30,240.1915740966797,1.0532909631729126,0.9922727346420288,36.25,Healthy,100.0
07:25:31,235.3293914794922,1.7043224573135376,0.9948633909225464,36.25,Healthy,99.93
07:25:33,239.867431640625,1.0668278932571411,0.9901411533355713,36.3125,Healthy,100.0
07:25:35,239.5432586669922,1.039577841758728,0.9848951697349548,36.25,Healthy,100.0
07:25:36,238.24667358398438,1.2527371644973755,0.9925836324691772,36.3125,Healthy,100.0
07:25:38,239.867431640625,1.0545918941497803,0.9888010621070862,36.3125,Healthy,100.0
07:25:40,236.62596130371094,1.0682834386825562,0.9929826855659485,36.25,Healthy,99.93
07:25:42,240.83982849121094,1.098652720451355,0.9873193502426147,36.3125,Healthy,100.0
07:25:43,238.8949737548828,1.1129522323608398,0.9881855249404907,36.3125,Healthy,100.0
07:25:45,240.1915740966797,1.2133766412734985,0.9811601042747498,36.3125,Healthy,100.0
07:25:47,239.867431640625,1.9594331979751587,0.9877382516860962,36.3125,Healthy,100.0
07:25:48,239.5432586669922,1.379015326499939,0.9927079081535339,36.3125,Healthy,100.0
07:25:50,239.2191162109375,1.0994844436645508,0.995695948600769,36.3125,Healthy,100.0
07:25:52,239.2191162109375,1.0842491388320923,0.989899754524231,36.3125,Healthy,100.0
07:25:54,238.5708465576172,1.0583984851837158,0.9865902662277222,36.375,Healthy,100.0
07:25:55,240.1915740966797,1.1823208332061768,0.9933452606201172,36.3125,Healthy,100.0
07:25:57,240.1915740966797,1.0661423206329346,0.9883979558944702,36.3125,Healthy,100.0
07:25:59,239.5432586669922,1.111143946647644,0.9878475069999695,36.3125,Healthy,100.0
07:26:00,239.5432586669922,1.0437895059585571,1.0008472204208374,36.3125,Healthy,100.0
07:26:02,239.867431640625,1.0795180797576904,0.9895219802856445,36.375,Healthy,100.0
07:26:04,241.1639862060547,1.0848389863967896,0.9847351312637329,36.375,Healthy,98.07
07:26:06,239.5432586669922,1.0786709785461426,0.9856986999511719,36.375,Healthy,100.0
07:26:07,239.867431640625,1.0543317794799805,0.9894829392433167,36.3125,Healthy,100.0
07:26:09,238.8949737548828,1.1167235374450684,0.9873149394989014,36.375,Healthy,100.0
07:26:11,239.5432586669922,1.0876158475875854,0.9911344051361084,36.375,Healthy,100.0
07:26:12,236.95013427734375,1.0917258262634277,0.9893534183502197,36.3125,Healthy,99.26
07:26:14,240.1915740966797,1.1123771667480469,0.9871734380722046,36.375,Healthy,100.0
07:26:16,239.867431640625,1.0899662971496582,0.9975491762161255,36.375,Healthy,100.0
07:26:18,239.5432586669922,1.1154131889343262,0.9924939870834351,36.375,Healthy,100.0
07:26:19,239.2191162109375,1.1022242307662964,0.9890445470809937,36.3125,Healthy,100.0
07:26:21,240.1915740966797,1.1040470600128174,0.9929988980293274,36.375,Healthy,100.0
07:26:23,239.867431640625,1.0633094310760498,0.9837204813957214,36.375,Healthy,100.0
07:26:24,239.5432586669922,1.1174598932266235,0.9899664521217346,36.375,Healthy,100.0
07:26:26,239.2191162109375,1.06717050075531,0.9880699515342712,36.375,Healthy,100.0
07:26:28,240.83982849121094,1.0363197326660156,0.9897507429122925,36.375,Healthy,100.0
07:26:30,238.24667358398438,1.0550251007080078,0.9898384213447571,36.375,Healthy,99.78
07:26:31,238.8949737548828,1.129581332206726,0.9850130081176758,36.375,Healthy,100.0
07:26:33,237.9225311279297,1.130471110343933,0.9951351881027222,36.375,Healthy,99.78
07:26:35,237.9225311279297,1.0928137302398682,0.9866929650306702,36.375,Healthy,99.78
07:26:36,239.2191162109375,1.0781625509262085,0.9927088618278503,36.375,Healthy,100.0
07:26:38,239.5432586669922,1.0968209505081177,0.9884609580039978,36.375,Healthy,100.0
07:26:40,236.62596130371094,1.1221123933792114,0.9862781763076782,36.375,Healthy,99.7
07:26:42,240.83982849121094,1.0519016981124878,0.9905849099159241,36.375,Healthy,100.0
07:26:43,239.867431640625,1.0870274305343628,0.9896294474601746,36.375,Healthy,100.0
07:26:45,240.1915740966797,1.020410180091858,0.9868053793907166,36.375,Healthy,100.0
07:26:47,237.27426147460938,1.1118018627166748,0.9849564433097839,36.375,Healthy,99.04
07:26:48,238.8949737548828,1.0890434980392456,0.9877577424049377,36.375,Healthy,100.0
07:26:50,239.5432586669922,1.053724765777588,0.989168107509613,36.3125,Healthy,100.0
07:26:52,240.1915740966797,1.0826462507247925,0.9937311410903931,36.375,Healthy,100.0
07:26:53,240.5157012939453,0.995197594165802,0.9945229887962341,36.375,Healthy,100.0
07:26:55,238.8949737548828,1.0793486833572388,0.9927789568901062,36.375,Healthy,100.0
07:26:57,240.5157012939453,1.0385222434997559,0.9826138615608215,36.375,Healthy,100.0
07:26:59,237.27426147460938,0.9937270283699036,0.9910577535629272,36.375,Healthy,99.04
07:27:01,237.9225311279297,1.0097852945327759,0.9938307404518127,36.375,Healthy,99.78
07:27:02,240.1915740966797,1.056323766708374,0.9897502660751343,36.3125,Healthy,100.0
07:27:04,239.867431640625,1.0192451477050781,0.9904352426528931,36.4375,Healthy,100.0
07:27:06,234.68109130859375,2.3906667232513428,1.3453431129455566,36.375,Warning,94.91
07:27:07,260.9368591308594,2.4270920753479004,0.9737443923950195,36.375,Healthy,92.94
07:27:09,189.9490509033203,2.3997488021850586,1.2830429077148438,36.375,Healthy,96.09
07:27:11,288.8133544921875,2.4431569576263428,1.4320491552352905,36.375,Warning,90.33
07:27:13,206.15631103515625,2.396737813949585,1.4813905954360962,36.375,Warning,94.91
07:27:14,266.7714538574219,2.4242284297943115,1.2338979244232178,36.375,Healthy,91.61
07:27:16,200.3217010498047,2.4719433784484863,1.1724454164505005,36.375,Healthy,98.76
07:27:18,284.2752990722656,2.3929977416992188,1.4322664737701416,36.375,Warning,90.33
07:27:19,204.5355987548828,2.355191469192505,1.9379042387008667,36.375,Warning,94.91
07:27:21,200.97000122070312,2.415579080581665,1.1658341884613037,36.3125,Healthy,97.65
07:27:23,290.7582092285156,2.432809591293335,1.5332059860229492,36.3125,Warning,90.33
07:27:25,209.72190856933594,2.4756011962890625,1.9289813041687012,36.375,Warning,92.88
07:27:26,191.2456512451172,2.5233588218688965,1.0178018808364868,36.375,Healthy,98.76
07:27:28,211.9909210205078,2.4273934364318848,1.0565156936645508,36.3125,Healthy,97.65
07:27:30,237.9225311279297,2.549663782119751,1.147994875907898,36.375,Healthy,99.78
07:27:31,282.6545715332031,2.434499502182007,1.5312646627426147,36.3125,Warning,90.33
07:27:33,190.27320861816406,2.4147841930389404,1.9562408924102783,36.3125,Warning,95.35
07:27:35,195.78366088867188,2.440162181854248,1.114902377128601,36.375,Healthy,98.76
07:27:37,257.3712463378906,2.4458863735198975,1.4082478284835815,36.3125,Warning,90.33
07:27:38,289.46160888671875,2.4705379009246826,1.9477208852767944,36.375,Warning,90.33
07:27:40,205.18389892578125,2.6286330223083496,1.7526284456253052,36.4375,Warning,92.88
07:27:42,239.5432586669922,2.4404618740081787,1.3403353691101074,36.375,Warning,98.25
07:27:43,286.22015380859375,2.424492359161377,1.3607289791107178,36.375,Warning,90.33
07:27:45,230.4672088623047,2.417999505996704,1.3446866273880005,36.375,Warning,94.91
07:27:47,237.27426147460938,2.432058095932007,0.9067386984825134,36.375,Healthy,98.43
07:27:49,254.77809143066406,2.4747519493103027,0.9119150042533875,36.375,Healthy,92.94
07:27:50,221.39112854003906,2.4635355472564697,1.6142789125442505,36.375,Warning,92.88
07:27:52,292.0548095703125,2.530484437942505,1.405668020248413,36.5,Warning,90.33
07:27:54,188.3283233642578,2.4892241954803467,1.6458370685577393,36.4375,Warning,92.88
07:27:55,265.7990417480469,2.4192087650299072,1.3534554243087769,36.4375,Warning,89.67
07:27:57,205.50802612304688,2.4686872959136963,1.659227728843689,36.4375,Warning,92.88
07:27:59,285.2477111816406,2.4650564193725586,0.8740447759628296,36.4375,Healthy,92.94
07:28:01,207.12875366210938,2.4497323036193848,1.4435796737670898,36.4375,Warning,92.88
07:28:02,210.04605102539062,2.471980333328247,1.5012743473052979,36.4375,Warning,92.88
07:28:04,196.4319610595703,2.7815263271331787,1.1492775678634644,36.5,Healthy,98.76
07:28:06,278.76483154296875,2.4518954753875732,1.593419075012207,36.5,Warning,90.33
07:28:07,235.6535186767578,1.176741600036621,1.0217608213424683,36.5,Healthy,99.7
07:28:09,239.867431640625,1.0165512561798096,0.9787576198577881,36.5,Healthy,100.0
07:28:11,239.867431640625,1.0754462480545044,0.9824445843696594,36.5,Healthy,100.0
07:28:12,238.8949737548828,1.0354373455047607,0.9939793944358826,36.5,Healthy,100.0
07:28:14,237.9225311279297,1.6858816146850586,0.9931508898735046,36.5,Healthy,99.78
07:28:16,238.24667358398438,1.029594898223877,0.9872199892997742,36.5625,Healthy,99.78
07:28:18,239.867431640625,1.047722578048706,0.9882347583770752,36.5625,Healthy,100.0
07:28:19,238.8949737548828,1.5656259059906006,0.9889002442359924,36.5625,Healthy,100.0
07:28:21,239.867431640625,1.0678554773330688,0.9962069392204285,36.5625,Healthy,100.0
07:28:23,240.5157012939453,1.0097852945327759,0.9844695925712585,36.625,Healthy,100.0
07:28:24,239.5432586669922,1.0718708038330078,0.9895718097686768,36.625,Healthy,100.0
07:28:26,240.1915740966797,1.2276054620742798,0.9872356653213501,36.625,Healthy,100.0
07:28:28,240.83982849121094,1.0428258180618286,0.995162844657898,36.625,Healthy,100.0
07:28:30,240.1915740966797,1.0160117149353027,0.9849357008934021,36.5625,Healthy,100.0
07:28:31,238.8949737548828,1.0165512561798096,0.9922693371772766,36.625,Healthy,100.0
07:28:33,240.5157012939453,1.042913556098938,0.9862381219863892,36.625,Healthy,100.0
07:28:35,240.1915740966797,1.0366723537445068,0.9890052080154419,36.625,Healthy,100.0
07:28:36,240.5157012939453,1.0568428039550781,0.9876095652580261,36.5625,Healthy,100.0
07:28:38,239.5432586669922,1.0678554773330688,0.989168107509613,36.625,Healthy,100.0
07:28:40,238.8949737548828,1.0899662971496582,0.9917647838592529,36.6875,Healthy,100.0
07:28:42,238.24667358398438,1.0075199604034424,0.9901167750358582,36.6875,Healthy,99.78
07:28:43,240.1915740966797,1.067513108253479,0.9870502948760986,36.625,Healthy,100.0
07:28:45,239.867431640625,1.0853444337844849,0.9876536726951599,36.6875,Healthy,100.0
07:28:47,240.5157012939453,1.0368486642837524,0.9897380471229553,36.625,Healthy,100.0
07:28:48,239.867431640625,1.0031559467315674,0.9834898710250854,36.6875,Healthy,100.0
07:28:50,238.8949737548828,1.054851770401001,0.9863772392272949,36.625,Healthy,100.0
07:28:52,239.867431640625,1.2970434427261353,0.9812124967575073,36.6875,Healthy,100.0
07:28:54,239.867431640625,1.0692241191864014,0.9898512959480286,36.6875,Healthy,100.0
07:28:55,240.1915740966797,1.033139705657959,0.9850620627403259,36.6875,Healthy,100.0
07:28:57,239.5432586669922,1.0472862720489502,0.9893105626106262,36.6875,Healthy,100.0
07:28:59,240.5157012939453,1.0208579301834106,0.9882157444953918,36.6875,Healthy,100.0
07:29:00,239.5432586669922,1.0853444337844849,0.990631103515625,36.6875,Healthy,100.0
07:29:02,240.5157012939453,1.043439269065857,0.9896900057792664,36.6875,Healthy,100.0
07:29:04,240.1915740966797,1.0767203569412231,0.9849058389663696,36.6875,Healthy,100.0
07:29:06,237.59840393066406,1.7366752624511719,0.9812520742416382,36.6875,Healthy,99.04
07:29:07,239.2191162109375,1.0982366800308228,0.9900214076042175,36.6875,Healthy,100.0
07:29:09,238.8949737548828,1.0678554773330688,0.9948094487190247,36.75,Healthy,100.0
07:29:11,240.1915740966797,1.035260796546936,0.9911690950393677,36.6875,Healthy,100.0
07:29:12,238.8949737548828,1.0661423206329346,0.9983906745910645,36.6875,Healthy,100.0
07:29:14,239.5432586669922,1.076635479927063,0.9923097491264343,36.6875,Healthy,100.0
07:29:16,238.24667358398438,1.050249457359314,0.9804247617721558,36.6875,Healthy,99.78
07:29:18,239.867431640625,1.0491174459457397,0.9858079552650452,36.75,Healthy,100.0
07:29:19,239.2191162109375,1.05666983127594,0.9901959896087646,36.75,Healthy,100.0
07:29:21,239.2191162109375,1.0236297845840454,0.9920227527618408,36.75,Healthy,100.0
07:29:23,237.9225311279297,1.046500563621521,0.9880678057670593,36.75,Healthy,99.78
07:29:24,238.8949737548828,1.033935546875,0.984250545501709,36.75,Healthy,100.0
07:29:26,240.5157012939453,1.0462385416030884,0.9878410696983337,36.75,Healthy,100.0
07:29:28,239.867431640625,1.0401930809020996,0.9863711595535278,36.75,Healthy,100.0
07:29:30,237.59840393066406,1.029772400856018,0.9987986087799072,36.75,Healthy,99.04
07:29:31,239.5432586669922,1.0214844942092896,0.9930499196052551,36.75,Healthy,100.0
07:29:33,239.867431640625,1.0454519987106323,0.9887124300003052,36.8125,Healthy,100.0
07:29:35,240.5157012939453,1.0214844942092896,0.987446129322052,36.75,Healthy,100.0
07:29:36,239.5432586669922,1.0338472127914429,0.9900485873222351,36.75,Healthy,100.0
07:29:38,238.8949737548828,1.3303697109222412,0.9939972758293152,36.8125,Healthy,100.0
07:29:40,240.1915740966797,1.7064661979675293,0.9864428043365479,36.75,Healthy,100.0
07:29:41,239.867431640625,1.1155771017074585,0.9915081262588501,36.75,Healthy,100.0
07:29:43,240.5157012939453,1.0646839141845703,0.98766028881073,36.75,Healthy,100.0
07:29:45,239.867431640625,1.04501473903656,0.989264965057373,36.75,Healthy,100.0
07:29:47,238.8949737548828,1.6960434913635254,0.9914517402648926,36.8125,Healthy,100.0
07:29:48,240.1915740966797,1.0247899293899536,0.9858707189559937,36.75,Healthy,100.0
07:29:50,239.2191162109375,1.078501582145691,0.9906573295593262,36.8125,Healthy,100.0
07:29:52,240.5157012939453,1.1199926137924194,0.9800130128860474,36.8125,Healthy,100.0
07:29:53,239.2191162109375,1.093816876411438,0.9941092133522034,36.8125,Healthy,100.0
07:29:55,240.1915740966797,1.074170708656311,0.9861193895339966,36.8125,Healthy,100.0
07:29:57,239.867431640625,1.0338472127914429,0.9870225191116333,36.8125,Healthy,100.0
07:29:59,240.5157012939453,1.0584847927093506,0.9847724437713623,36.8125,Healthy,100.0
07:30:00,237.9225311279297,1.8360893726348877,0.9850999712944031,36.8125,Healthy,99.78
07:30:02,240.1915740966797,1.0684545040130615,0.9916787147521973,36.8125,Healthy,100.0
07:30:04,241.48814392089844,1.1242282390594482,0.9849998354911804,36.8125,Healthy,98.82
07:30:05,238.24667358398438,1.0133994817733765,0.9977397918701172,36.875,Healthy,99.78
07:30:07,240.1915740966797,1.039577841758728,0.987061619758606,36.875,Healthy,100.0
07:30:09,239.867431640625,1.0301274061203003,0.9893309473991394,36.875,Healthy,100.0
07:30:11,239.867431640625,1.0077919960021973,0.9942808747291565,36.875,Healthy,100.0
07:30:12,239.867431640625,1.0250574350357056,0.9922592639923096,36.875,Healthy,100.0
07:30:14,239.5432586669922,1.0286178588867188,0.9851871728897095,36.875,Healthy,100.0
07:30:16,238.24667358398438,1.0857653617858887,0.989596426486969,36.875,Healthy,99.78
07:30:17,239.5432586669922,1.0803643465042114,0.9907789826393127,36.875,Healthy,100.0
07:30:19,239.867431640625,0.9980406165122986,0.990896999835968,36.875,Healthy,100.0
07:30:21,239.867431640625,0.9910560846328735,0.9906865954399109,36.9375,Healthy,100.0
07:30:23,239.867431640625,1.8610585927963257,0.9865550994873047,36.875,Healthy,100.0
07:30:24,239.5432586669922,1.0325201749801636,0.9914170503616333,36.875,Healthy,100.0
07:30:26,239.867431640625,1.0403687953948975,0.9872660040855408,36.875,Healthy,100.0
07:30:28,239.5432586669922,1.0598654747009277,0.983605146408081,36.9375,Healthy,100.0
07:30:29,240.83982849121094,0.995381236076355,0.9932494759559631,36.875,Healthy,100.0
07:30:31,236.30181884765625,1.0121359825134277,0.9826513528823853,36.875,Healthy,99.7
07:30:33,239.5432586669922,1.0382581949234009,0.9882883429527283,36.875,Healthy,100.0
07:30:35,236.95013427734375,1.2869980335235596,0.989795982837677,36.875,Healthy,99.04
07:30:36,240.1915740966797,1.0363197326660156,0.9926475882530212,36.875,Healthy,100.0
07:30:38,239.2191162109375,1.0097852945327759,0.9871704578399658,36.9375,Healthy,100.0
07:30:40,239.2191162109375,1.0688821077346802,0.9809282422065735,36.875,Healthy,100.0
07:30:41,239.5432586669922,1.0066123008728027,0.9896366596221924,36.875,Healthy,100.0
07:30:43,238.8949737548828,1.5955227613449097,0.9869946241378784,36.875,Healthy,100.0
07:30:45,240.5157012939453,1.1279618740081787,0.9852243065834045,36.875,Healthy,100.0
07:30:47,239.867431640625,1.129500389099121,0.9898493885993958,36.875,Healthy,100.0
07:30:48,239.2191162109375,1.0751062631607056,0.991770327091217,36.9375,Healthy,100.0
07:30:50,240.1915740966797,1.150188684463501,0.9918639063835144,36.9375,Healthy,100.0
07:30:52,240.83982849121094,1.0265721082687378,0.9803105592727661,36.9375,Healthy,100.0
07:30:53,240.1915740966797,1.0698223114013672,0.9905339479446411,36.875,Healthy,100.0
07:30:55,240.5157012939453,1.0904693603515625,0.9942769408226013,36.875,Healthy,100.0
07:30:57,240.83982849121094,1.1053708791732788,0.9926354885101318,36.9375,Healthy,100.0
07:30:58,240.83982849121094,1.0514671802520752,0.9840826988220215,36.875,Healthy,100.0
07:31:00,240.1915740966797,1.0655419826507568,0.9940276145935059,36.875,Healthy,100.0
07:31:02,239.867431640625,1.0842491388320923,0.991798460483551,36.875,Healthy,100.0
07:31:04,240.5157012939453,1.0419490337371826,0.986922025680542,36.875,Healthy,100.0
07:31:05,240.1915740966797,1.0414226055145264,0.989698052406311,36.875,Healthy,100.0
07:31:07,241.48814392089844,1.0238083600997925,0.9851551055908203,36.875,Healthy,98.82
07:31:09,239.867431640625,1.0459764003753662,0.9897189140319824,36.875,Healthy,100.0
07:31:10,240.1915740966797,1.0679410696029663,0.9892697334289551,36.8125,Healthy,100.0
07:31:12,236.95013427734375,1.6909701824188232,0.9877649545669556,36.8125,Healthy,99.04
07:31:14,237.59840393066406,0.9943706393241882,0.9888709783554077,36.875,Healthy,99.04
07:31:16,239.867431640625,1.0295060873031616,0.990654468536377,36.8125,Healthy,100.0
07:31:17,239.5432586669922,1.348995327949524,0.9958366751670837,36.875,Healthy,100.0
07:31:19,239.5432586669922,1.0125874280929565,0.987956166267395,36.8125,Healthy,100.0
07:31:21,239.867431640625,1.0651130676269531,0.987658679485321,36.875,Healthy,100.0
07:31:22,240.5157012939453,1.0654562711715698,0.990420401096344,36.875,Healthy,100.0
07:31:24,239.2191162109375,0.9968493580818176,0.98964923620224,36.875,Healthy,100.0
07:31:26,239.2191162109375,1.090050220489502,0.9952380657196045,36.875,Healthy,100.0
07:31:28,239.5432586669922,1.0585711002349854,0.9896884560585022,36.875,Healthy,100.0
07:31:29,239.867431640625,1.0642545223236084,0.9894728660583496,36.8125,Healthy,100.0
07:31:31,239.2191162109375,1.0123165845870972,0.9918946027755737,36.8125,Healthy,100.0
07:31:33,237.9225311279297,1.0413347482681274,0.9919512271881104,36.875,Healthy,99.78
07:31:34,239.867431640625,1.0279957056045532,0.9912800192832947,36.875,Healthy,100.0
07:31:36,239.5432586669922,0.9924384951591492,0.9920524954795837,36.875,Healthy,100.0
07:31:38,238.8949737548828,1.0509454011917114,0.9933741688728333,36.875,Healthy,100.0
07:31:40,239.5432586669922,1.0243438482284546,0.9865388870239258,36.875,Healthy,100.0
07:31:41,239.2191162109375,1.4881664514541626,0.9950555562973022,36.875,Healthy,100.0
07:31:43,239.5432586669922,1.0307482481002808,0.9870973825454712,36.8125,Healthy,100.0
07:31:45,237.27426147460938,1.0687110424041748,0.9943555593490601,36.9375,Healthy,99.04
07:31:46,239.867431640625,1.1180323362350464,0.9857597351074219,36.8125,Healthy,100.0
07:31:48,239.5432586669922,1.0641686916351318,0.9955862164497375,36.8125,Healthy,100.0
07:31:50,239.5432586669922,1.0558044910430908,0.9871797561645508,36.8125,Healthy,100.0
07:31:52,239.867431640625,1.0016058683395386,0.9867730736732483,36.8125,Healthy,100.0
07:31:53,240.1915740966797,1.0442272424697876,0.9924359321594238,36.8125,Healthy,100.0
07:31:55,240.5157012939453,1.0309256315231323,0.9905464053153992,36.8125,Healthy,100.0
07:31:57,240.1915740966797,1.0684545040130615,0.9934824109077454,36.8125,Healthy,100.0
07:31:58,239.867431640625,1.0564968585968018,0.9838539361953735,36.8125,Healthy,100.0
07:32:00,240.5157012939453,1.1022242307662964,0.9952172040939331,36.8125,Healthy,100.0
07:32:02,239.5432586669922,1.033935546875,0.9921442270278931,36.8125,Healthy,100.0
07:32:04,238.24667358398438,1.6248133182525635,0.9896844029426575,36.75,Healthy,99.78
07:32:05,238.8949737548828,1.538299322128296,0.9931156635284424,36.75,Healthy,100.0
07:32:07,239.2191162109375,1.1281239986419678,0.9911496043205261,36.75,Healthy,100.0
07:32:09,238.8949737548828,1.0623635053634644,0.9828948378562927,36.75,Healthy,100.0
07:32:10,239.867431640625,1.0282623767852783,0.9934598207473755,36.75,Healthy,100.0
07:32:12,240.5157012939453,1.0238083600997925,0.990782618522644,36.75,Healthy,100.0
07:32:14,239.867431640625,0.9877303838729858,0.9922118782997131,36.6875,Healthy,100.0
07:32:15,239.2191162109375,1.0587438344955444,0.9895062446594238,36.75,Healthy,100.0
07:32:17,239.2191162109375,1.0296835899353027,0.9940793514251709,36.6875,Healthy,100.0
07:32:19,238.24667358398438,1.7008867263793945,0.9832169413566589,36.75,Healthy,99.78
07:32:21,240.5157012939453,1.03481924533844,0.9909214973449707,36.75,Healthy,100.0
07:32:22,238.8949737548828,1.0398415327072144,0.9830898642539978,36.6875,Healthy,100.0
07:32:24,238.8949737548828,1.017449975013733,0.9850439429283142,36.6875,Healthy,100.0
07:32:26,239.5432586669922,1.0012407302856445,0.9854109287261963,36.6875,Healthy,100.0
07:32:27,239.867431640625,1.082392930984497,0.9874622225761414,36.6875,Healthy,100.0
07:32:29,238.24667358398438,1.0282623767852783,0.9939174056053162,36.6875,Healthy,99.78
07:32:31,240.5157012939453,1.0000532865524292,0.9897568821907043,36.6875,Healthy,100.0
07:32:33,238.24667358398438,1.130632758140564,0.9861254692077637,36.6875,Healthy,99.78
07:32:34,240.83982849121094,1.1191762685775757,0.9964166879653931,36.6875,Healthy,100.0
07:32:36,239.867431640625,1.0387862920761108,0.9953432083129883,36.6875,Healthy,100.0
07:32:38,240.83982849121094,1.0047037601470947,0.9888283014297485,36.6875,Healthy,100.0
07:32:39,240.1915740966797,1.0754462480545044,0.9928518533706665,36.625,Healthy,100.0
07:32:41,239.867431640625,1.0230045318603516,0.9858831763267517,36.625,Healthy,100.0
07:32:43,239.5432586669922,1.070932388305664,0.9924590587615967,36.625,Healthy,100.0
07:32:45,239.867431640625,1.0054312944412231,0.9868659377098083,36.6875,Healthy,100.0
07:32:46,239.2191162109375,1.0783320665359497,0.9920744299888611,36.625,Healthy,100.0
07:32:48,237.9225311279297,1.6815931797027588,0.9955976009368896,36.625,Healthy,99.78
07:32:50,239.867431640625,1.0204998254776,0.9909254312515259,36.625,Healthy,100.0
07:32:51,239.2191162109375,1.0076106786727905,0.9921720027923584,36.6875,Healthy,100.0
07:32:53,239.867431640625,1.0090609788894653,0.9878644347190857,36.6875,Healthy,100.0
07:32:55,239.2191162109375,1.0220212936401367,0.9894356727600098,36.625,Healthy,100.0
07:32:57,238.8949737548828,1.0467625856399536,0.9953306317329407,36.625,Healthy,100.0
07:32:58,239.867431640625,1.0413347482681274,0.9933672547340393,36.6875,Healthy,100.0
07:33:00,239.5432586669922,1.0145713090896606,0.9886077642440796,36.625,Healthy,100.0
07:33:02,239.2191162109375,1.0281734466552734,0.9924226403236389,36.625,Healthy,100.0
07:33:03,238.24667358398438,1.0365842580795288,0.9907571077346802,36.625,Healthy,99.78
07:33:05,239.867431640625,1.1036330461502075,0.9920886158943176,36.625,Healthy,100.0
07:33:07,239.5432586669922,1.0608998537063599,0.9869353175163269,36.6875,Healthy,100.0
07:33:08,240.1915740966797,1.0510324239730835,0.9871208667755127,36.6875,Healthy,100.0
07:33:10,239.2191162109375,1.0243438482284546,0.9866009950637817,36.6875,Healthy,100.0
07:33:12,240.83982849121094,1.0160117149353027,0.9859050512313843,36.6875,Healthy,100.0
07:33:14,240.83982849121094,1.0093326568603516,0.9977696537971497,36.625,Healthy,100.0
07:33:15,239.867431640625,1.04859459400177,0.9877032041549683,36.625,Healthy,100.0
07:33:17,236.62596130371094,1.0129483938217163,0.9877603054046631,36.625,Healthy,99.7
07:33:19,239.2191162109375,1.0117746591567993,0.9870639443397522,36.625,Healthy,100.0
07:33:20,239.5432586669922,1.0157418251037598,0.983457624912262,36.625,Healthy,100.0
07:33:22,240.83982849121094,1.0653704404830933,0.9905037879943848,36.625,Healthy,100.0
07:33:24,239.2191162109375,1.0356138944625854,0.9832674264907837,36.625,Healthy,100.0
07:33:26,239.5432586669922,1.0030648708343506,0.9915047287940979,36.5625,Healthy,100.0
07:33:27,241.1639862060547,1.035260796546936,0.9934070706367493,36.625,Healthy,98.07
07:33:29,237.9225311279297,1.2480589151382446,0.9924285411834717,36.625,Healthy,99.78
07:33:31,240.5157012939453,1.0195140838623047,0.9920584559440613,36.5625,Healthy,100.0
07:33:32,240.5157012939453,1.042650580406189,0.9945862889289856,36.5625,Healthy,100.0
07:33:34,239.2191162109375,1.0086079835891724,0.9833943843841553,36.5625,Healthy,100.0
07:33:36,239.2191162109375,1.0148415565490723,0.9944848418235779,36.5625,Healthy,100.0
07:33:38,239.867431640625,1.0236297845840454,0.9885179996490479,36.5625,Healthy,100.0
07:33:39,239.2191162109375,0.9533565640449524,0.9910982847213745,36.5,Healthy,100.0
07:33:41,239.867431640625,0.9739387631416321,0.9860360026359558,36.5625,Healthy,100.0
07:33:43,240.1915740966797,0.9788066148757935,0.9872509837150574,36.5625,Healthy,100.0
07:33:44,239.867431640625,0.9816039800643921,0.9892000555992126,36.5,Healthy,100.0
07:33:46,236.95013427734375,1.4842920303344727,0.9917676448822021,36.5625,Healthy,99.04
07:33:48,240.83982849121094,0.9736571907997131,0.9900556802749634,36.5625,Healthy,100.0
07:33:50,241.1639862060547,1.011413335800171,0.9865994453430176,36.5625,Healthy,98.07
07:33:51,240.1915740966797,0.9723420739173889,0.9852063059806824,36.5625,Healthy,100.0
07:33:53,238.8949737548828,1.0152016878128052,0.9983538389205933,36.5625,Healthy,100.0
07:33:55,240.83982849121094,1.0574480295181274,0.9933439493179321,36.5625,Healthy,100.0
07:33:56,240.83982849121094,1.0068846940994263,0.9896159172058105,36.5,Healthy,100.0
07:33:58,239.2191162109375,1.1130342483520508,0.9815427660942078,36.5,Healthy,100.0
07:34:00,239.867431640625,1.0090609788894653,0.9834332466125488,36.5625,Healthy,100.0
07:34:02,238.8949737548828,1.0739153623580933,0.9918407201766968,36.5625,Healthy,100.0
07:34:03,240.1915740966797,1.0437020063400269,0.9838443994522095,36.5625,Healthy,100.0
07:34:05,240.1915740966797,1.0505105257034302,0.9885609745979309,36.5,Healthy,100.0
07:34:07,240.5157012939453,1.0250574350357056,0.9875699281692505,36.5625,Healthy,100.0
07:34:08,237.59840393066406,1.0018795728683472,0.989436686038971,36.5,Healthy,99.04
07:34:10,238.8949737548828,1.0236297845840454,0.9913058876991272,36.5,Healthy,100.0
07:34:12,240.1915740966797,1.0211265087127686,0.9875032305717468,36.5,Healthy,100.0
07:34:14,240.1915740966797,1.0338472127914429,0.9880593419075012,36.5,Healthy,100.0
07:34:15,238.8949737548828,1.0008755922317505,0.9886918067932129,36.5,Healthy,100.0
07:34:17,239.867431640625,1.04859459400177,0.9917893409729004,36.5,Healthy,100.0
07:34:19,240.1915740966797,1.0707616806030273,0.9825683832168579,36.5,Healthy,100.0
07:34:20,239.867431640625,1.0234512090682983,0.9924550652503967,36.5,Healthy,100.0
07:34:22,239.5432586669922,1.5393683910369873,0.9929744005203247,36.5625,Healthy,100.0
07:34:24,239.5432586669922,1.4744685888290405,0.9869996905326843,36.5625,Healthy,100.0
07:34:25,239.867431640625,0.9932669997215271,0.9880412220954895,36.5,Healthy,100.0
07:34:27,240.1915740966797,1.0571887493133545,0.9919269680976868,36.5,Healthy,100.0
07:34:29,237.9225311279297,1.6287462711334229,0.9884423613548279,36.4375,Healthy,99.78
07:34:31,240.1915740966797,1.0728936195373535,0.9820098876953125,36.4375,Healthy,100.0
07:34:32,239.2191162109375,1.0538115501403809,0.9909530282020569,36.4375,Healthy,100.0
07:34:34,240.83982849121094,1.0286178588867188,0.9836012721061707,36.375,Healthy,100.0
07:34:36,237.9225311279297,0.9965742230415344,0.9893837571144104,36.4375,Healthy,99.78
07:34:37,238.24667358398438,1.0972375869750977,0.9866935014724731,36.5,Healthy,99.78
07:34:39,239.867431640625,1.0113229751586914,0.9937084913253784,36.4375,Healthy,100.0
07:34:41,240.1915740966797,0.9827207326889038,0.9876540899276733,36.4375,Healthy,100.0
07:34:43,239.5432586669922,0.9958402514457703,0.9845225214958191,36.5,Healthy,100.0
07:34:44,241.1639862060547,1.044052243232727,0.9853098392486572,36.4375,Healthy,98.07
07:34:46,239.2191162109375,1.516276240348816,0.9888256192207336,36.4375,Healthy,100.0
07:34:48,241.1639862060547,1.062191367149353,0.9908407330513,36.4375,Healthy,98.07
07:34:49,240.1915740966797,1.650431513786316,0.9910750389099121,36.4375,Healthy,100.0
07:34:51,239.5432586669922,1.0714443922042847,0.9887217283248901,36.4375,Healthy,100.0
07:34:53,240.5157012939453,0.9920700192451477,0.9880998730659485,36.375,Healthy,100.0
07:34:55,239.2191162109375,1.0396658182144165,0.9861046671867371,36.375,Healthy,100.0
07:34:56,240.83982849121094,1.0184377431869507,0.984411895275116,36.4375,Healthy,100.0
07:34:58,240.1915740966797,1.0271061658859253,0.990017294883728,36.375,Healthy,100.0
07:35:00,240.1915740966797,1.089882493019104,0.9826791286468506,36.4375,Healthy,100.0
07:35:01,237.27426147460938,1.0034292936325073,0.9924426078796387,36.4375,Healthy,99.04
07:35:03,240.1915740966797,0.9835574626922607,0.9877698421478271,36.375,Healthy,100.0
07:35:05,239.5432586669922,1.046675205230713,0.9863954782485962,36.375,Healthy,100.0
07:35:07,240.5157012939453,1.0200518369674683,0.9886798858642578,36.375,Healthy,100.0
07:35:08,240.1915740966797,1.0815482139587402,0.9943093657493591,36.3125,Healthy,100.0
07:35:10,239.2191162109375,0.9974910020828247,0.9895517230033875,36.375,Healthy,100.0
07:35:12,239.5432586669922,1.0519886016845703,0.9854387044906616,36.375,Healthy,100.0
07:35:13,240.5157012939453,1.0037025213241577,0.9900968074798584,36.3125,Healthy,100.0
07:35:15,239.2191162109375,1.0422121286392212,0.9983546137809753,36.3125,Healthy,100.0
07:35:17,240.5157012939453,1.0065215826034546,0.9908952713012695,36.3125,Healthy,100.0
07:35:18,238.8949737548828,1.0157418251037598,0.9915534853935242,36.3125,Healthy,100.0
07:35:20,237.59840393066406,1.2889140844345093,0.9922191500663757,36.3125,Healthy,99.26
07:35:22,239.867431640625,1.0171804428100586,0.9750819206237793,36.3125,Healthy,100.0
07:35:24,239.867431640625,0.9616613388061523,0.9936155676841736,36.25,Healthy,100.0
07:35:25,239.5432586669922,0.9801130294799805,0.9902759790420532,36.3125,Healthy,100.0
07:35:27,240.1915740966797,1.1463680267333984,0.9823516607284546,36.375,Healthy,100.0
07:35:29,240.5157012939453,1.0256813764572144,0.9809390902519226,36.25,Healthy,100.0
07:35:30,240.1915740966797,1.074851155281067,0.9867103695869446,36.3125,Healthy,100.0
07:35:32,240.1915740966797,1.0409836769104004,0.9955166578292847,36.3125,Healthy,100.0
07:35:34,238.24667358398438,1.005340337753296,0.9920159578323364,36.25,Healthy,100.0
07:35:36,238.24667358398438,1.026394009590149,0.9850620627403259,36.25,Healthy,100.0
07:35:37,239.867431640625,1.0651987791061401,0.9940521717071533,36.25,Healthy,100.0
07:35:39,240.5157012939453,1.0027915239334106,0.9836715459823608,36.25,Healthy,100.0
07:35:41,239.2191162109375,1.4015649557113647,0.9894871115684509,36.25,Healthy,100.0
07:35:42,241.1639862060547,1.4797282218933105,0.9919986724853516,36.3125,Healthy,98.07
07:35:44,239.867431640625,1.0487688779830933,0.986406683921814,36.25,Healthy,100.0
07:35:46,238.8949737548828,1.028084635734558,0.9824401140213013,36.1875,Healthy,100.0
07:35:48,238.8949737548828,1.0181684494018555,0.9864292144775391,36.1875,Healthy,100.0
07:35:49,239.5432586669922,1.056064248085022,0.9935545921325684,36.1875,Healthy,100.0
07:35:51,236.95013427734375,1.7597318887710571,0.9831147789955139,36.1875,Healthy,99.26
07:35:53,239.2191162109375,1.0603828430175781,0.9959178566932678,36.1875,Healthy,100.0
07:35:54,239.867431640625,1.0276399850845337,0.9876611828804016,36.1875,Healthy,100.0
07:35:56,240.5157012939453,1.0607274770736694,0.991095781326294,36.1875,Healthy,100.0
07:35:58,239.867431640625,1.0065215826034546,0.9888512492179871,36.125,Healthy,100.0
07:36:00,239.867431640625,1.0255922079086304,0.9878495931625366,36.1875,Healthy,100.0
07:36:01,240.5157012939453,1.049378752708435,0.9911583065986633,36.1875,Healthy,100.0
07:36:03,238.24667358398438,1.3087587356567383,0.9868281483650208,36.125,Healthy,100.0
07:36:05,240.1915740966797,1.1289339065551758,0.9957616925239563,36.1875,Healthy,100.0
07:36:06,239.867431640625,1.0516409873962402,0.9960358738899231,36.1875,Healthy,100.0
07:36:08,239.867431640625,1.041247010231018,0.9930232167243958,36.125,Healthy,100.0
07:36:10,240.83982849121094,1.0668278932571411,0.9911453127861023,36.125,Healthy,100.0
07:36:12,239.867431640625,1.0675987005233765,0.9828363656997681,36.125,Healthy,100.0
07:36:13,239.5432586669922,1.038346290588379,0.9834914207458496,36.125,Healthy,100.0
07:36:15,240.1915740966797,1.0305708646774292,0.986988365650177,36.125,Healthy,100.0
07:36:17,239.867431640625,1.0809564590454102,0.9921630024909973,36.125,Healthy,100.0
07:36:18,240.5157012939453,1.061674952507019,0.9882476329803467,36.0625,Healthy,100.0
07:36:20,239.867431640625,1.0402809381484985,0.990402340888977,36.125,Healthy,100.0
07:36:22,239.5432586669922,1.085597038269043,0.9893887042999268,36.125,Healthy,100.0
07:36:23,239.867431640625,1.033405065536499,0.9928444027900696,36.0625,Healthy,100.0
07:36:25,238.24667358398438,1.0423874855041504,0.9871558547019958,36.0625,Healthy,100.0
07:36:27,237.27426147460938,1.762845516204834,0.9876014590263367,36.0625,Healthy,99.26
07:36:29,237.9225311279297,1.487244963645935,0.9944236874580383,36.0625,Healthy,100.0
07:36:30,239.5432586669922,1.050423502922058,0.9942459464073181,36.0625,Healthy,100.0
07:36:32,239.867431640625,1.079094648361206,0.9938661456108093,36.0625,Healthy,100.0
07:36:34,238.8949737548828,1.0760411024093628,0.9955824017524719,36.0625,Healthy,100.0
07:36:35,239.867431640625,1.020231008529663,0.9929096102714539,36.0625,Healthy,100.0
07:36:37,237.27426147460938,1.0361433029174805,0.9900822639465332,36.0625,Healthy,99.26
07:36:39,240.1915740966797,1.0071569681167603,0.987787663936615,36.0625,Healthy,100.0
07:36:41,239.2191162109375,1.0299499034881592,0.9895675778388977,36.0625,Healthy,100.0
07:36:42,240.5157012939453,1.066056489944458,0.9839216470718384,36.0625,Healthy,100.0
07:36:44,240.5157012939453,1.02398681640625,0.9802417159080505,36.0625,Healthy,100.0
07:36:46,239.2191162109375,1.0050675868988037,0.9958837032318115,36.0,Healthy,100.0
07:36:47,240.83982849121094,1.016371488571167,0.9883863925933838,36.0625,Healthy,100.0
07:36:49,238.8949737548828,1.0490303039550781,0.9865499138832092,36.0625,Healthy,100.0
07:36:51,238.8949737548828,1.0381702184677124,0.9865353107452393,36.0625,Healthy,100.0
07:36:53,240.5157012939453,1.0192451477050781,0.9963166117668152,36.0,Healthy,100.0
07:36:54,239.5432586669922,1.0646839141845703,0.9935431480407715,36.0625,Healthy,100.0
07:36:56,239.2191162109375,1.0435267686843872,0.9846025705337524,36.0,Healthy,100.0
07:36:58,241.1639862060547,1.0492045879364014,0.9851996302604675,35.9375,Healthy,98.07
07:36:59,237.9225311279297,1.0801105499267578,0.9911222457885742,36.0,Healthy,100.0
07:37:01,238.8949737548828,1.109332799911499,0.9841488003730774,36.0,Healthy,100.0
07:37:03,238.8949737548828,1.0446648597717285,0.9875607490539551,36.0,Healthy,100.0
07:37:05,240.1915740966797,1.0431764125823975,0.9838082194328308,35.9375,Healthy,100.0
07:37:06,239.2191162109375,1.090720772743225,0.9904689192771912,36.0,Healthy,100.0
07:37:08,238.8949737548828,1.0261268615722656,0.9905056953430176,36.0,Healthy,100.0
07:37:10,240.1915740966797,1.0263049602508545,0.9911518096923828,35.9375,Healthy,100.0
07:37:11,239.5432586669922,1.0316345691680908,0.9902960658073425,35.9375,Healthy,100.0
07:37:13,240.5157012939453,1.0622774362564087,0.9870140552520752,35.9375,Healthy,100.0
07:37:15,238.5708465576172,1.0692241191864014,0.9894622564315796,35.9375,Healthy,100.0
07:37:17,239.2191162109375,1.015651822090149,0.9883993268013,35.9375,Healthy,100.0
07:37:18,240.1915740966797,1.0487688779830933,0.9879180788993835,35.9375,Healthy,100.0
07:37:20,238.8949737548828,1.7324069738388062,0.9891149401664734,35.9375,Healthy,100.0
07:37:22,240.5157012939453,1.0688821077346802,0.9890691041946411,35.875,Healthy,100.0
07:37:23,238.8949737548828,1.4313125610351562,0.9891560673713684,35.875,Healthy,100.0
07:37:25,237.9225311279297,1.0413347482681274,0.9876193404197693,35.875,Healthy,100.0
07:37:27,240.1915740966797,1.1034674644470215,0.9803405404090881,35.875,Healthy,100.0
07:37:28,236.95013427734375,1.6650974750518799,0.9935036897659302,35.875,Healthy,99.26
07:37:30,240.5157012939453,1.0152016878128052,0.9944762587547302,35.8125,Healthy,100.0
07:37:32,239.5432586669922,1.0585711002349854,0.9920265078544617,35.9375,Healthy,100.0
07:37:34,240.5157012939453,1.0519016981124878,0.9847042560577393,35.875,Healthy,100.0
07:37:35,240.1915740966797,1.0472862720489502,0.9905800819396973,35.875,Healthy,100.0
07:37:37,239.867431640625,1.6954505443572998,0.9834014773368835,35.8125,Healthy,100.0
07:37:39,239.867431640625,1.0530306100845337,0.9920073747634888,35.8125,Healthy,100.0
07:37:40,239.5432586669922,1.0315459966659546,0.983123242855072,35.8125,Healthy,100.0
07:37:42,239.5432586669922,1.1064453125,0.9929152727127075,35.8125,Healthy,100.0
07:37:44,239.5432586669922,1.0230045318603516,0.9825081825256348,35.875,Healthy,100.0
07:37:46,239.867431640625,1.048245906829834,0.9883844256401062,35.8125,Healthy,100.0
07:37:47,240.1915740966797,1.018976092338562,0.9864819049835205,35.8125,Healthy,100.0
07:37:49,238.8949737548828,1.0461511611938477,0.9884011745452881,35.8125,Healthy,100.0
07:37:51,239.2191162109375,1.4077465534210205,0.9964310526847839,35.875,Healthy,100.0
07:37:52,240.1915740966797,1.0361433029174805,0.9825326204299927,35.8125,Healthy,100.0
07:37:54,240.5157012939453,1.1367599964141846,0.9946138262748718,35.875,Healthy,100.0
07:37:56,238.8949737548828,1.04501473903656,0.989881157875061,35.8125,Healthy,100.0
07:37:58,240.1915740966797,0.9849503636360168,0.9899411797523499,35.8125,Healthy,100.0
07:37:59,240.5157012939453,1.0117746591567993,0.9741244912147522,35.8125,Healthy,100.0
07:38:01,235.00521850585938,1.683603048324585,0.9836440682411194,35.8125,Healthy,99.93
07:38:03,240.5157012939453,1.046675205230713,0.9907083511352539,35.8125,Healthy,100.0
07:38:04,239.867431640625,1.0401930809020996,0.9863706827163696,35.8125,Healthy,100.0
07:38:06,239.5432586669922,1.0865228176116943,0.9889395236968994,35.8125,Healthy,100.0
07:38:08,240.1915740966797,1.0327857732772827,0.981140673160553,35.8125,Healthy,100.0
07:38:10,239.2191162109375,1.0173602104187012,0.9897283315658569,35.8125,Healthy,100.0
07:38:11,239.867431640625,1.0516409873962402,0.9843057990074158,35.8125,Healthy,100.0
07:38:13,239.5432586669922,1.0837432146072388,0.9881615042686462,35.8125,Healthy,100.0
07:38:15,239.867431640625,1.0209474563598633,0.9806258678436279,35.8125,Healthy,100.0
07:38:16,239.2191162109375,1.6931848526000977,0.9887190461158752,35.8125,Healthy,100.0
07:38:18,240.1915740966797,1.0048856735229492,0.9821251034736633,35.8125,Healthy,100.0
07:38:20,238.8949737548828,1.1799993515014648,0.9879688024520874,35.8125,Healthy,100.0
07:38:21,239.867431640625,1.0387862920761108,0.9861812591552734,35.8125,Healthy,100.0
07:38:23,239.5432586669922,1.0072476863861084,0.9856935739517212,35.8125,Healthy,100.0
07:38:25,239.867431640625,1.0130386352539062,0.987154483795166,35.8125,Healthy,100.0
07:38:27,239.867431640625,1.0478971004486084,0.9950152039527893,35.8125,Healthy,100.0
07:38:28,239.867431640625,1.0413347482681274,0.9834211468696594,35.8125,Healthy,100.0
07:38:30,238.8949737548828,1.0344659090042114,0.987309455871582,35.8125,Healthy,100.0
07:38:32,235.3293914794922,1.0336703062057495,0.9964494705200195,35.75,Healthy,99.93
07:38:33,239.867431640625,1.0464131832122803,0.9835982322692871,35.75,Healthy,100.0
07:38:35,240.5157012939453,1.017809271812439,0.9864829778671265,35.8125,Healthy,100.0
07:38:37,239.867431640625,1.0514671802520752,0.992698609828949,35.8125,Healthy,100.0
07:38:39,239.5432586669922,1.0480715036392212,0.9876818656921387,35.75,Healthy,100.0
07:38:40,239.867431640625,1.0599517822265625,0.9833097457885742,35.75,Healthy,100.0
07:38:42,239.867431640625,1.0328742265701294,0.9898512959480286,35.75,Healthy,100.0
07:38:44,238.8949737548828,1.0214844942092896,0.991212785243988,35.75,Healthy,100.0
07:38:45,239.5432586669922,1.0325201749801636,0.9861127734184265,35.75,Healthy,100.0
07:38:47,239.2191162109375,1.0162814855575562,0.9860396385192871,35.75,Healthy,100.0
07:38:49,240.1915740966797,1.1923283338546753,0.9896496534347534,35.8125,Healthy,100.0
07:38:51,239.867431640625,0.9886553287506104,0.9835832118988037,35.75,Healthy,100.0
07:38:52,239.867431640625,1.0268391370773315,0.9896766543388367,35.75,Healthy,100.0
07:38:54,240.1915740966797,1.047460913658142,0.9899023771286011,35.75,Healthy,100.0
07:38:56,239.5432586669922,0.9928988814353943,0.9955953359603882,35.75,Healthy,100.0
07:38:57,240.1915740966797,1.0257705450057983,0.9936330318450928,35.75,Healthy,100.0
07:38:59,238.8949737548828,1.051206350326538,0.9838016629219055,35.75,Healthy,100.0
07:39:01,239.867431640625,0.9862486720085144,0.9907634854316711,35.75,Healthy,100.0
07:39:03,238.24667358398438,1.0308369398117065,0.9859181642532349,35.6875,Healthy,100.0
07:39:04,240.83982849121094,1.0128581523895264,0.9880920052528381,35.6875,Healthy,100.0
07:39:06,239.5432586669922,1.0464131832122803,0.9867690801620483,35.6875,Healthy,100.0
07:39:08,240.5157012939453,1.079179286956787,0.9899010062217712,35.6875,Healthy,100.0
07:39:09,240.1915740966797,1.0162814855575562,0.982506513595581,35.6875,Healthy,100.0
07:39:11,239.867431640625,1.0118650197982788,0.9931166768074036,35.6875,Healthy,100.0
07:39:13,238.24667358398438,1.0277289152145386,0.9897148013114929,35.6875,Healthy,100.0
07:39:15,240.83982849121094,1.0485074520111084,0.9948572516441345,35.6875,Healthy,100.0
07:39:16,240.83982849121094,1.0377298593521118,0.985923707485199,35.6875,Healthy,100.0
07:39:18,238.8949737548828,1.0541584491729736,0.9932747483253479,35.6875,Healthy,100.0
07:39:20,239.867431640625,1.079094648361206,0.9878495335578918,35.6875,Healthy,100.0
07:39:21,240.1915740966797,1.0843334197998047,0.9938450455665588,35.625,Healthy,100.0
07:39:23,240.1915740966797,1.022200107574463,0.9902427196502686,35.625,Healthy,100.0
07:39:25,240.1915740966797,1.0082454681396484,0.9884299039840698,35.625,Healthy,100.0
07:39:26,240.1915740966797,1.015291690826416,0.9920046925544739,35.6875,Healthy,100.0
07:39:28,238.8949737548828,1.0170906782150269,0.9889000058174133,35.625,Healthy,100.0
07:39:30,237.9225311279297,1.0188863277435303,0.9890068173408508,35.625,Healthy,100.0
07:39:32,239.867431640625,1.0780776739120483,0.9937585592269897,35.625,Healthy,100.0
07:39:33,239.2191162109375,1.0607274770736694,0.9837952852249146,35.625,Healthy,100.0
07:39:35,239.5432586669922,1.0320775508880615,0.9907821416854858,35.625,Healthy,100.0
07:39:37,239.867431640625,1.0249682664871216,0.9863584041595459,35.625,Healthy,100.0
07:39:38,238.8949737548828,1.0012407302856445,0.9921257495880127,35.625,Healthy,100.0
07:39:40,239.2191162109375,1.0613305568695068,0.9854161143302917,35.5625,Healthy,100.0
07:39:42,238.24667358398438,1.0513801574707031,1.0012580156326294,35.625,Healthy,100.0
07:39:44,240.5157012939453,1.3453994989395142,0.9865186810493469,35.625,Healthy,100.0
07:39:45,239.867431640625,1.0160117149353027,0.989161491394043,35.625,Healthy,100.0
07:39:47,240.1915740966797,1.0624494552612305,0.9933609366416931,35.625,Healthy,100.0
07:39:49,240.1915740966797,1.1328940391540527,0.9861515760421753,35.625,Healthy,100.0
07:39:50,239.5432586669922,1.02621591091156,0.9900216460227966,35.625,Healthy,100.0
07:39:52,240.1915740966797,1.073830246925354,0.9924359321594238,35.5625,Healthy,100.0
07:39:54,239.5432586669922,1.022825837135315,0.9830445647239685,35.5625,Healthy,100.0
07:39:56,241.1639862060547,1.0243438482284546,0.9891260862350464,35.5625,Healthy,98.07
07:39:57,240.83982849121094,1.0366723537445068,0.9835980534553528,35.5625,Healthy,100.0
07:39:59,240.1915740966797,1.0260378122329712,0.9868069291114807,35.5625,Healthy,100.0
07:40:01,240.5157012939453,1.0519016981124878,0.9939144849777222,35.5625,Healthy,100.0
07:40:02,239.867431640625,1.0632234811782837,0.984707236289978,35.5625,Healthy,100.0
07:40:04,239.5432586669922,1.0301274061203003,0.9865759015083313,35.5625,Healthy,100.0
07:40:06,239.5432586669922,1.055977702140808,0.9928449392318726,35.5625,Healthy,100.0
07:40:08,239.867431640625,1.0243438482284546,0.9887259602546692,35.5625,Healthy,100.0
07:40:09,239.2191162109375,1.0431764125823975,0.991478681564331,35.5625,Healthy,100.0
07:40:11,239.5432586669922,1.1204822063446045,0.9905028343200684,35.5625,Healthy,100.0
07:40:13,239.867431640625,1.0236297845840454,0.9906281232833862,35.5,Healthy,100.0
07:40:14,240.1915740966797,1.0392260551452637,0.985912024974823,35.5625,Healthy,100.0
07:40:16,239.867431640625,1.0404566526412964,0.9879900813102722,35.5625,Healthy,100.0
07:40:18,239.2191162109375,1.0468498468399048,0.9963064193725586,35.5625,Healthy,100.0
07:40:19,239.2191162109375,1.0410714149475098,0.9977453947067261,35.5,Healthy,100.0
07:40:21,238.8949737548828,1.048245906829834,0.9916756749153137,35.5,Healthy,100.0
07:40:23,240.1915740966797,1.0505975484848022,0.9861804246902466,35.5,Healthy,100.0
07:40:25,239.867431640625,1.1040470600128174,0.991485059261322,35.4375,Healthy,100.0
07:40:26,239.2191162109375,1.0213950872421265,0.985095739364624,35.5,Healthy,100.0
07:40:28,240.1915740966797,1.0579665899276733,0.9843930006027222,35.5,Healthy,100.0
07:40:30,239.5432586669922,1.0419490337371826,0.98902827501297,35.5,Healthy,100.0
07:40:31,239.2191162109375,1.4444074630737305,0.9850849509239197,35.5625,Healthy,100.0
07:40:33,239.5432586669922,1.0735749006271362,0.9914452433586121,35.4375,Healthy,100.0
07:40:35,238.8949737548828,1.0371131896972656,0.9863808751106262,35.5,Healthy,100.0
07:40:37,240.1915740966797,1.0231832265853882,0.9877448678016663,35.5,Healthy,100.0
07:42:54,238.8949737548828,0.0,0.9938185214996338,35.5,Healthy,99.87
07:42:55,236.30181884765625,0.4837208390235901,0.9945150017738342,35.5,Healthy,99.79
07:42:57,235.00521850585938,0.40448397397994995,0.9949312806129456,35.5,Healthy,99.79
07:42:59,237.9225311279297,0.0,0.9875960350036621,35.5,Healthy,99.87
07:43:01,236.62596130371094,0.0,0.9833754897117615,35.5625,Healthy,99.79
07:43:02,237.59840393066406,0.0,0.9961304068565369,35.5,Healthy,99.13
07:43:04,235.00521850585938,0.0,0.9894385933876038,35.5,Healthy,99.79
07:43:06,236.95013427734375,0.0,0.9887215495109558,35.5625,Healthy,99.13
07:43:07,236.62596130371094,0.0,0.9687016606330872,35.5625,Healthy,99.79
07:43:09,235.6535186767578,0.0,1.012689232826233,35.5625,Healthy,99.79
07:43:11,240.83982849121094,0.0,1.1052359342575073,35.5625,Healthy,99.2
07:43:12,239.5432586669922,0.0,1.0057803392410278,35.5625,Healthy,99.87
07:43:14,239.867431640625,0.0,0.9786063432693481,35.5625,Healthy,99.87
07:43:16,240.1915740966797,0.0,0.9938910007476807,35.5625,Healthy,99.87
07:43:18,239.867431640625,0.0,0.9953950047492981,35.5625,Healthy,99.87
07:43:19,240.5157012939453,0.0,0.9859522581100464,35.5625,Healthy,99.87
07:43:21,240.1915740966797,0.0,0.9825809597969055,35.5625,Healthy,99.87
07:43:23,240.1915740966797,0.0,0.9851361513137817,35.5625,Healthy,99.87
07:43:24,239.2191162109375,0.0,0.9882751107215881,35.5625,Healthy,99.87
07:43:26,239.2191162109375,2.4855496883392334,0.9817905426025391,35.625,Healthy,100.0
07:43:28,240.5157012939453,3.0553131103515625,0.9900197386741638,35.625,Healthy,99.28
07:43:30,240.83982849121094,2.9607534408569336,0.9801169037818909,35.5625,Healthy,99.4
07:43:31,239.2191162109375,2.664686918258667,0.9852539300918579,35.5625,Healthy,100.0
07:43:33,240.5157012939453,2.581406831741333,0.9908726215362549,35.5625,Healthy,99.4
07:43:36,240.83982849121094,0.4685557782649994,0.9971566796302795,35.5625,Healthy,99.87
07:43:37,239.867431640625,0.4210907220840454,0.9853000640869141,35.5625,Healthy,99.87
07:46:08,240.5157012939453,0.7123600244522095,0.9906005859375,35.5,Healthy,100.0
07:46:09,240.83982849121094,0.4671883285045624,0.9875560998916626,35.5,Healthy,99.87
07:46:11,238.8949737548828,0.33474957942962646,0.9805320501327515,35.5,Healthy,99.87
07:46:13,239.867431640625,0.3712577223777771,0.985550582408905,35.5,Healthy,99.87
07:46:14,238.8949737548828,0.8576672077178955,0.9904013872146606,35.4375,Healthy,100.0
07:46:16,240.5157012939453,0.33283281326293945,0.9921742081642151,35.5,Healthy,99.87
07:46:18,239.5432586669922,0.36076948046684265,0.9837977886199951,35.5,Healthy,99.87
07:46:20,241.48814392089844,0.3710114359855652,0.9952946305274963,35.5,Healthy,98.69
07:46:21,240.83982849121094,0.3546369969844818,0.9909787178039551,35.5,Healthy,99.87
07:46:23,240.83982849121094,0.33090490102767944,0.9932599067687988,35.5,Healthy,99.87
07:46:25,240.1915740966797,0.3665502071380615,0.9887602925300598,35.4375,Healthy,99.87
07:46:26,241.48814392089844,0.6562622785568237,0.9881413578987122,35.4375,Healthy,98.82
07:46:28,244.40545654296875,3.081259250640869,2.3492445945739746,35.5,Faulty,98.03
07:46:30,188.9766387939453,2.896808624267578,2.086878776550293,35.5,Warning,88.92
07:46:32,257.6954040527344,3.365875720977783,2.644860029220581,35.4375,Faulty,98.83
07:46:33,251.21249389648438,2.8748281002044678,2.3953969478607178,35.4375,Faulty,94.06
07:46:35,166.61061096191406,3.0135350227355957,2.809987783432007,35.4375,Faulty,91.74
07:46:37,269.0404968261719,2.9139537811279297,2.221892833709717,35.4375,Warning,91.0
07:46:38,290.10992431640625,2.887580633163452,2.3189785480499268,35.4375,Faulty,93.39
07:46:40,199.02511596679688,2.8662946224212646,2.4553842544555664,35.4375,Faulty,89.03
07:46:42,243.4330291748047,3.0157482624053955,0.9655359387397766,35.375,Healthy,92.73
07:46:44,189.9490509033203,2.8115298748016357,2.2608883380889893,35.4375,Warning,78.92
07:46:45,238.8949737548828,2.071668863296509,0.8504578471183777,35.375,Healthy,98.0
07:46:47,240.1915740966797,2.0803422927856445,0.8925802707672119,35.375,Healthy,98.67
07:46:49,239.2191162109375,2.0154027938842773,1.0008586645126343,35.375,Healthy,100.0
07:46:50,239.867431640625,2.0726394653320312,0.9877697229385376,35.375,Healthy,98.67
07:46:52,237.59840393066406,2.743243932723999,0.9749422669410706,35.4375,Healthy,97.98
07:46:54,239.5432586669922,2.6169238090515137,0.9816916584968567,35.375,Healthy,100.0
07:46:56,237.9225311279297,2.0685782432556152,0.9944515824317932,35.375,Healthy,98.67
07:46:57,238.8949737548828,2.056302547454834,0.9862995147705078,35.4375,Healthy,98.67
07:46:59,237.59840393066406,2.0353941917419434,0.9807949066162109,35.375,Healthy,97.71
07:47:01,239.2191162109375,2.8363869190216064,0.9858477115631104,35.375,Healthy,100.0
07:47:02,237.9225311279297,2.0873162746429443,0.9940858483314514,35.375,Healthy,98.67
07:47:04,239.2191162109375,2.054879665374756,0.9844385385513306,35.375,Healthy,99.33
07:47:06,239.867431640625,2.007131814956665,0.9867376089096069,35.375,Healthy,100.0
07:47:08,238.24667358398438,2.0961430072784424,0.9918806552886963,35.375,Healthy,98.0
07:47:09,239.867431640625,2.0340464115142822,0.9948972463607788,35.375,Healthy,99.33
07:47:11,239.2191162109375,2.1354541778564453,0.9859012365341187,35.375,Healthy,99.33
07:47:13,240.1915740966797,2.081352472305298,0.9855862855911255,35.4375,Healthy,98.67
07:47:14,238.8949737548828,2.0807816982269287,0.9826048016548157,35.375,Healthy,98.0
07:47:16,237.9225311279297,2.1757776737213135,0.9863017797470093,35.4375,Healthy,99.33
07:47:18,239.2191162109375,2.0820112228393555,0.9850894212722778,35.375,Healthy,98.67
07:47:20,238.8949737548828,2.0817477703094482,0.9892863631248474,35.4375,Healthy,98.0
07:47:21,238.24667358398438,2.3462486267089844,0.9940574169158936,35.375,Healthy,99.33
07:47:23,238.8949737548828,2.0291876792907715,0.9846665263175964,35.4375,Healthy,98.67
07:47:25,239.2191162109375,2.080122709274292,0.9882908463478088,35.375,Healthy,98.67
07:47:26,238.24667358398438,2.051050901412964,0.9839057922363281,35.4375,Healthy,98.67
07:47:28,239.2191162109375,2.070344924926758,0.9891642332077026,35.4375,Healthy,98.67
07:47:30,238.8949737548828,2.0514519214630127,0.9919517636299133,35.4375,Healthy,98.67
07:47:31,239.5432586669922,2.0320234298706055,0.9909638166427612,35.4375,Healthy,99.33
07:47:33,238.8949737548828,2.015221357345581,0.9872609376907349,35.4375,Healthy,99.33
07:47:35,237.59840393066406,2.227546215057373,0.9841313362121582,35.375,Healthy,97.98
07:47:37,240.1915740966797,2.044579029083252,0.9913099408149719,35.4375,Healthy,99.33
07:47:38,238.8949737548828,2.099367141723633,0.9884065985679626,35.4375,Healthy,98.67
07:47:40,237.9225311279297,2.236881971359253,0.9800010919570923,35.4375,Healthy,99.33
07:47:42,239.867431640625,2.0694618225097656,0.9916656017303467,35.4375,Healthy,98.67
07:47:43,240.5157012939453,2.0412683486938477,0.9918677806854248,35.4375,Healthy,98.73
07:47:45,238.8949737548828,2.610734462738037,0.9895013570785522,35.4375,Healthy,99.33
07:47:47,237.59840393066406,2.2555997371673584,0.9866268038749695,35.4375,Healthy,97.98
07:47:49,240.1915740966797,2.042968988418579,0.9873902201652527,35.4375,Healthy,99.33
07:47:51,239.5432586669922,2.123349905014038,0.9860489368438721,35.4375,Healthy,99.33
07:47:52,238.24667358398438,2.026167392730713,0.9913272857666016,35.4375,Healthy,98.67
07:47:54,239.2191162109375,1.9909461736679077,0.9937905073165894,35.4375,Healthy,100.0
07:47:56,237.27426147460938,2.060565233230591,0.9832057356834412,35.4375,Healthy,97.71
07:47:57,239.5432586669922,2.038355588912964,0.9871724247932434,35.4375,Healthy,99.33
07:47:59,239.5432586669922,2.0424768924713135,0.9897019267082214,35.4375,Healthy,99.33
07:48:01,238.24667358398438,2.0745346546173096,0.9873114824295044,35.4375,Healthy,98.0
07:48:03,238.8949737548828,2.053945302963257,0.9873673319816589,35.4375,Healthy,98.67
07:48:04,237.27426147460938,2.0202043056488037,0.9895136952400208,35.5,Healthy,97.71
07:48:06,239.867431640625,2.049713611602783,0.9848505854606628,35.4375,Healthy,99.33
07:48:08,239.2191162109375,2.0193443298339844,0.9948878288269043,35.4375,Healthy,100.0
07:48:09,239.5432586669922,2.080561876296997,0.9932303428649902,35.5,Healthy,98.67
07:48:11,238.8949737548828,2.0091800689697266,0.9852274656295776,35.5625,Healthy,99.33
07:48:13,239.867431640625,2.026167392730713,0.9921743869781494,35.5,Healthy,99.33
07:48:15,238.24667358398438,1.9802206754684448,0.9876678586006165,35.5,Healthy,99.33
07:48:16,237.59840393066406,1.990808367729187,0.9807782769203186,35.5,Healthy,98.67
07:48:18,239.5432586669922,2.058656930923462,0.9868869781494141,35.5,Healthy,99.33
07:48:20,239.867431640625,2.089110851287842,0.9917030334472656,35.5,Healthy,99.33
07:48:21,238.5708465576172,1.9987809658050537,0.98747318983078,35.5,Healthy,99.33
07:48:23,232.08792114257812,2.0654830932617188,0.9851554036140442,35.5,Healthy,97.71
07:48:25,237.9225311279297,2.020294666290283,0.9807910323143005,35.5625,Healthy,99.33
07:48:27,239.2191162109375,2.0542123317718506,0.9885321259498596,35.5,Healthy,99.33
07:48:28,239.2191162109375,2.0187106132507324,0.9880555868148804,35.5,Healthy,100.0
07:48:30,239.2191162109375,2.0148584842681885,0.9861921072006226,35.5,Healthy,100.0
07:48:32,239.5432586669922,2.0571467876434326,0.9940791130065918,35.5625,Healthy,99.33
07:48:33,236.62596130371094,2.680180072784424,0.9833694100379944,35.5,Healthy,98.65
07:48:35,239.867431640625,2.002892255783081,0.9920403957366943,35.5,Healthy,100.0
07:48:37,235.9776611328125,3.1775259971618652,0.9861595630645752,35.5,Healthy,97.69
07:48:39,235.9776611328125,3.148629903793335,0.9863831996917725,35.5,Healthy,97.79
07:48:41,236.62596130371094,2.559431552886963,0.9910683035850525,35.5625,Healthy,98.65
07:48:43,239.2191162109375,2.5652458667755127,0.9922386407852173,35.5625,Healthy,100.0
07:48:44,236.95013427734375,3.0051522254943848,0.9940046668052673,35.5,Healthy,97.98
07:48:46,235.00521850585938,4.18115234375,0.988242506980896,35.5625,Healthy,94.89
07:48:48,240.5157012939453,2.1093571186065674,0.985447883605957,35.5625,Healthy,98.73
07:48:50,236.62596130371094,2.048063039779663,0.9888010621070862,35.5,Healthy,98.38
07:48:52,238.5708465576172,2.00134015083313,0.9899101853370667,35.5,Healthy,99.33
07:48:53,239.5432586669922,1.9523769617080688,0.990203320980072,35.5,Healthy,100.0
07:48:55,237.9225311279297,2.0294127464294434,0.9944648742675781,35.5625,Healthy,99.33
07:48:57,241.8123016357422,2.03678560256958,0.988120973110199,35.5,Healthy,98.22
07:48:58,238.24667358398438,2.1569182872772217,0.9870113730430603,35.5625,Healthy,98.0
07:49:00,238.24667358398438,1.9929651021957397,0.9831038117408752,35.5,Healthy,98.67
07:49:02,239.867431640625,1.977495551109314,0.9834648966789246,35.5625,Healthy,100.0
07:49:04,238.8949737548828,1.9921852350234985,0.9831206798553467,35.5625,Healthy,99.33
07:49:05,238.8949737548828,2.0338666439056396,0.9913696050643921,35.5,Healthy,98.67
07:49:07,238.24667358398438,2.0788040161132812,0.9955504536628723,35.5,Healthy,98.0
07:49:09,239.5432586669922,1.9971798658370972,0.9867408275604248,35.5,Healthy,100.0
07:49:10,238.8949737548828,2.0715365409851074,0.9811025857925415,35.5,Healthy,98.0
07:49:12,239.867431640625,1.9846006631851196,0.9860403537750244,35.5,Healthy,100.0
07:49:14,239.867431640625,2.001979351043701,0.995232343673706,35.5,Healthy,100.0
07:49:16,239.2191162109375,1.975183129310608,0.9824967980384827,35.5,Healthy,100.0
07:49:17,238.8949737548828,1.9913133382797241,0.9873858690261841,35.5,Healthy,99.33
07:49:19,237.9225311279297,2.0078601837158203,0.9863132238388062,35.4375,Healthy,99.33
07:49:21,237.27426147460938,2.0470809936523438,0.9940165281295776,35.4375,Healthy,97.71
07:49:22,239.5432586669922,2.0044431686401367,0.990720808506012,35.5,Healthy,100.0
07:49:24,240.5157012939453,2.0348551273345947,0.9912455081939697,35.5,Healthy,98.73
07:49:26,239.5432586669922,1.971755862236023,0.9894626140594482,35.4375,Healthy,100.0
07:49:28,239.867431640625,1.9930108785629272,0.9880350828170776,35.5,Healthy,100.0
07:49:29,239.5432586669922,1.9831724166870117,0.987998366355896,35.5,Healthy,100.0
07:49:31,239.2191162109375,1.9924145936965942,0.984447717666626,35.5,Healthy,100.0
07:49:33,236.62596130371094,2.2529237270355225,0.9822095632553101,35.5,Healthy,98.65
07:49:34,239.5432586669922,2.0395660400390625,0.9882392287254333,35.5,Healthy,99.33
07:49:36,238.24667358398438,2.041536808013916,0.9841490387916565,35.5,Healthy,98.67
07:49:38,238.8949737548828,2.093001127243042,0.9859494566917419,35.5,Healthy,98.67
07:49:40,238.8949737548828,1.9648833274841309,0.9913361668586731,35.5,Healthy,100.0
07:49:41,239.2191162109375,2.3201193809509277,0.9861589670181274,35.5625,Healthy,100.0
07:49:43,238.8949737548828,2.039252281188965,0.98322993516922,35.5,Healthy,98.67
07:49:45,239.5432586669922,2.0322933197021484,0.9924559593200684,35.5,Healthy,99.33
07:49:46,239.867431640625,2.0225555896759033,0.9851924180984497,35.5,Healthy,99.33
07:49:48,239.2191162109375,2.000243663787842,0.9889697432518005,35.5,Healthy,100.0
07:49:50,239.867431640625,2.0135879516601562,0.9853864908218384,35.5,Healthy,100.0
07:49:52,239.5432586669922,1.9676258563995361,0.9936783313751221,35.5,Healthy,100.0
07:49:53,239.2191162109375,2.1502976417541504,0.9858751893043518,35.5,Healthy,99.33
07:49:55,239.5432586669922,2.073697328567505,0.9875614047050476,35.5,Healthy,98.67
07:49:57,239.5432586669922,2.0183937549591064,0.9851447939872742,35.5,Healthy,100.0
07:49:58,236.95013427734375,2.270261287689209,0.9929671287536621,35.5,Healthy,97.98
07:50:00,237.59840393066406,2.884223461151123,0.9907057285308838,35.5,Healthy,97.98
07:50:02,238.8949737548828,2.0278358459472656,0.9842367768287659,35.5,Healthy,98.67
07:50:04,240.1915740966797,1.998323678970337,0.9804055690765381,35.5,Healthy,100.0
07:50:05,238.5708465576172,1.9891549348831177,0.9908610582351685,35.5,Healthy,100.0
07:50:07,239.2191162109375,2.0168533325195312,0.9883660674095154,35.5,Healthy,100.0
07:50:09,238.8949737548828,2.033686876296997,0.9810163378715515,35.5,Healthy,98.67
07:50:10,239.5432586669922,2.018982172012329,0.9910545349121094,35.5,Healthy,100.0
07:50:12,239.2191162109375,1.9987353086471558,0.9832409620285034,35.5,Healthy,100.0
07:50:14,239.2191162109375,1.9965391159057617,0.9905484318733215,35.5,Healthy,100.0
07:50:16,239.2191162109375,1.9915887117385864,0.988391101360321,35.5,Healthy,100.0
07:50:17,239.5432586669922,1.9692975282669067,0.980075478553772,35.5,Healthy,100.0
07:50:19,239.867431640625,1.9886034727096558,0.9887089133262634,35.5,Healthy,100.0
07:50:21,239.867431640625,2.0895047187805176,0.985516369342804,35.5625,Healthy,99.33
07:50:22,238.24667358398438,2.008997917175293,0.9890109300613403,35.5,Healthy,98.67
07:50:24,238.8949737548828,1.9519555568695068,0.9877459406852722,35.5,Healthy,100.0
07:50:26,239.867431640625,2.040327787399292,0.9783989787101746,35.4375,Healthy,99.33
07:50:27,238.24667358398438,1.9725900888442993,0.9906455278396606,35.4375,Healthy,99.33
07:50:29,239.867431640625,2.0169894695281982,0.9855579137802124,35.4375,Healthy,100.0
07:50:31,239.5432586669922,1.9897061586380005,0.9882737398147583,35.4375,Healthy,100.0
07:50:33,239.2191162109375,1.9976375102996826,0.98740553855896,35.4375,Healthy,100.0
07:50:34,237.9225311279297,2.0220582485198975,0.9915069341659546,35.4375,Healthy,99.33
07:50:36,237.9225311279297,2.397042989730835,0.9887768030166626,35.4375,Healthy,99.33
07:50:38,239.867431640625,2.026212692260742,0.9912399649620056,35.4375,Healthy,99.33
07:50:39,237.9225311279297,1.9966764450073242,0.9927236437797546,35.4375,Healthy,99.33
07:50:41,239.5432586669922,1.970921277999878,0.9885149002075195,35.4375,Healthy,100.0
07:50:43,237.9225311279297,2.0869221687316895,0.9877825379371643,35.5,Healthy,98.67
07:50:45,239.867431640625,2.0351696014404297,0.9842275381088257,35.4375,Healthy,99.33
07:50:46,234.68109130859375,2.1857528686523438,0.9807814359664917,35.4375,Healthy,98.65
07:50:48,240.5157012939453,2.0479736328125,0.9895321726799011,35.5,Healthy,98.73
07:50:50,238.24667358398438,1.9824810028076172,0.9839598536491394,35.4375,Healthy,99.33
07:50:51,238.24667358398438,1.9930108785629272,0.9949210286140442,35.4375,Healthy,98.67
07:50:53,239.5432586669922,1.9985980987548828,0.991477906703949,35.4375,Healthy,100.0
07:50:55,238.5708465576172,1.9532194137573242,0.9803890585899353,35.5,Healthy,100.0
07:50:57,239.867431640625,1.9892468452453613,0.9834505319595337,35.4375,Healthy,100.0
07:50:58,239.2191162109375,2.013542413711548,0.9813922047615051,35.5,Healthy,100.0
07:51:00,240.1915740966797,1.9609253406524658,0.9857844710350037,35.4375,Healthy,100.0
07:51:02,239.5432586669922,1.9792048931121826,0.9895178079605103,35.4375,Healthy,100.0
07:51:03,239.5432586669922,2.008042335510254,0.9892002940177917,35.5,Healthy,100.0
07:51:05,238.8949737548828,2.002892255783081,0.9977278113365173,35.4375,Healthy,99.33
07:51:07,239.867431640625,1.988143801689148,0.9949826598167419,35.4375,Healthy,100.0
07:51:09,239.867431640625,2.0082244873046875,0.9880111217498779,35.4375,Healthy,100.0
07:51:10,238.24667358398438,2.0261223316192627,0.9891259074211121,35.375,Healthy,98.67
07:51:12,239.2191162109375,2.0246331691741943,0.9883959293365479,35.375,Healthy,99.33
07:51:14,240.5157012939453,2.0149037837982178,0.9921789169311523,35.4375,Healthy,99.4
07:51:15,239.2191162109375,2.022691011428833,0.986425518989563,35.4375,Healthy,99.33
07:51:17,239.5432586669922,2.116840124130249,0.9957925081253052,35.375,Healthy,99.33
07:51:19,238.8949737548828,1.9703646898269653,0.9914849996566772,35.375,Healthy,100.0
07:51:21,235.3293914794922,2.0014772415161133,0.9848750233650208,35.3125,Healthy,99.33
07:51:22,239.867431640625,2.0209732055664062,0.9853309392929077,35.375,Healthy,99.33
07:51:24,238.24667358398438,2.0089526176452637,0.9936026334762573,35.375,Healthy,98.67
07:51:26,238.24667358398438,1.9775416851043701,0.9905784726142883,35.375,Healthy,99.33
07:51:27,238.24667358398438,2.056791305541992,0.9878730177879333,35.3125,Healthy,98.67
07:51:29,238.8949737548828,2.0054917335510254,0.985367476940155,35.3125,Healthy,99.33
07:51:31,239.867431640625,1.9476897716522217,0.9866756200790405,35.3125,Healthy,100.0
07:51:32,237.9225311279297,1.9813742637634277,0.9812681078910828,35.3125,Healthy,100.0
07:51:34,237.9225311279297,2.4720911979675293,0.9906399250030518,35.3125,Healthy,99.33
07:51:36,239.2191162109375,2.0042152404785156,0.9855911135673523,35.3125,Healthy,100.0
07:51:38,238.8949737548828,2.5958480834960938,0.9879688024520874,35.3125,Healthy,99.33
07:51:39,239.867431640625,2.0660581588745117,0.9877260327339172,35.3125,Healthy,98.67
07:51:41,239.867431640625,1.9954859018325806,0.9816827774047852,35.3125,Healthy,100.0
07:51:43,239.5432586669922,1.9703646898269653,0.9939272403717041,35.3125,Healthy,100.0
07:51:44,239.2191162109375,2.019615888595581,0.9826860427856445,35.3125,Healthy,100.0
07:51:46,238.5708465576172,2.000152349472046,0.9856160283088684,35.3125,Healthy,99.33
07:51:48,238.8949737548828,1.987867832183838,0.9896262884140015,35.3125,Healthy,100.0
07:51:50,237.9225311279297,2.1823630332946777,0.9851953983306885,35.3125,Healthy,99.33
07:51:51,239.5432586669922,1.9556512832641602,0.9880592823028564,35.3125,Healthy,100.0
07:51:53,239.867431640625,2.020113706588745,0.9939900636672974,35.3125,Healthy,99.33
07:51:55,239.5432586669922,1.9982322454452515,0.9904969334602356,35.3125,Healthy,100.0
07:51:56,239.2191162109375,2.075547933578491,0.9825393557548523,35.3125,Healthy,98.67
07:51:58,237.9225311279297,1.9995582103729248,0.9919818639755249,35.25,Healthy,99.33
07:52:00,240.1915740966797,2.024136543273926,0.9894242286682129,35.3125,Healthy,99.33
07:52:02,239.2191162109375,2.061274766921997,0.9884941577911377,35.25,Healthy,99.33
07:52:03,238.8949737548828,1.9846928119659424,0.9895135760307312,35.3125,Healthy,100.0
07:52:05,236.62596130371094,2.5851218700408936,0.98001629114151,35.25,Healthy,98.65
07:52:07,235.6535186767578,2.071580648422241,0.9917857646942139,35.25,Healthy,97.71
07:52:08,239.2191162109375,1.9315738677978516,0.9886391162872314,35.3125,Healthy,100.0
07:52:10,239.2191162109375,1.9568192958831787,0.990631639957428,35.3125,Healthy,100.0
07:52:12,239.5432586669922,2.0178048610687256,0.987153172492981,35.25,Healthy,100.0
07:52:14,239.5432586669922,1.9930567741394043,0.9869510531425476,35.3125,Healthy,100.0
07:52:15,237.9225311279297,2.4879021644592285,0.9883882999420166,35.3125,Healthy,99.33
07:52:17,238.5708465576172,2.026798963546753,0.9833945631980896,35.3125,Healthy,98.67
07:52:19,238.8949737548828,2.0469024181365967,0.9924885630607605,35.25,Healthy,98.67
07:52:20,239.867431640625,2.0351696014404297,0.992264986038208,35.3125,Healthy,99.33
07:52:22,238.24667358398438,1.950269103050232,0.993581235408783,35.25,Healthy,99.33
07:52:24,239.2191162109375,1.995119333267212,0.9796944856643677,35.25,Healthy,100.0
07:52:26,239.867431640625,1.9461874961853027,0.9852292537689209,35.25,Healthy,100.0
07:52:27,239.867431640625,2.064199209213257,0.9842318892478943,35.25,Healthy,99.33
07:52:29,238.8949737548828,1.997957706451416,0.9929382801055908,35.25,Healthy,99.33
07:52:31,235.3293914794922,1.990486979484558,0.9895898103713989,35.25,Healthy,99.33
07:52:32,238.8949737548828,1.9792511463165283,0.9895033836364746,35.25,Healthy,100.0
07:52:34,237.59840393066406,2.2018349170684814,0.9890700578689575,35.25,Healthy,97.98
07:52:36,239.5432586669922,2.001248836517334,0.9929044842720032,35.1875,Healthy,100.0
07:52:37,240.1915740966797,2.0387144088745117,0.9891927242279053,35.1875,Healthy,99.33
07:52:39,238.8949737548828,1.9925522804260254,0.9868719577789307,35.1875,Healthy,99.33
07:52:41,238.8949737548828,1.9924145936965942,0.9920719265937805,35.1875,Healthy,99.33
07:52:43,239.2191162109375,2.022645950317383,0.9881774187088013,35.1875,Healthy,99.33
07:52:44,239.5432586669922,1.988189697265625,0.9950252175331116,35.1875,Healthy,100.0
07:52:46,236.62596130371094,2.054835081100464,0.991378664970398,35.25,Healthy,98.38
07:52:48,240.5157012939453,2.044891834259033,0.9985637664794922,35.1875,Healthy,98.73
07:52:49,238.24667358398438,2.0077693462371826,0.9917715787887573,35.1875,Healthy,98.67
07:52:51,239.2191162109375,1.9815125465393066,0.9854419827461243,35.1875,Healthy,100.0
07:52:53,240.1915740966797,1.9523301124572754,0.9886367917060852,35.1875,Healthy,100.0
07:52:55,239.867431640625,2.0038959980010986,0.9849655032157898,35.1875,Healthy,100.0
07:52:56,239.867431640625,1.9984151124954224,0.9923586249351501,35.1875,Healthy,100.0
07:52:58,238.24667358398438,2.0125434398651123,0.9859394431114197,35.1875,Healthy,98.67
07:53:00,238.24667358398438,2.0225555896759033,0.9944570064544678,35.1875,Healthy,98.67
07:53:01,237.9225311279297,1.9979119300842285,0.9849735498428345,35.125,Healthy,99.33
07:53:03,237.59840393066406,2.077880382537842,0.986221194267273,35.125,Healthy,97.05
07:53:05,238.8949737548828,1.986672043800354,0.9904193878173828,35.1875,Healthy,100.0
07:53:07,240.1915740966797,2.0067219734191895,0.9878320097923279,35.125,Healthy,100.0
07:53:08,235.9776611328125,2.6180760860443115,0.9892619848251343,35.0625,Healthy,98.65
07:53:10,239.2191162109375,2.002481460571289,0.9883468151092529,35.0625,Healthy,100.0
07:53:12,237.59840393066406,2.4822380542755127,0.9904510974884033,35.125,Healthy,97.98
07:53:13,238.24667358398438,2.0392074584960938,0.9807211756706238,35.125,Healthy,98.67
07:53:15,238.24667358398438,2.1685824394226074,0.9776843190193176,35.125,Healthy,99.33
07:53:17,239.2191162109375,2.5333001613616943,0.9853368401527405,35.125,Healthy,100.0
07:53:19,239.867431640625,2.0249040126800537,0.9921168088912964,35.125,Healthy,99.33
07:53:20,239.5432586669922,2.1700992584228516,0.9804288148880005,35.1875,Healthy,100.0
07:53:22,238.5708465576172,2.0265283584594727,0.984079122543335,35.1875,Healthy,98.67
07:53:24,239.5432586669922,2.0099985599517822,0.9953722357749939,35.125,Healthy,100.0
07:53:25,239.867431640625,1.9893386363983154,0.9963940978050232,35.0625,Healthy,100.0
07:53:27,236.95013427734375,2.041536808013916,0.9864705204963684,35.0625,Healthy,97.71
07:53:29,239.2191162109375,1.9792048931121826,0.9908811450004578,35.0625,Healthy,100.0
07:53:31,240.83982849121094,1.9963558912277222,0.9964349269866943,35.0625,Healthy,99.4
07:53:32,238.8949737548828,1.999192476272583,0.9855855703353882,35.0625,Healthy,99.33
07:53:34,237.9225311279297,2.3302218914031982,0.9886631369590759,35.0625,Healthy,99.33
07:53:36,240.1915740966797,1.9673471450805664,0.9812974333763123,35.0625,Healthy,100.0
07:53:37,239.867431640625,2.0160374641418457,0.9878100752830505,35.0625,Healthy,100.0
07:53:39,237.59840393066406,1.9991010427474976,0.9876750111579895,35.0625,Healthy,98.67
07:53:41,238.8949737548828,1.9590600728988647,0.991492748260498,35.0625,Healthy,100.0
07:53:42,239.867431640625,2.01694393157959,0.9970161318778992,35.0625,Healthy,100.0
07:53:44,237.27426147460938,2.268730878829956,0.984453022480011,35.0625,Healthy,97.98
07:53:46,239.5432586669922,2.063136339187622,0.9889257550239563,35.0625,Healthy,99.33
07:53:48,239.5432586669922,1.9894765615463257,0.9881633520126343,35.0625,Healthy,100.0
07:53:49,239.2191162109375,2.0432822704315186,0.9900700449943542,35.0,Healthy,99.33
07:53:51,239.867431640625,1.9958522319793701,0.9876682162284851,35.0625,Healthy,100.0
07:53:53,239.867431640625,1.9913133382797241,0.9855367541313171,35.0,Healthy,100.0
07:53:54,238.8949737548828,1.9673471450805664,0.9898549318313599,35.0,Healthy,100.0
07:53:56,239.5432586669922,2.047616720199585,0.9933323860168457,35.0,Healthy,99.33
07:53:58,240.1915740966797,2.008543014526367,0.988776683807373,35.0,Healthy,100.0
07:54:00,239.867431640625,1.9790202379226685,0.9909704327583313,35.0,Healthy,100.0
07:54:01,235.3293914794922,2.453758478164673,0.9854113459587097,35.0,Healthy,98.65
07:54:03,238.8949737548828,2.032203197479248,0.9878466725349426,35.0,Healthy,98.67
07:54:05,239.5432586669922,2.1158034801483154,0.9907490611076355,35.0,Healthy,99.33
07:54:06,240.1915740966797,2.0101351737976074,0.9898982048034668,34.9375,Healthy,100.0
07:54:08,239.2191162109375,2.0709187984466553,0.9896964430809021,35.0,Healthy,98.67
07:54:10,239.2191162109375,1.990441083908081,0.9848223924636841,35.0,Healthy,100.0
07:54:12,238.8949737548828,2.1862964630126953,0.9866475462913513,35.0625,Healthy,99.33
07:54:13,239.5432586669922,2.009862184524536,0.9890591502189636,34.9375,Healthy,100.0
07:54:15,240.5157012939453,2.0000152587890625,0.9941791296005249,34.9375,Healthy,99.4
07:54:17,237.9225311279297,2.00877046585083,0.9866693019866943,34.9375,Healthy,99.33
07:54:18,239.2191162109375,1.9933319091796875,0.9978674054145813,34.9375,Healthy,100.0
07:54:20,239.2191162109375,2.013270139694214,0.9908518195152283,34.9375,Healthy,100.0
07:54:22,238.24667358398438,2.0164453983306885,0.9965552091598511,34.9375,Healthy,98.67
07:54:24,239.5432586669922,2.0095438957214355,0.9906865954399109,34.875,Healthy,100.0
07:54:25,237.9225311279297,1.9947528839111328,0.9903059601783752,34.9375,Healthy,99.33
07:54:27,239.5432586669922,2.0049448013305664,0.9881780743598938,34.9375,Healthy,100.0
07:54:29,239.2191162109375,2.0195255279541016,0.9933258295059204,34.875,Healthy,100.0
07:54:30,239.2191162109375,2.534346342086792,0.9869425296783447,34.875,Healthy,100.0
07:54:32,240.1915740966797,2.0035767555236816,0.9908372759819031,34.875,Healthy,100.0
07:54:34,238.24667358398438,2.01435923576355,0.9849436283111572,34.875,Healthy,98.67
07:54:35,239.2191162109375,1.9766170978546143,0.9893513917922974,34.875,Healthy,100.0
07:54:37,239.2191162109375,2.01145339012146,0.9874048233032227,34.875,Healthy,100.0
07:54:39,240.1915740966797,2.048419952392578,0.987186849117279,34.875,Healthy,99.33
07:54:41,238.8949737548828,1.977125644683838,0.9917317628860474,34.875,Healthy,100.0
07:54:42,240.1915740966797,2.0235042572021484,0.9935188293457031,34.875,Healthy,99.33
07:54:44,239.867431640625,2.0001981258392334,0.9884963631629944,34.875,Healthy,100.0
07:54:46,238.8949737548828,2.011953115463257,0.993133544921875,34.8125,Healthy,99.33
07:54:47,239.5432586669922,2.0559914112091064,0.984459638595581,34.8125,Healthy,99.33
07:54:49,237.9225311279297,2.4999232292175293,0.9938943982124329,34.875,Healthy,99.33
07:54:51,238.8949737548828,2.0253102779388428,0.989551842212677,34.8125,Healthy,98.67
07:54:53,238.8949737548828,2.0295028686523438,0.9841185212135315,34.8125,Healthy,98.67
07:54:54,238.24667358398438,1.9810513257980347,0.9903167486190796,34.8125,Healthy,99.33
07:54:56,239.2191162109375,1.987178087234497,0.9826631546020508,34.8125,Healthy,100.0
07:54:58,239.2191162109375,1.9848769903182983,0.9887733459472656,34.8125,Healthy,100.0
07:54:59,240.1915740966797,2.016490936279297,0.9921741485595703,34.8125,Healthy,100.0
07:55:01,238.8949737548828,2.0439083576202393,0.987144947052002,34.8125,Healthy,98.67
07:55:03,238.8949737548828,2.0170347690582275,0.9822536110877991,34.8125,Healthy,99.33
07:55:05,239.5432586669922,2.048419952392578,0.9906125068664551,34.75,Healthy,99.33
07:55:06,239.867431640625,2.0560357570648193,0.9875848293304443,34.75,Healthy,99.33
07:55:08,238.8949737548828,2.2873878479003906,0.990400493144989,34.8125,Healthy,99.33
07:55:10,239.5432586669922,2.0121800899505615,0.9955237507820129,34.8125,Healthy,100.0
07:55:11,239.2191162109375,2.0440425872802734,0.9846474528312683,34.8125,Healthy,99.33
07:55:13,238.24667358398438,2.0401484966278076,0.988818883895874,34.75,Healthy,98.67
07:55:15,240.1915740966797,1.994019627571106,0.9835324287414551,34.8125,Healthy,100.0
07:55:17,240.1915740966797,2.017261266708374,0.9932031035423279,34.8125,Healthy,100.0
07:55:18,239.5432586669922,1.9751368761062622,0.9901424050331116,34.75,Healthy,100.0
07:55:20,237.59840393066406,1.9714776277542114,0.9794461131095886,34.75,Healthy,99.33
07:55:22,238.8949737548828,2.0626933574676514,0.9849303364753723,34.75,Healthy,98.67
07:55:23,238.24667358398438,2.4060628414154053,0.9814127683639526,34.75,Healthy,99.33
07:55:25,238.24667358398438,1.9975001811981201,0.9921615123748779,34.8125,Healthy,98.67
07:55:27,236.62596130371094,2.9210028648376465,0.9912992119789124,34.8125,Healthy,98.65
07:55:29,238.8949737548828,2.087710380554199,0.9964985847473145,34.75,Healthy,98.67
07:55:30,240.1915740966797,2.049802780151367,0.9851265549659729,34.75,Healthy,99.33
07:55:32,239.5432586669922,2.0532777309417725,0.9890479445457458,34.75,Healthy,99.33
07:55:34,237.27426147460938,2.041447401046753,0.9883317351341248,34.75,Healthy,97.71
07:55:35,239.2191162109375,2.0424320697784424,0.9796342849731445,34.75,Healthy,99.33
07:55:37,239.5432586669922,2.0157201290130615,0.9905360341072083,34.6875,Healthy,100.0
07:55:39,239.2191162109375,1.9618573188781738,0.9833155870437622,34.6875,Healthy,100.0
07:55:40,239.2191162109375,2.0269341468811035,0.992001473903656,34.6875,Healthy,99.33
07:55:42,238.8949737548828,2.030808448791504,0.9872332215309143,34.6875,Healthy,98.67
07:55:44,240.1915740966797,2.0285568237304688,0.9875796437263489,34.75,Healthy,99.33
07:55:46,239.867431640625,2.031348466873169,0.9800277352333069,34.6875,Healthy,99.33
07:55:47,239.867431640625,1.9792048931121826,0.9939700961112976,34.6875,Healthy,100.0
07:55:49,239.2191162109375,1.9767558574676514,0.9864119291305542,34.6875,Healthy,100.0
07:55:51,239.867431640625,2.002892255783081,0.9932131767272949,34.6875,Healthy,100.0
07:55:52,239.2191162109375,1.9838175773620605,0.9868019223213196,34.6875,Healthy,100.0
07:55:54,238.5708465576172,1.992689847946167,0.989714503288269,34.6875,Healthy,99.33
07:55:56,239.2191162109375,1.982112169265747,0.9926488995552063,34.6875,Healthy,100.0
07:55:58,237.59840393066406,2.0332374572753906,0.9834294319152832,34.6875,Healthy,97.71
07:55:59,238.8949737548828,2.0226006507873535,0.9918820858001709,34.6875,Healthy,98.67
07:56:01,238.8949737548828,2.0273399353027344,0.9831947088241577,34.625,Healthy,98.67
07:56:03,240.5157012939453,2.026979446411133,0.9820078015327454,34.6875,Healthy,98.73
07:56:04,239.2191162109375,1.9844624996185303,0.9922534227371216,34.6875,Healthy,100.0
07:56:06,239.867431640625,1.9995125532150269,0.9879258871078491,34.6875,Healthy,100.0
07:56:08,238.8949737548828,2.005218267440796,0.9852524399757385,34.625,Healthy,99.33
07:56:10,238.8949737548828,1.9903032779693604,0.9845860004425049,34.625,Healthy,99.33
07:56:11,238.24667358398438,1.9749517440795898,0.9878899455070496,34.625,Healthy,99.33
07:56:13,238.5708465576172,1.992735743522644,0.986634373664856,34.625,Healthy,99.33
07:56:15,239.2191162109375,1.9936070442199707,0.9897269606590271,34.625,Healthy,100.0
07:56:16,239.867431640625,1.999009609222412,0.9890469908714294,34.625,Healthy,100.0
07:56:18,240.83982849121094,1.9774030447006226,0.9882736206054688,34.625,Healthy,100.0
07:56:20,239.2191162109375,2.0335071086883545,0.9946542382240295,34.625,Healthy,99.33
07:56:22,239.5432586669922,2.0376381874084473,0.9864081740379333,34.625,Healthy,99.33
07:56:23,238.24667358398438,1.9958980083465576,0.9902099370956421,34.625,Healthy,98.67
07:56:25,238.24667358398438,2.020294666290283,0.9845386147499084,34.625,Healthy,98.67
07:56:27,240.1915740966797,2.02887225151062,0.9952450394630432,34.625,Healthy,99.33
07:56:28,239.867431640625,1.9930567741394043,0.9897961616516113,34.625,Healthy,100.0
07:56:30,238.8949737548828,2.0089526176452637,0.9932599067687988,34.625,Healthy,99.33
07:56:32,240.1915740966797,1.9990553855895996,0.989490270614624,34.5625,Healthy,100.0
07:56:34,238.24667358398438,1.987959861755371,0.9903107285499573,34.5625,Healthy,99.33
07:56:35,238.8949737548828,2.3977673053741455,0.9887592196464539,34.625,Healthy,99.33
07:56:37,239.867431640625,1.93733811378479,0.989834725856781,34.5625,Healthy,100.0
07:56:39,238.24667358398438,2.0872726440429688,0.9881291389465332,34.5625,Healthy,98.0
07:56:40,239.2191162109375,2.0258517265319824,0.9815213680267334,34.5625,Healthy,99.33
07:56:42,239.2191162109375,2.0097713470458984,0.9886007308959961,34.5625,Healthy,100.0
07:56:44,238.24667358398438,1.9862579107284546,0.9939698576927185,34.5625,Healthy,99.33
07:56:46,239.2191162109375,2.0418949127197266,0.9917384386062622,34.5625,Healthy,99.33
07:56:47,239.867431640625,2.0118167400360107,0.9963213801383972,34.5625,Healthy,100.0
07:56:49,239.2191162109375,2.0069496631622314,0.9891750812530518,34.5625,Healthy,100.0
07:56:51,237.9225311279297,2.0301332473754883,0.9844293594360352,34.5625,Healthy,99.33
07:56:52,239.2191162109375,2.013542413711548,0.9927331805229187,34.5625,Healthy,100.0
07:56:54,237.59840393066406,2.021289825439453,0.9854174256324768,34.5625,Healthy,97.71
07:56:56,239.2191162109375,2.0364716053009033,0.9875050187110901,34.5625,Healthy,99.33
07:56:57,239.2191162109375,2.061363458633423,0.9838493466377258,34.5625,Healthy,99.33
07:56:59,239.2191162109375,2.061718225479126,0.9890947937965393,34.5625,Healthy,99.33
07:57:01,239.867431640625,2.0468575954437256,0.9902207255363464,34.5625,Healthy,99.33
07:57:03,237.9225311279297,2.010453462600708,0.9935169219970703,34.5625,Healthy,99.33
07:57:04,239.5432586669922,2.0373241901397705,0.9846540093421936,34.5625,Healthy,99.33
07:57:06,239.5432586669922,2.01345157623291,0.983008086681366,34.5625,Healthy,100.0
07:57:08,238.8949737548828,2.0287370681762695,0.9907105565071106,34.5625,Healthy,98.67
07:57:09,239.2191162109375,2.5067508220672607,0.9871769547462463,34.5625,Healthy,100.0
07:57:11,239.5432586669922,2.062161445617676,0.983123242855072,34.5,Healthy,99.33
07:57:13,237.9225311279297,2.033327341079712,0.9923132061958313,34.5,Healthy,99.33
07:57:15,238.24667358398438,2.55914568901062,0.9889631867408752,34.5625,Healthy,99.33
07:57:16,238.8949737548828,1.9929192066192627,0.9868261218070984,34.5625,Healthy,99.33
07:57:18,239.2191162109375,2.049847364425659,0.9888582825660706,34.5,Healthy,99.33
07:57:20,237.59840393066406,2.0879292488098145,0.9874758720397949,34.5,Healthy,97.31
07:57:21,238.8949737548828,2.045696258544922,0.988807201385498,34.5,Healthy,98.67
07:57:23,239.5432586669922,2.0531888008117676,0.9908992648124695,34.5,Healthy,99.33
07:57:25,239.5432586669922,2.011362314224243,0.984197735786438,34.5,Healthy,100.0
07:57:27,240.1915740966797,2.0902481079101562,0.9862900972366333,34.5,Healthy,99.33
07:57:28,238.8949737548828,2.0235042572021484,0.9788309931755066,34.4375,Healthy,98.67
07:57:30,239.2191162109375,1.9798051118850708,0.9770544767379761,34.5,Healthy,100.0
07:57:32,239.5432586669922,2.0107715129852295,0.9883865714073181,34.4375,Healthy,100.0
07:57:33,240.5157012939453,2.0173518657684326,0.9892536401748657,34.5,Healthy,99.4
07:57:35,238.8949737548828,1.9968595504760742,0.9799968004226685,34.4375,Healthy,99.33
07:57:37,232.73622131347656,2.3745548725128174,0.9963814616203308,34.4375,Healthy,98.31
07:57:39,240.1915740966797,1.9866260290145874,0.9927416443824768,34.5,Healthy,100.0
07:57:40,237.9225311279297,2.0185747146606445,0.981721818447113,34.4375,Healthy,99.33
07:57:42,238.24667358398438,2.014677047729492,0.9857659339904785,34.4375,Healthy,98.67
07:57:44,238.8949737548828,2.007587194442749,0.9927865266799927,34.4375,Healthy,99.33
07:57:45,239.2191162109375,2.0377278327941895,0.989436686038971,34.4375,Healthy,99.33
07:57:47,239.2191162109375,2.0043976306915283,0.9873115420341492,34.4375,Healthy,100.0
07:57:49,238.8949737548828,2.0534112453460693,0.9951318502426147,34.4375,Healthy,98.67
07:57:51,239.5432586669922,2.047393321990967,0.9876915812492371,34.4375,Healthy,99.33
07:57:52,238.8949737548828,1.9857977628707886,0.9849913716316223,34.4375,Healthy,100.0
07:57:54,239.867431640625,1.994202971458435,0.9823136329650879,34.4375,Healthy,100.0
07:57:56,241.8123016357422,2.0242719650268555,0.9905045628547668,34.4375,Healthy,98.22
07:57:57,237.9225311279297,2.013270139694214,0.9877394437789917,34.4375,Healthy,99.33
07:57:59,239.2191162109375,2.00339412689209,0.9790155291557312,34.4375,Healthy,100.0
07:58:01,240.5157012939453,2.0033485889434814,0.988099217414856,34.4375,Healthy,99.4
07:58:02,239.867431640625,2.1702256202697754,0.9858846664428711,34.4375,Healthy,100.0
07:58:04,239.867431640625,2.047304153442383,0.9824360013008118,34.4375,Healthy,99.33
07:58:06,238.8949737548828,2.0550131797790527,0.9948300123214722,34.4375,Healthy,98.67
07:58:08,240.5157012939453,2.0602102279663086,0.9883581399917603,34.4375,Healthy,98.73
07:58:09,239.5432586669922,1.9888792037963867,0.9915096759796143,34.4375,Healthy,100.0
07:58:11,239.867431640625,2.1126909255981445,0.9834476709365845,34.4375,Healthy,99.33
07:58:13,237.9225311279297,2.0086796283721924,0.9877804517745972,34.4375,Healthy,99.33
07:58:14,238.8949737548828,1.990808367729187,0.9886822700500488,34.4375,Healthy,99.33
07:58:16,238.8949737548828,2.0258066654205322,0.9866936206817627,34.4375,Healthy,98.67
07:58:18,240.1915740966797,2.0355288982391357,0.9835250973701477,34.375,Healthy,99.33
07:58:20,238.8949737548828,1.9928274154663086,0.9933720231056213,34.375,Healthy,99.33
07:58:21,237.9225311279297,1.9814664125442505,0.9887093305587769,34.375,Healthy,100.0
07:58:23,238.8949737548828,2.013542413711548,0.991674542427063,34.375,Healthy,99.33
07:58:25,239.5432586669922,2.0407309532165527,0.9871218204498291,34.4375,Healthy,99.33
07:58:26,238.8949737548828,2.044668436050415,0.9888185262680054,34.375,Healthy,98.67
07:58:28,239.5432586669922,2.037144660949707,0.9864305257797241,34.375,Healthy,99.33
07:58:30,239.2191162109375,2.0079057216644287,0.9875109195709229,34.375,Healthy,100.0
07:58:32,239.5432586669922,2.061718225479126,0.9879963994026184,34.375,Healthy,99.33
07:58:33,237.9225311279297,2.0304033756256104,0.9853461980819702,34.375,Healthy,99.33
07:58:35,241.1639862060547,1.9794358015060425,0.9869208335876465,34.375,Healthy,98.07
07:58:37,238.8949737548828,2.0358431339263916,0.9862403869628906,34.375,Healthy,98.67
07:58:38,239.5432586669922,2.0083608627319336,0.9922478199005127,34.3125,Healthy,100.0
07:58:40,239.5432586669922,2.0268890857696533,0.9943932890892029,34.375,Healthy,99.33
07:58:42,239.5432586669922,2.07766056060791,0.9842556715011597,34.375,Healthy,98.67
07:58:43,238.8949737548828,2.0618512630462646,0.9898532629013062,34.375,Healthy,98.67
07:58:45,237.9225311279297,2.041402578353882,0.984481155872345,34.375,Healthy,99.33
07:58:47,239.5432586669922,2.0217418670654297,0.9889033436775208,34.375,Healthy,99.33
07:58:49,238.24667358398438,2.177499532699585,0.9887154698371887,34.375,Healthy,99.33
07:58:50,238.24667358398438,2.050827980041504,0.9872576594352722,34.4375,Healthy,98.67
07:58:52,238.24667358398438,2.006357431411743,0.9848453998565674,34.375,Healthy,98.67
07:58:54,238.24667358398438,1.9876840114593506,0.994764506816864,34.4375,Healthy,99.33
07:58:55,238.8949737548828,2.065394401550293,0.9903505444526672,34.375,Healthy,98.0
07:58:57,237.9225311279297,2.052342653274536,0.983488142490387,34.4375,Healthy,99.33
07:58:59,237.59840393066406,2.056969165802002,0.9863191843032837,34.375,Healthy,97.71
07:59:01,238.24667358398438,2.7347679138183594,0.9939567446708679,34.375,Healthy,99.33
07:59:02,238.8949737548828,2.030313491821289,0.988921046257019,34.375,Healthy,98.67
07:59:04,238.5708465576172,2.031573534011841,0.9983272552490234,34.375,Healthy,98.67
07:59:06,239.2191162109375,1.9752756357192993,0.9870362877845764,34.375,Healthy,100.0
07:59:07,239.867431640625,2.0058562755584717,0.9900916218757629,34.375,Healthy,100.0
07:59:09,239.867431640625,2.036740779876709,0.9822978973388672,34.375,Healthy,99.33
07:59:11,238.8949737548828,2.01753306388855,0.9867629408836365,34.375,Healthy,99.33
07:59:13,238.24667358398438,2.0529661178588867,0.9868630766868591,34.375,Healthy,98.67
07:59:14,237.9225311279297,2.0533668994903564,0.9986374378204346,34.375,Healthy,99.33
07:59:16,239.867431640625,2.070565700531006,0.9916132688522339,34.375,Healthy,98.67
07:59:18,238.8949737548828,2.026212692260742,0.9907342195510864,34.375,Healthy,98.67
07:59:19,238.8949737548828,2.0200231075286865,0.9940211176872253,34.375,Healthy,98.67
07:59:21,240.1915740966797,2.018665313720703,0.9912329912185669,34.375,Healthy,100.0
07:59:23,238.8949737548828,1.994019627571106,0.9890698790550232,34.3125,Healthy,99.33
07:59:25,237.9225311279297,2.052520990371704,0.9887849688529968,34.3125,Healthy,99.33
07:59:26,238.8949737548828,2.0044431686401367,0.9950470328330994,34.3125,Healthy,99.33
07:59:28,238.8949737548828,2.0354390144348145,0.9866327047348022,34.3125,Healthy,98.67
07:59:30,237.9225311279297,2.0344507694244385,0.989894449710846,34.3125,Healthy,99.33
07:59:31,239.5432586669922,1.9774030447006226,0.9872428774833679,34.3125,Healthy,100.0
07:59:33,239.2191162109375,1.9880977869033813,0.9833006262779236,34.25,Healthy,100.0
07:59:35,239.2191162109375,2.0138602256774902,0.9782789945602417,34.25,Healthy,100.0
07:59:37,239.5432586669922,2.069594383239746,0.9863930344581604,34.25,Healthy,98.67
07:59:38,238.8949737548828,2.04748272895813,0.9869939088821411,34.25,Healthy,98.67
07:59:40,237.9225311279297,2.065748453140259,0.9855018258094788,34.25,Healthy,98.67
07:59:42,239.5432586669922,2.047259569168091,0.9938033819198608,34.25,Healthy,99.33
07:59:43,238.8949737548828,2.0282413959503174,0.9999200105667114,34.25,Healthy,98.67
07:59:45,240.1915740966797,2.0258517265319824,0.9842633008956909,34.25,Healthy,99.33
07:59:47,239.2191162109375,2.101716995239258,1.0121194124221802,34.25,Healthy,99.33
07:59:49,237.9225311279297,1.9938362836837769,0.9839723110198975,34.3125,Healthy,99.33
07:59:50,237.59840393066406,2.0301332473754883,0.9953242540359497,34.25,Healthy,97.71
07:59:52,239.5432586669922,2.058656930923462,0.9894599914550781,34.1875,Healthy,99.33
07:59:54,237.59840393066406,2.034226179122925,0.989119291305542,34.1875,Healthy,97.71
07:59:55,237.9225311279297,2.0065853595733643,0.9917176961898804,34.25,Healthy,99.33
07:59:57,239.2191162109375,1.9988723993301392,0.9911792278289795,34.1875,Healthy,100.0
07:59:59,237.9225311279297,2.007222890853882,0.9912125468254089,34.1875,Healthy,99.33
08:00:00,239.5432586669922,2.0235493183135986,0.9871611595153809,34.1875,Healthy,99.33
08:00:02,238.24667358398438,2.0227813720703125,0.9535378217697144,34.1875,Healthy,98.67
08:00:04,239.5432586669922,2.0125889778137207,0.9877529144287109,34.1875,Healthy,100.0
08:00:06,238.8949737548828,2.0168986320495605,0.9965624213218689,34.1875,Healthy,99.33
08:00:07,238.8949737548828,1.9850611686706543,1.0017515420913696,34.125,Healthy,100.0
08:00:09,237.9225311279297,2.043595314025879,0.9909089803695679,34.125,Healthy,99.33
08:00:11,239.5432586669922,1.9994667768478394,0.9857157468795776,34.1875,Healthy,100.0
08:00:12,238.8949737548828,2.3041884899139404,0.9889125227928162,34.1875,Healthy,99.33
08:00:14,237.9225311279297,1.9995582103729248,0.9946205615997314,34.125,Healthy,99.33
08:00:16,239.2191162109375,1.981604814529419,0.9898544549942017,34.125,Healthy,100.0
08:00:18,239.2191162109375,2.0610086917877197,1.0013291835784912,34.125,Healthy,99.33
08:00:19,236.62596130371094,2.6653385162353516,0.9876611828804016,34.125,Healthy,98.65
08:00:21,238.8949737548828,2.0068585872650146,0.9654900431632996,34.125,Healthy,99.33
08:00:23,238.5708465576172,2.0137240886688232,0.993586003780365,34.125,Healthy,99.33
08:00:24,239.5432586669922,1.9556045532226562,0.9864139556884766,34.0625,Healthy,100.0
08:00:26,238.8949737548828,2.0643763542175293,0.9865224957466125,34.125,Healthy,98.67
08:00:28,239.2191162109375,2.027655601501465,0.9916799068450928,34.0625,Healthy,99.33
08:00:30,237.9225311279297,2.0282413959503174,0.987995982170105,34.125,Healthy,99.33
08:00:31,237.9225311279297,2.0235493183135986,0.9818252325057983,34.0625,Healthy,99.33
08:00:33,236.62596130371094,2.248253345489502,0.9920620918273926,34.0,Healthy,98.65
08:00:35,239.5432586669922,2.029322862625122,0.9851822853088379,34.0625,Healthy,99.33
08:00:36,237.9225311279297,2.020385265350342,0.9900195002555847,34.0625,Healthy,99.33
08:00:38,237.9225311279297,2.009589433670044,1.0021626949310303,34.0625,Healthy,99.33
08:00:40,240.5157012939453,2.0850820541381836,0.9995450973510742,34.0625,Healthy,98.73
08:00:41,238.8949737548828,2.0532331466674805,0.989059329032898,34.0625,Healthy,98.67
08:00:43,238.8949737548828,2.014767646789551,0.9942900538444519,34.0,Healthy,99.33
08:00:45,237.59840393066406,2.009134531021118,0.9907991290092468,34.0625,Healthy,98.67
08:00:47,240.5157012939453,2.018303155899048,0.9884529113769531,34.0,Healthy,99.4
08:00:48,239.867431640625,2.053856372833252,0.9813453555107117,34.0,Healthy,99.33
08:00:50,237.9225311279297,1.9963558912277222,0.9876652359962463,34.0,Healthy,99.33
08:00:52,237.9225311279297,2.024723529815674,0.9900140762329102,34.0,Healthy,99.33
08:00:53,237.9225311279297,2.049267530441284,0.9884624481201172,34.0,Healthy,99.33
08:00:55,240.1915740966797,2.035932779312134,0.9902499318122864,34.0,Healthy,99.33
08:00:57,237.9225311279297,2.105757474899292,0.9906134009361267,34.0,Healthy,98.67
08:00:59,239.5432586669922,2.018031358718872,0.9860149621963501,34.0,Healthy,100.0
08:01:00,237.9225311279297,2.230334758758545,0.9822420477867126,34.0,Healthy,99.33
08:01:02,238.8949737548828,2.01635479927063,0.9780336022377014,33.9375,Healthy,99.33
08:01:04,239.5432586669922,2.2960822582244873,0.9941182732582092,34.0,Healthy,100.0
08:01:05,239.867431640625,2.0369203090667725,0.9878957271575928,33.9375,Healthy,99.33
08:01:07,239.5432586669922,2.014949083328247,0.992603063583374,33.9375,Healthy,100.0
08:01:09,237.9225311279297,1.975553274154663,0.9812831282615662,34.0,Healthy,100.0
08:01:11,238.8949737548828,2.2462196350097656,0.9861407279968262,33.875,Healthy,99.33
08:01:12,239.5432586669922,2.0714924335479736,0.9878576397895813,33.9375,Healthy,98.67
08:01:14,238.24667358398438,2.3550362586975098,0.9879216551780701,34.0,Healthy,99.33
08:01:16,239.2191162109375,2.071183681488037,0.9871772527694702,33.9375,Healthy,98.67
08:01:17,239.2191162109375,2.0689759254455566,0.9845854640007019,33.9375,Healthy,98.67
08:01:19,238.8949737548828,2.002800941467285,0.9906759262084961,33.9375,Healthy,99.33
08:01:21,239.5432586669922,2.0709187984466553,0.993831992149353,33.9375,Healthy,98.67
08:01:23,239.5432586669922,2.0396556854248047,1.0010329484939575,34.0,Healthy,99.33
08:01:24,238.8949737548828,2.04565167427063,0.9867430925369263,33.9375,Healthy,98.67
08:01:26,238.5708465576172,2.04364013671875,0.980973482131958,33.9375,Healthy,98.67
08:01:28,239.2191162109375,2.3418424129486084,0.9961709976196289,33.9375,Healthy,100.0
08:01:29,237.9225311279297,2.0203399658203125,0.9968279600143433,33.9375,Healthy,99.33
08:01:31,238.8949737548828,2.022510290145874,0.975264310836792,33.9375,Healthy,98.67
08:01:33,238.8949737548828,2.1051063537597656,0.9866301417350769,33.9375,Healthy,98.67
08:01:35,239.5432586669922,2.016400098800659,0.9780818819999695,33.875,Healthy,100.0
08:01:36,238.8949737548828,1.9962643384933472,1.002700686454773,33.9375,Healthy,99.33
08:01:38,239.5432586669922,2.0028467178344727,0.9852520227432251,33.875,Healthy,100.0
08:01:40,239.867431640625,2.0565247535705566,1.0066097974777222,33.875,Healthy,99.33
08:01:41,239.2191162109375,2.0280160903930664,0.9949515461921692,33.875,Healthy,99.33
08:01:43,239.2191162109375,2.0643322467803955,0.9908965826034546,33.875,Healthy,99.33
08:01:45,238.8949737548828,2.0406861305236816,0.9940969347953796,33.875,Healthy,98.67
08:01:46,238.8949737548828,2.052877187728882,0.9841551184654236,33.8125,Healthy,98.67
08:01:48,238.24667358398438,2.067031145095825,0.9860355257987976,33.875,Healthy,98.0
08:01:50,238.8949737548828,2.016672134399414,0.9883790016174316,33.875,Healthy,99.33
08:01:52,238.8949737548828,2.556715965270996,0.977764904499054,33.875,Healthy,99.33
08:01:53,239.867431640625,2.3823556900024414,0.9919348359107971,33.875,Healthy,100.0
08:01:55,239.5432586669922,2.0930447578430176,0.9850797057151794,33.875,Healthy,99.33
08:01:57,238.8949737548828,2.019796848297119,0.9912765622138977,33.8125,Healthy,99.33
08:01:58,239.5432586669922,1.9779576063156128,0.9854583144187927,33.8125,Healthy,100.0
08:02:00,238.8949737548828,2.0340914726257324,0.9849638938903809,33.8125,Healthy,98.67
08:02:02,238.8949737548828,2.0004265308380127,0.9876775145530701,33.8125,Healthy,99.33
08:02:04,239.2191162109375,1.988419532775879,0.9934706091880798,33.8125,Healthy,100.0
08:02:05,239.867431640625,2.0284667015075684,0.9804155230522156,33.875,Healthy,99.33
08:02:07,238.24667358398438,2.0193443298339844,0.9900146126747131,33.8125,Healthy,98.67
08:02:09,239.2191162109375,2.096579074859619,0.993696928024292,33.8125,Healthy,99.33
08:02:10,238.8949737548828,1.9854295253753662,0.9889963865280151,33.8125,Healthy,100.0
08:02:12,238.8949737548828,2.0423872470855713,0.9932735562324524,33.8125,Healthy,98.67
08:02:14,238.8949737548828,1.982112169265747,0.9903059601783752,33.8125,Healthy,100.0
08:02:16,239.5432586669922,1.9955774545669556,0.9853147268295288,33.8125,Healthy,100.0
08:02:17,239.2191162109375,2.0931320190429688,0.9875297546386719,33.8125,Healthy,99.33
08:02:19,238.8949737548828,1.999923825263977,0.9887742400169373,33.75,Healthy,99.33
08:02:21,239.2191162109375,2.0133609771728516,0.9828721284866333,33.8125,Healthy,100.0
08:02:22,240.1915740966797,1.971106767654419,0.9886494278907776,33.8125,Healthy,100.0
08:02:24,239.2191162109375,2.0706980228424072,0.9970067143440247,33.8125,Healthy,98.67
08:02:26,238.8949737548828,2.0280611515045166,0.9833642840385437,33.8125,Healthy,98.67
08:02:28,237.27426147460938,2.4458489418029785,0.9921289682388306,33.8125,Healthy,97.98
08:02:29,238.8949737548828,2.0149037837982178,0.9922304153442383,33.75,Healthy,99.33
08:02:31,236.62596130371094,1.9805898666381836,0.9845889210700989,33.75,Healthy,100.0
08:02:33,238.8949737548828,2.07250714302063,2.327192783355713,33.8125,Faulty,82.67
08:02:34,239.5432586669922,2.3742852210998535,0.9854453206062317,33.8125,Healthy,100.0
08:02:36,239.867431640625,2.0431926250457764,0.9830214381217957,33.8125,Healthy,99.33
08:02:38,239.867431640625,2.5960943698883057,0.9927931427955627,33.8125,Healthy,100.0
08:02:40,239.2191162109375,2.062781810760498,0.9919805526733398,33.75,Healthy,99.33
08:02:41,239.2191162109375,2.0626490116119385,0.9845414161682129,33.75,Healthy,99.33
08:02:43,280.38555908203125,2.9300007820129395,1.1276435852050781,33.8125,Healthy,91.61
08:02:45,185.7351837158203,3.312058448791504,0.9523618817329407,33.75,Healthy,96.74
08:02:46,222.36358642578125,2.979954481124878,1.1542607545852661,33.75,Healthy,97.65
08:02:48,274.8750915527344,2.9777145385742188,1.076460599899292,33.75,Healthy,91.61
08:02:50,191.2456512451172,3.4615678787231445,1.0550155639648438,33.75,Healthy,96.11
08:02:51,286.5443115234375,2.946549654006958,0.9822055697441101,33.8125,Healthy,92.94
08:02:53,290.10992431640625,2.9780521392822266,1.1352250576019287,33.75,Healthy,91.61
08:02:55,275.5234069824219,3.030954599380493,1.0581191778182983,33.8125,Healthy,92.21
08:02:57,284.923583984375,3.020684242248535,1.0989209413528442,33.75,Healthy,92.21
08:02:58,208.1011962890625,3.0019264221191406,0.9792987108230591,33.75,Healthy,98.31
08:03:00,222.03944396972656,3.008100986480713,1.1055412292480469,33.8125,Healthy,97.65
08:03:02,189.30076599121094,3.064662456512451,1.1441800594329834,33.75,Healthy,97.82
08:03:03,279.4131164550781,3.0039048194885254,0.9854694604873657,33.75,Healthy,92.94
08:03:05,290.10992431640625,3.011046886444092,1.0982874631881714,33.8125,Healthy,91.61
08:03:07,191.89393615722656,3.477111577987671,0.9535315632820129,33.8125,Healthy,96.11
08:03:09,201.2941436767578,2.991373062133789,0.9739491939544678,33.8125,Healthy,98.31
08:03:10,272.6060791015625,3.0039353370666504,1.1222668886184692,33.8125,Healthy,91.61
08:03:12,210.69435119628906,2.94043231010437,0.934569239616394,33.8125,Healthy,98.31
08:03:14,266.44732666015625,3.0933382511138916,1.1897190809249878,33.8125,Healthy,90.99
08:03:15,198.37684631347656,3.004969596862793,0.9729540348052979,33.8125,Healthy,98.31
08:03:17,282.00628662109375,3.017778158187866,1.1121535301208496,33.875,Healthy,91.61
08:03:19,258.0195617675781,2.9907009601593018,0.9587891101837158,33.875,Healthy,92.94
08:03:21,229.81890869140625,3.023859739303589,1.0338369607925415,33.8125,Healthy,98.49
08:03:22,193.83880615234375,3.0377321243286133,1.099176049232483,33.875,Healthy,97.82
08:03:24,278.76483154296875,2.9587152004241943,1.0330469608306885,33.875,Healthy,92.94
                                                                                                                                                                                                                                                                 08:07:02,219.77041625976562,2.2534103393554688,1.023970127105713,36.75,Healthy,99.09
08:07:05,282.6545715332031,2.3341410160064697,1.1035473346710205,36.8125,Healthy,92.28
08:07:06,198.05267333984375,2.367114305496216,1.1084041595458984,36.8125,Healthy,98.76
08:07:08,246.02618408203125,2.3001787662506104,1.043813705444336,36.875,Healthy,91.61
08:07:10,215.8806915283203,2.288706064224243,0.9798465967178345,36.875,Healthy,99.09
08:07:11,187.6800537109375,2.325549602508545,1.0052061080932617,36.875,Healthy,98.76
08:07:13,221.71530151367188,2.2983102798461914,0.9899414777755737,37.0,Healthy,99.09
08:07:15,266.44732666015625,2.2902629375457764,1.0432723760604858,37.0,Healthy,92.28
08:07:17,271.3094787597656,2.3688511848449707,1.1000287532806396,37.0,Healthy,92.28
08:07:18,277.7923889160156,2.275207996368408,0.989935576915741,37.0625,Healthy,92.28
08:07:20,261.9092712402344,2.30621075630188,1.1085069179534912,37.125,Healthy,92.28
08:07:22,188.65249633789062,2.3042678833007812,1.062705397605896,37.125,Healthy,98.76
08:07:23,231.11549377441406,2.388256788253784,0.9489315152168274,37.125,Healthy,98.76
08:07:25,272.2819519042969,2.2350425720214844,1.0787769556045532,37.1875,Healthy,91.61
08:07:27,191.2456512451172,2.3300256729125977,0.9721415638923645,37.25,Healthy,98.76
08:07:29,190.27320861816406,2.2950470447540283,1.0120735168457031,37.25,Healthy,99.09
08:07:30,220.418701171875,2.277095317840576,1.0604164600372314,37.3125,Healthy,99.09
08:07:32,291.4064636230469,2.2567338943481445,0.9832944273948669,37.3125,Healthy,92.28
08:07:34,255.4263916015625,2.3540658950805664,1.0495556592941284,37.375,Healthy,92.28
08:07:35,204.21145629882812,2.364912271499634,1.161141276359558,37.375,Healthy,98.76
08:07:37,232.73622131347656,2.440274477005005,0.9396568536758423,37.375,Healthy,98.76
08:07:39,292.37890625,2.2858688831329346,1.1030324697494507,37.4375,Healthy,91.61
08:07:41,202.91485595703125,2.256004810333252,1.0697635412216187,37.4375,Healthy,99.09
08:07:42,221.39112854003906,2.281346082687378,1.0847429037094116,37.5,Healthy,99.09
08:07:44,278.1165466308594,2.298509120941162,1.1527512073516846,37.5,Healthy,92.28
08:07:46,232.08792114257812,2.254626989364624,0.9719960689544678,37.5625,Healthy,99.09
08:07:47,199.99755859375,2.3192131519317627,1.0639504194259644,37.625,Healthy,98.38
08:07:49,211.9909210205078,2.2965598106384277,1.0153332948684692,37.5625,Healthy,99.09
08:07:51,289.46160888671875,2.3753244876861572,0.9360153675079346,37.5625,Healthy,92.94
08:07:53,192.54222106933594,2.3321821689605713,1.1111944913864136,37.625,Healthy,98.38
08:07:54,274.8750915527344,2.2907018661499023,1.0266228914260864,37.6875,Healthy,92.94
08:07:56,197.72854614257812,2.28346848487854,1.1106153726577759,37.6875,Healthy,98.71
08:07:58,248.61932373046875,2.2454464435577393,1.0483126640319824,37.75,Healthy,91.61
08:07:59,256.72296142578125,2.3070032596588135,1.1133345365524292,37.75,Healthy,92.28
08:08:01,285.8960266113281,2.299741506576538,0.9265462756156921,37.8125,Healthy,92.94
08:08:03,215.2323760986328,2.3016483783721924,1.0253350734710693,37.8125,Healthy,98.38
08:08:05,195.78366088867188,2.303514242172241,1.0714329481124878,37.8125,Healthy,98.38
08:08:06,206.15631103515625,2.324723958969116,0.9795874357223511,37.875,Healthy,98.38
08:08:08,187.35589599609375,2.2902231216430664,1.0031949281692505,37.875,Healthy,98.71
08:08:10,241.1639862060547,2.339733839035034,1.1003456115722656,37.9375,Healthy,97.46
08:08:11,222.68771362304688,2.2369227409362793,1.0083882808685303,38.0,Healthy,98.71
08:08:13,236.30181884765625,2.4201531410217285,1.1028317213058472,38.0,Healthy,98.71
08:08:15,285.2477111816406,2.316373825073242,0.9419957399368286,38.0625,Healthy,92.94
08:08:17,288.4891662597656,2.3114757537841797,0.9809285402297974,38.0,Healthy,92.94
08:08:18,220.418701171875,2.38588285446167,1.002964735031128,38.125,Healthy,98.38
08:08:20,289.46160888671875,2.349985361099243,1.0042922496795654,38.125,Healthy,92.94
08:08:22,201.94244384765625,2.298628568649292,1.1713038682937622,38.1875,Healthy,98.71
08:08:23,266.7714538574219,2.3216946125030518,1.0060105323791504,38.1875,Healthy,92.94
08:08:25,202.26658630371094,2.286348581314087,1.1773381233215332,38.25,Healthy,98.71
08:08:27,270.3370666503906,2.335197925567627,1.0001991987228394,38.25,Healthy,92.94
08:08:29,210.37020874023438,2.3384053707122803,1.1834717988967896,38.25,Healthy,98.38
08:08:30,245.37786865234375,2.333710193634033,1.0805495977401733,38.3125,Healthy,92.28
08:08:32,290.10992431640625,2.3422327041625977,1.0295830965042114,38.3125,Healthy,92.94
08:08:34,187.03175354003906,2.3662259578704834,1.0291520357131958,38.3125,Healthy,98.38
08:08:35,269.3646240234375,2.286708354949951,1.0930750370025635,38.375,Healthy,91.61
08:08:37,291.08233642578125,2.3521625995635986,0.9808678030967712,38.375,Healthy,92.94
08:08:39,210.37020874023438,2.305814266204834,1.1628811359405518,38.5,Healthy,98.38
08:08:41,230.4672088623047,2.352046012878418,0.9311587810516357,38.4375,Healthy,98.38
08:08:43,273.90264892578125,2.3083102703094482,0.9954346418380737,38.5,Healthy,92.94
08:08:44,248.61932373046875,2.299344062805176,0.9556657075881958,38.5625,Healthy,92.94
08:08:46,276.4958190917969,2.300774574279785,0.9949050545692444,38.5625,Healthy,92.94
08:08:48,208.42532348632812,2.308429002761841,1.0650999546051025,38.625,Healthy,98.38
08:08:49,228.84649658203125,2.322481870651245,1.0449550151824951,38.625,Healthy,98.38
08:08:51,256.3988037109375,2.306527853012085,0.9571195840835571,38.6875,Healthy,92.94
08:08:53,276.8199462890625,2.2562882900238037,1.0278267860412598,38.75,Healthy,92.28
08:08:55,197.40440368652344,2.3311238288879395,0.9312214851379395,38.75,Healthy,98.01
08:08:56,273.25433349609375,2.3046646118164062,0.9633915424346924,38.8125,Healthy,92.94
08:08:58,191.56979370117188,2.320592164993286,1.1068910360336304,38.875,Healthy,98.01
08:09:00,236.30181884765625,2.2994236946105957,1.0784250497817993,38.875,Healthy,98.34
08:09:01,265.4748840332031,2.2398629188537598,1.158721923828125,38.9375,Healthy,91.61
08:09:03,210.04605102539062,2.3317511081695557,1.0308587551116943,38.875,Healthy,98.01
08:09:05,268.0680236816406,2.2764530181884766,1.119499683380127,38.9375,Healthy,91.61
08:09:07,257.047119140625,2.334610939025879,0.9558494687080383,38.9375,Healthy,92.94
08:09:08,200.64585876464844,2.3527064323425293,0.9964665174484253,39.0,Healthy,98.01
08:09:10,282.3304138183594,2.258758068084717,1.082990050315857,39.0,Healthy,91.61
08:09:12,202.26658630371094,2.3248026371002197,0.9473220705986023,39.0,Healthy,98.01
08:09:13,244.40545654296875,2.2907018661499023,1.1089377403259277,39.0,Healthy,92.28
08:09:15,278.1165466308594,2.3299081325531006,0.9420424699783325,39.125,Healthy,92.94
08:09:17,271.3094787597656,2.3255889415740967,1.0298676490783691,39.0625,Healthy,92.94
08:09:19,291.4064636230469,2.308151960372925,1.1439292430877686,39.0625,Healthy,92.28
08:09:20,270.9853515625,2.310091495513916,0.9782760143280029,39.125,Healthy,92.94
08:09:22,187.03175354003906,2.34051513671875,0.9554234147071838,39.125,Healthy,98.01
08:09:24,286.86846923828125,2.3127012252807617,1.0305125713348389,39.1875,Healthy,92.94
08:09:25,211.66677856445312,2.341764450073242,1.0017139911651611,39.3125,Healthy,98.01
08:09:27,226.25331115722656,2.379361391067505,1.0322421789169312,39.25,Healthy,98.01
08:09:29,274.226806640625,2.3680408000946045,0.9747265577316284,39.25,Healthy,92.94
08:09:31,194.48709106445312,2.3646416664123535,1.0275154113769531,39.3125,Healthy,98.01
08:09:32,187.35589599609375,2.308151960372925,1.1488984823226929,39.3125,Healthy,98.01
08:09:34,190.27320861816406,2.365337371826172,1.0312778949737549,39.375,Healthy,95.87
08:09:36,278.4407043457031,2.2818667888641357,1.0529615879058838,39.375,Healthy,91.02
08:09:37,198.37684631347656,2.3006157875061035,1.0792925357818604,39.375,Healthy,95.87
08:09:39,252.1849365234375,2.3286523818969727,0.9445344805717468,39.4375,Healthy,92.35
08:09:41,255.75051879882812,2.3448069095611572,1.0414073467254639,39.4375,Healthy,91.68
08:09:43,228.5223388671875,2.3175179958343506,1.0770094394683838,39.5,Healthy,98.61
08:09:44,285.5718994140625,2.3408665657043457,1.1072660684585571,39.5,Healthy,92.28
08:09:46,187.6800537109375,2.3606958389282227,0.9691110253334045,39.5,Healthy,98.61
08:09:48,199.99755859375,2.3666508197784424,1.0469392538070679,39.5625,Healthy,98.61
08:09:49,237.9225311279297,2.3303394317626953,0.9915319681167603,39.5625,Healthy,100.0
08:09:51,280.38555908203125,2.3238589763641357,0.9946935772895813,39.625,Healthy,92.94
08:09:53,245.70201110839844,2.3705482482910156,1.0728273391723633,39.625,Healthy,91.61
08:09:55,235.00521850585938,2.2995030879974365,0.9774016737937927,39.625,Healthy,99.34
08:09:56,211.66677856445312,2.3708181381225586,0.9678087830543518,39.6875,Healthy,98.34
08:09:58,193.51466369628906,2.3523178100585938,1.0448598861694336,39.75,Healthy,98.34
08:10:00,270.3370666503906,2.3638298511505127,1.1379690170288086,39.75,Healthy,92.28
08:10:01,187.35589599609375,2.3164923191070557,0.9757350087165833,39.8125,Healthy,98.34
08:10:03,186.38345336914062,2.340085506439209,1.1097526550292969,39.75,Healthy,98.34
08:10:05,278.76483154296875,2.308151960372925,1.1502529382705688,39.75,Healthy,92.28
08:10:07,249.59178161621094,2.343520164489746,1.0001580715179443,39.8125,Healthy,92.94
08:10:08,225.28089904785156,2.3414130210876465,1.0627007484436035,39.8125,Healthy,98.34
08:10:10,220.74285888671875,2.3559675216674805,1.1188268661499023,39.875,Healthy,98.34
08:10:12,190.27320861816406,2.3299081325531006,1.098943829536438,39.875,Healthy,98.34
08:10:13,244.08128356933594,2.461308479309082,0.9766976833343506,39.875,Healthy,92.73
08:10:15,277.7923889160156,2.314518690109253,1.0642093420028687,39.9375,Healthy,92.28
08:10:17,245.70201110839844,2.3210647106170654,0.9325685501098633,39.9375,Healthy,92.28
08:10:19,231.11549377441406,2.3284952640533447,0.9729230403900146,40.0,Healthy,98.34
08:10:20,222.36358642578125,2.3138866424560547,1.0701249837875366,40.0,Healthy,98.34
08:10:22,280.38555908203125,2.3368804454803467,0.9780378341674805,40.0625,Healthy,92.94
08:10:24,260.2885437011719,2.3176755905151367,1.0208433866500854,40.0625,Healthy,92.94
08:10:25,198.37684631347656,2.347689628601074,1.083394169807434,40.0625,Healthy,98.34
08:10:27,240.1915740966797,0.34364187717437744,0.9776796698570251,40.125,Healthy,99.87
08:10:29,239.2191162109375,0.3845599591732025,0.9971176981925964,40.125,Healthy,99.87
08:10:31,239.867431640625,0.3261754810810089,0.9907630085945129,40.1875,Healthy,99.87
08:10:32,239.5432586669922,0.0,1.014652132987976,40.1875,Healthy,99.87
08:10:34,243.10888671875,4.058870792388916,0.9967483282089233,40.25,Healthy,90.72
08:10:36,240.1915740966797,2.908930778503418,0.9938960075378418,40.3125,Healthy,99.91
08:10:37,241.48814392089844,3.3667445182800293,1.005239486694336,40.3125,Healthy,94.83
08:10:39,242.13641357421875,3.333322286605835,0.9997166395187378,40.375,Healthy,90.47
08:10:41,236.62596130371094,3.314155101776123,1.0012462139129639,40.4375,Healthy,98.05
08:10:43,242.13641357421875,3.2516791820526123,0.9963915944099426,40.5,Healthy,91.7
08:10:44,240.1915740966797,3.2711007595062256,0.9881073236465454,40.5,Healthy,98.09
08:10:46,241.1639862060547,3.3002262115478516,0.9893963932991028,40.5625,Healthy,95.3
08:10:48,240.1915740966797,3.2563982009887695,0.9920284748077393,40.625,Healthy,98.09
08:10:49,239.5432586669922,2.835387945175171,0.9911454319953918,40.6875,Healthy,99.91
08:10:51,241.1639862060547,2.6771774291992188,0.9847966432571411,40.6875,Healthy,96.9
08:10:53,241.8123016357422,2.284268856048584,0.9853127002716064,40.75,Healthy,98.32
08:10:55,241.48814392089844,1.6615806818008423,0.9921604990959167,40.75,Healthy,98.26
08:10:56,241.1639862060547,2.2530453205108643,0.9861034154891968,40.8125,Healthy,96.9
08:10:58,240.83982849121094,2.2526803016662598,0.988358736038208,40.8125,Healthy,99.4
08:11:00,241.1639862060547,2.3052196502685547,0.9897041916847229,40.8125,Healthy,96.9
08:11:01,240.5157012939453,2.2408010959625244,0.9907916784286499,40.8125,Healthy,99.4
08:11:03,240.1915740966797,2.249025583267212,0.9915134906768799,40.875,Healthy,100.0
08:11:05,239.867431640625,2.2350425720214844,0.9895246624946594,40.8125,Healthy,100.0
08:11:07,240.1915740966797,2.2368412017822266,0.9899009466171265,40.875,Healthy,100.0
08:11:08,239.867431640625,2.085301160812378,0.9775088429450989,40.875,Healthy,99.33
08:11:10,240.1915740966797,2.2246310710906982,0.9891255497932434,40.875,Healthy,100.0
08:11:12,237.59840393066406,1.731562614440918,0.9909777641296387,40.9375,Healthy,99.93
08:11:13,237.27426147460938,2.2859487533569336,0.9877589344978333,40.9375,Healthy,100.0
08:11:15,239.867431640625,2.2565314769744873,0.9897675514221191,41.0,Healthy,100.0
08:11:17,239.2191162109375,2.350918769836426,0.9925915002822876,41.0,Healthy,100.0
08:11:19,238.8949737548828,2.040327787399292,0.9902982115745544,41.0,Healthy,99.33
08:11:20,239.5432586669922,2.24996018409729,0.9907189607620239,41.0,Healthy,100.0
08:11:22,239.2191162109375,2.2560858726501465,0.9901560544967651,41.0625,Healthy,100.0
08:11:24,239.2191162109375,2.2664334774017334,0.9908210039138794,41.0625,Healthy,100.0
08:11:25,238.8949737548828,2.232710361480713,0.993447482585907,41.0625,Healthy,100.0
08:11:27,240.1915740966797,2.3424668312072754,0.9843817949295044,41.0625,Healthy,100.0
08:11:29,237.59840393066406,2.2712676525115967,0.9843111038208008,41.125,Healthy,100.0
08:11:31,240.1915740966797,2.3048627376556396,0.9884538650512695,41.125,Healthy,100.0
08:11:32,240.1915740966797,2.2568960189819336,0.9887213110923767,41.125,Healthy,100.0
08:11:34,239.5432586669922,2.252315044403076,0.9897434711456299,41.125,Healthy,100.0
08:11:36,239.5432586669922,2.1749374866485596,0.9932401180267334,41.125,Healthy,100.0
08:11:37,238.8949737548828,2.2097907066345215,0.9942163825035095,41.1875,Healthy,100.0
08:11:39,239.2191162109375,2.1986777782440186,0.9882736206054688,41.1875,Healthy,100.0
08:11:41,238.8949737548828,2.245893955230713,0.9899405241012573,41.125,Healthy,100.0
08:11:43,239.5432586669922,2.1740968227386475,0.9990587830543518,41.125,Healthy,100.0
08:11:44,239.5432586669922,2.1721200942993164,0.9829968214035034,41.1875,Healthy,100.0
08:11:46,239.2191162109375,2.1329703330993652,0.9883204698562622,41.125,Healthy,99.33
08:11:48,239.2191162109375,2.239699602127075,0.9889125227928162,41.125,Healthy,100.0
08:11:50,238.8949737548828,2.137465000152588,0.9831324815750122,41.125,Healthy,99.33
08:11:51,238.8949737548828,2.128079652786255,0.9846332669258118,41.1875,Healthy,99.33
08:11:53,238.8949737548828,2.102803945541382,0.9861696362495422,41.1875,Healthy,99.33
08:11:55,239.5432586669922,2.07250714302063,0.9866931438446045,41.125,Healthy,99.33
08:11:56,239.5432586669922,2.1181349754333496,0.9893116354942322,41.1875,Healthy,99.33
08:11:58,239.5432586669922,2.1149394512176514,0.9782140254974365,41.1875,Healthy,99.33
08:12:00,238.24667358398438,2.120851755142212,0.9930923581123352,41.125,Healthy,98.67
08:12:02,239.867431640625,2.0052638053894043,0.9884258508682251,41.1875,Healthy,100.0
08:12:03,239.5432586669922,2.0809133052825928,0.9943029284477234,41.125,Healthy,99.33
08:12:05,239.5432586669922,2.0914721488952637,0.9903817176818848,41.125,Healthy,99.33
08:12:07,239.867431640625,2.1040639877319336,0.9883901476860046,41.125,Healthy,99.33
08:12:08,237.59840393066406,2.0846874713897705,0.9797189235687256,41.1875,Healthy,99.33
08:12:10,238.8949737548828,2.014132499694824,0.9856829643249512,41.1875,Healthy,100.0
08:12:12,239.867431640625,2.3839282989501953,0.9886155128479004,41.25,Healthy,100.0
08:12:14,239.2191162109375,41.32231521606445,0.9886070489883423,41.25,Healthy,95.74
08:12:15,239.867431640625,41.32231521606445,0.9881470203399658,41.1875,Healthy,95.74
08:12:17,240.5157012939453,41.32231521606445,0.9856651425361633,41.1875,Healthy,95.32
08:12:19,240.5157012939453,41.32231521606445,0.9994240999221802,41.1875,Healthy,95.32
08:12:20,241.1639862060547,41.32231521606445,0.9762269258499146,41.25,Healthy,93.58
08:12:22,240.83982849121094,41.32231521606445,0.9898089170455933,41.25,Healthy,95.32
08:12:24,240.1915740966797,41.32231521606445,0.9850672483444214,41.25,Healthy,95.74
08:12:26,240.1915740966797,41.32231521606445,0.990227222442627,41.25,Healthy,95.74
08:12:27,240.5157012939453,41.32231521606445,0.9894529581069946,41.25,Healthy,95.32
08:12:29,239.5432586669922,41.32231521606445,0.9753693342208862,41.25,Healthy,95.74
08:12:31,240.1915740966797,41.32231521606445,0.9859967827796936,41.25,Healthy,95.74
08:12:32,240.1915740966797,41.32231521606445,0.9886204600334167,41.25,Healthy,95.74
08:12:34,239.867431640625,41.32231521606445,0.9904239177703857,41.25,Healthy,95.74
08:12:36,239.5432586669922,0.6334423422813416,0.987833559513092,41.25,Healthy,100.0
08:12:38,239.867431640625,0.6235532760620117,0.9902766346931458,41.25,Healthy,100.0
08:12:39,236.30181884765625,0.624724805355072,0.9937418103218079,41.25,Healthy,99.93
08:12:41,239.2191162109375,0.6416142582893372,0.9941399097442627,41.25,Healthy,100.0
08:12:43,238.8949737548828,0.6212035417556763,0.9921362400054932,41.25,Healthy,100.0
08:12:44,239.2191162109375,0.6986271142959595,0.9859148859977722,41.25,Healthy,100.0
08:12:46,239.2191162109375,0.6572365164756775,0.9873380661010742,41.1875,Healthy,100.0
08:12:48,239.2191162109375,0.7412834167480469,0.9989379644393921,41.1875,Healthy,100.0
08:12:50,239.5432586669922,0.824190616607666,0.9933443069458008,41.1875,Healthy,100.0
08:12:51,239.2191162109375,0.6723600029945374,0.9832730889320374,41.1875,Healthy,100.0
08:12:53,238.8949737548828,0.6139516234397888,0.9851111769676208,41.25,Healthy,100.0
08:12:55,238.8949737548828,0.656958281993866,0.993040919303894,41.1875,Healthy,100.0
08:12:56,239.2191162109375,0.6536107063293457,0.9906980395317078,41.1875,Healthy,100.0
08:12:58,239.2191162109375,0.6477108001708984,0.9891946315765381,41.1875,Healthy,100.0
08:13:00,236.95013427734375,0.6428950428962708,0.984669029712677,41.1875,Healthy,99.93
08:13:02,236.95013427734375,0.6368958950042725,0.988884687423706,41.1875,Healthy,99.93
08:13:03,237.27426147460938,0.6444570422172546,0.9826527237892151,41.1875,Healthy,99.93
08:13:05,236.30181884765625,0.7007172703742981,0.9849965572357178,41.25,Healthy,99.93
08:13:07,237.59840393066406,0.6363216042518616,0.9884728789329529,41.25,Healthy,99.93
08:13:08,237.59840393066406,0.7571428418159485,0.9885866641998291,41.25,Healthy,99.93
08:13:10,237.27426147460938,0.635890543460846,0.9892075061798096,41.1875,Healthy,99.93
08:13:12,237.9225311279297,0.6189925670623779,0.9897850751876831,41.1875,Healthy,100.0
08:13:14,238.8949737548828,0.6370394229888916,0.9884791374206543,41.1875,Healthy,100.0
08:13:15,237.9225311279297,0.7705446481704712,0.9920536875724792,41.1875,Healthy,100.0
08:13:17,237.9225311279297,0.5950515866279602,0.9855729937553406,41.1875,Healthy,100.0
08:13:19,239.2191162109375,0.6331536769866943,0.9962603449821472,41.1875,Healthy,100.0
08:13:20,237.27426147460938,0.6343075037002563,0.9890838265419006,41.1875,Healthy,99.93
08:13:22,238.24667358398438,0.6200253367424011,0.9865081310272217,41.1875,Healthy,100.0
08:13:24,237.9225311279297,0.8536079525947571,0.9928309321403503,41.1875,Healthy,100.0
08:13:26,238.8949737548828,0.6296795606613159,0.9897522926330566,41.125,Healthy,100.0
08:13:27,237.9225311279297,0.6520706415176392,0.9898337125778198,41.125,Healthy,100.0
08:13:29,239.2191162109375,0.6311294436454773,0.9878206849098206,41.0625,Healthy,100.0
08:13:31,239.867431640625,0.6149928569793701,0.9915127754211426,41.0625,Healthy,100.0
08:13:32,238.8949737548828,0.6354591846466064,0.9872082471847534,41.0625,Healthy,100.0
08:13:34,240.1915740966797,0.6391879320144653,0.9869151711463928,41.0625,Healthy,100.0
08:13:36,239.5432586669922,0.6671742796897888,0.9923744201660156,41.0625,Healthy,100.0
08:13:38,239.867431640625,0.6166254878044128,0.9897253513336182,41.0625,Healthy,100.0
08:13:39,239.867431640625,0.6494019627571106,0.9892149567604065,41.0625,Healthy,100.0
08:13:41,239.5432586669922,0.7005867958068848,0.9895808696746826,41.0625,Healthy,100.0
08:13:43,239.2191162109375,0.628662645816803,0.9936460256576538,41.0625,Healthy,100.0
08:13:44,239.5432586669922,0.6357467770576477,0.9834945797920227,41.0625,Healthy,100.0
08:13:46,239.2191162109375,0.6350275278091431,0.9855989217758179,41.0,Healthy,100.0
08:13:48,239.867431640625,0.6400453448295593,0.9900116324424744,41.0625,Healthy,100.0
08:13:50,239.5432586669922,0.6478519439697266,0.9897850155830383,41.0,Healthy,100.0
08:13:51,240.1915740966797,0.6263321042060852,0.9806792140007019,41.0625,Healthy,100.0
08:13:53,236.95013427734375,0.6582092642784119,0.9834164381027222,41.0,Healthy,99.93
08:13:55,232.08792114257812,0.7127448320388794,0.9965932369232178,41.0,Healthy,98.68
08:13:56,232.08792114257812,0.6818094253540039,0.9907923936843872,41.0,Healthy,98.68
08:13:58,231.11549377441406,0.6565408110618591,0.9935857057571411,41.0,Healthy,98.68
08:14:00,234.68109130859375,0.7363349199295044,0.9882705211639404,41.0,Healthy,99.34
08:14:02,230.14305114746094,0.6269155144691467,0.9893969893455505,41.0,Healthy,98.68
08:14:03,229.17062377929688,0.6547284722328186,0.9857285618782043,40.9375,Healthy,98.68
08:14:05,228.5223388671875,0.6587644815444946,0.9917784333229065,40.9375,Healthy,98.68
08:14:07,229.81890869140625,0.6611189246177673,0.9845609068870544,40.9375,Healthy,98.68
08:14:09,230.79135131835938,0.6540300846099854,0.992403507232666,40.9375,Healthy,98.68
08:14:10,230.4672088623047,0.6288080215454102,0.9911691546440125,40.9375,Healthy,98.68
08:14:12,230.4672088623047,0.6327204704284668,0.9922460317611694,40.9375,Healthy,98.68
08:14:14,228.84649658203125,0.6649786829948425,0.9876347780227661,40.9375,Healthy,98.68
08:14:15,229.49476623535156,0.6705904603004456,0.9932302236557007,40.875,Healthy,98.68
08:14:17,229.49476623535156,0.6344515681266785,0.9934694170951843,40.9375,Healthy,98.68
08:14:19,230.4672088623047,0.6501052975654602,0.9832732677459717,40.9375,Healthy,98.68
08:14:21,227.2257537841797,0.6386157274246216,0.9877980947494507,40.875,Healthy,98.68
08:14:22,229.81890869140625,0.6937695741653442,0.9755173325538635,40.875,Healthy,98.68
08:14:24,229.17062377929688,0.7374511957168579,0.9885232448577881,40.875,Healthy,98.68
08:14:26,227.87405395507812,0.662086009979248,0.9809666872024536,40.8125,Healthy,98.68
08:14:27,227.5498809814453,0.9505721926689148,0.9938600659370422,40.875,Healthy,98.68
08:14:29,230.79135131835938,0.6176621913909912,0.9866063594818115,40.875,Healthy,98.68
08:14:31,228.5223388671875,0.6579314470291138,0.9889546632766724,40.8125,Healthy,98.68
08:14:33,228.84649658203125,0.6570973992347717,0.9882860779762268,40.8125,Healthy,98.68
08:14:34,228.5223388671875,0.6510887145996094,0.9890307784080505,40.8125,Healthy,98.68
08:14:36,228.84649658203125,0.7121033668518066,0.9907667636871338,40.8125,Healthy,98.68
08:14:38,226.901611328125,0.726336658000946,0.9879938960075378,40.8125,Healthy,98.68
08:14:39,228.5223388671875,0.6348835825920105,0.9918950796127319,40.8125,Healthy,98.68
08:14:41,228.5223388671875,0.6523509621620178,0.9850545525550842,40.75,Healthy,98.68
08:14:43,227.5498809814453,0.7000647783279419,0.9869976043701172,40.75,Healthy,98.68
08:14:45,227.2257537841797,0.6580703854560852,0.9819097518920898,40.75,Healthy,98.68
08:14:46,227.87405395507812,0.601923942565918,0.9911980628967285,40.75,Healthy,98.68
08:14:48,228.84649658203125,0.6573755741119385,0.9995724558830261,40.8125,Healthy,98.68
08:14:50,229.49476623535156,1.1607882976531982,0.9868786334991455,40.8125,Healthy,98.68
08:14:51,227.5498809814453,0.6799300312995911,0.9868793487548828,40.75,Healthy,98.68
08:14:53,228.5223388671875,0.6306948065757751,0.9845433831214905,40.8125,Healthy,98.68
08:14:55,227.2257537841797,0.6552866697311401,0.9840211868286133,40.8125,Healthy,98.68
08:14:57,227.87405395507812,0.6250173449516296,0.9817062616348267,40.75,Healthy,98.68
08:14:58,227.87405395507812,0.7191281318664551,0.9856682419776917,40.8125,Healthy,98.68
08:15:00,227.87405395507812,0.6360342502593994,0.9909372329711914,40.75,Healthy,98.68
08:15:02,226.901611328125,0.6216447949409485,0.9882298111915588,40.75,Healthy,98.68
08:15:03,226.57745361328125,0.6576535701751709,0.9844290614128113,40.75,Healthy,98.68
08:15:05,226.25331115722656,0.6331536769866943,0.9898869395256042,40.75,Healthy,98.68
08:15:07,226.25331115722656,0.62749844789505,0.9964171051979065,40.6875,Healthy,98.68
08:15:09,226.57745361328125,0.6194354295730591,0.9935289621353149,40.6875,Healthy,98.68
08:15:10,226.57745361328125,0.667858898639679,0.993933916091919,40.6875,Healthy,98.68
08:15:12,226.57745361328125,0.6222326159477234,0.9821663498878479,40.6875,Healthy,98.68
08:15:14,226.25331115722656,0.8875198364257812,0.9899032115936279,40.6875,Healthy,98.68
08:15:15,226.25331115722656,0.6485569477081299,0.986639142036438,40.6875,Healthy,98.68
08:15:17,227.5498809814453,0.6041973829269409,0.9930352568626404,40.625,Healthy,98.68
08:15:19,227.5498809814453,0.5893409252166748,0.9894094467163086,40.625,Healthy,98.68
08:15:21,225.92913818359375,0.8482372760772705,0.9938527345657349,40.625,Healthy,98.68
08:15:22,226.901611328125,0.6253097653388977,0.9868201017379761,40.625,Healthy,98.68
08:15:24,227.2257537841797,1.1793020963668823,0.9834995269775391,40.6875,Healthy,98.68
08:15:26,226.57745361328125,0.6338750123977661,0.9830426573753357,40.625,Healthy,98.68
08:15:27,226.901611328125,0.6898058652877808,0.9862679839134216,40.625,Healthy,98.68
08:15:29,227.5498809814453,0.5958191156387329,0.9847277402877808,40.625,Healthy,98.68
08:15:31,227.5498809814453,1.1323291063308716,0.9867556691169739,40.625,Healthy,98.68
08:15:33,227.2257537841797,0.7026711106300354,0.9878179430961609,40.5625,Healthy,98.68
08:15:34,227.2257537841797,0.6716799736022949,0.988236665725708,40.5,Healthy,98.68
08:15:36,226.57745361328125,0.6712716221809387,0.9913772940635681,40.5625,Healthy,98.68
08:15:38,226.901611328125,0.628517210483551,0.982538640499115,40.5,Healthy,98.68
08:15:39,226.901611328125,0.6378996968269348,0.9891023635864258,40.5625,Healthy,98.68
08:15:41,227.5498809814453,0.6561229825019836,0.9852681756019592,40.5625,Healthy,98.68
08:15:43,227.2257537841797,0.5898060202598572,0.9851114153862,40.5,Healthy,98.68
08:15:45,227.2257537841797,0.6225263476371765,0.9949688911437988,40.5,Healthy,98.68
08:15:46,226.57745361328125,0.6347396373748779,0.991518497467041,40.5625,Healthy,98.68
08:15:48,226.25331115722656,0.564790666103363,0.988949716091156,40.5625,Healthy,98.68
08:15:50,226.25331115722656,0.67629075050354,0.991403341293335,40.5,Healthy,98.68
08:15:51,226.57745361328125,0.65249103307724,0.990108072757721,40.5,Healthy,98.68
08:15:53,226.57745361328125,0.569945752620697,0.9923149347305298,40.5,Healthy,98.68
08:15:55,224.9567413330078,1.2724277973175049,0.9817204475402832,40.4375,Healthy,98.68
08:15:57,226.901611328125,0.6067636013031006,0.9869350790977478,40.4375,Healthy,98.68
08:15:58,227.2257537841797,0.6299697756767273,0.9949533939361572,40.4375,Healthy,98.68
08:16:00,225.60504150390625,1.1675403118133545,0.9841123819351196,40.375,Healthy,98.68
08:16:02,227.2257537841797,0.6474285125732422,0.9903071522712708,40.4375,Healthy,98.68
08:16:04,226.57745361328125,0.6386157274246216,0.9858707189559937,40.375,Healthy,98.68
08:16:05,224.9567413330078,0.6217917799949646,0.9888700246810913,40.3125,Healthy,98.68
08:16:07,226.901611328125,0.7183651328086853,0.990207850933075,40.3125,Healthy,98.68
08:16:09,225.92913818359375,0.6189925670623779,0.9827512502670288,40.375,Healthy,98.68
08:16:10,225.92913818359375,0.6306948065757751,0.9912583827972412,40.375,Healthy,98.68
08:16:12,227.2257537841797,0.5918171405792236,0.9842738509178162,40.3125,Healthy,98.68
08:16:14,226.25331115722656,0.6264780163764954,0.9911022782325745,40.3125,Healthy,98.68
08:16:16,226.901611328125,0.609169065952301,0.9841488003730774,40.3125,Healthy,98.68
08:16:17,226.901611328125,0.594897985458374,0.9907717704772949,40.25,Healthy,99.26
08:16:19,226.25331115722656,0.8569208979606628,0.9929087162017822,40.25,Healthy,99.26
08:16:21,226.25331115722656,0.5863867998123169,0.9921742677688599,40.25,Healthy,99.26
08:16:22,225.60504150390625,0.6306948065757751,0.9911876916885376,40.25,Healthy,99.26
08:16:24,224.63259887695312,0.6028343439102173,0.986869752407074,40.1875,Healthy,99.26
08:16:26,225.60504150390625,0.776923656463623,0.9931902289390564,40.1875,Healthy,99.26
08:16:28,225.60504150390625,1.404496431350708,0.9868412017822266,40.1875,Healthy,99.26
08:16:29,225.92913818359375,0.6111164689064026,0.9891846776008606,40.1875,Healthy,99.26
08:16:31,223.0118408203125,1.3416578769683838,0.9936760067939758,40.1875,Healthy,99.26
08:16:33,226.57745361328125,0.5846697092056274,0.9860672354698181,40.125,Healthy,99.26
08:16:34,226.57745361328125,0.6397596597671509,0.9935722351074219,40.125,Healthy,99.26
08:16:36,226.901611328125,0.5919715762138367,0.9905062913894653,40.0625,Healthy,99.26
08:16:38,225.92913818359375,0.6324314475059509,0.9886155128479004,40.125,Healthy,99.26
08:16:40,227.5498809814453,0.81190025806427,0.990491509437561,40.1875,Healthy,99.26
08:16:41,227.2257537841797,0.6111164689064026,0.9932008385658264,40.0625,Healthy,99.26
08:16:43,227.2257537841797,0.6229666471481323,0.9898726344108582,40.0625,Healthy,99.26
08:16:45,226.901611328125,0.974126398563385,0.9886734485626221,40.125,Healthy,99.26
08:16:46,225.28089904785156,0.6025310754776001,0.9961476922035217,40.125,Healthy,99.26
08:16:48,227.2257537841797,0.6026827096939087,0.9868791699409485,40.0625,Healthy,99.26
08:16:50,227.2257537841797,0.6764259338378906,0.9891149401664734,40.0625,Healthy,99.26
08:16:52,226.57745361328125,0.6007079482078552,0.9807280898094177,40.0625,Healthy,99.26
08:16:53,226.57745361328125,0.606914222240448,0.9848795533180237,40.0625,Healthy,99.26
08:16:55,226.901611328125,0.5958191156387329,0.9876443147659302,40.0625,Healthy,99.26
08:16:57,226.57745361328125,0.653191089630127,0.9836139678955078,40.0,Healthy,99.26
08:16:58,225.92913818359375,0.6234066486358643,0.991032600402832,40.0,Healthy,99.26
08:17:00,226.25331115722656,0.7748031616210938,0.9805485010147095,39.9375,Healthy,99.26
08:17:02,224.3084259033203,1.4640798568725586,0.984685480594635,40.0,Healthy,99.26
08:17:04,225.92913818359375,0.6341633796691895,0.9892928600311279,39.9375,Healthy,99.26
08:17:05,226.25331115722656,0.6321423649787903,0.9899833798408508,39.9375,Healthy,99.26
08:17:07,226.25331115722656,0.601923942565918,0.9884042143821716,39.9375,Healthy,99.26
08:17:09,225.92913818359375,0.791261613368988,0.9874118566513062,39.875,Healthy,99.26
08:17:10,225.92913818359375,0.5877879858016968,0.9825496673583984,39.9375,Healthy,99.26
08:17:12,226.25331115722656,0.6130577325820923,0.9897292852401733,39.875,Healthy,99.26
08:17:14,225.60504150390625,0.613355815410614,0.9800375699996948,39.875,Healthy,99.26
08:17:16,226.57745361328125,0.6669002175331116,0.9927986264228821,39.8125,Healthy,99.26
08:17:17,226.57745361328125,0.5854508280754089,0.9926022291183472,39.8125,Healthy,99.26
08:17:19,226.25331115722656,0.635890543460846,0.9866579174995422,39.875,Healthy,99.26
08:17:21,226.57745361328125,0.6667631268501282,0.9830735921859741,39.8125,Healthy,99.26
08:17:22,225.92913818359375,0.6670372486114502,0.988831639289856,39.8125,Healthy,99.26
08:17:24,226.57745361328125,0.6591805815696716,0.9893844723701477,39.8125,Healthy,99.26
08:17:26,226.25331115722656,0.6640158891677856,0.9839853644371033,39.8125,Healthy,99.26
08:17:28,227.2257537841797,0.6007079482078552,0.9873741269111633,39.8125,Healthy,99.26
08:17:29,226.57745361328125,0.6351714730262756,0.9846265912055969,39.75,Healthy,99.26
08:17:31,226.57745361328125,0.6682693362236023,0.9908210039138794,39.8125,Healthy,99.26
08:17:33,226.57745361328125,0.8014762997627258,0.9857572913169861,39.75,Healthy,99.26
